12,-3,C3gBd7dim7Lc1e4FUgrFkv5bXYg=,h4Lykq0er9Xdn/TiFPtbHQTsSLo=
12,-2,C3gBd7dim7Lc1e4FUgrFkv5bXYg=,KAdigZY0Ck/dmbnAYymikBkbSAY=
12,-1,C3gBd7dim7Lc1e4FUgrFkv5bXYg=,z1mLiw/ankD4Rfib9fhBGW2Z3dU=
12,-4,C3gBd7dim7Lc1e4FUgrFkv5bXYg=,Y+eF2ZdjMV5+zjSrDJJQAAv9qVo=
12,-5,SVxmWFAZivLg2Z0D6UI8jXfj6A8=,e/xUtpOQYpklWaMfrPUjc9QrlSs=
11,-5,SVxmWFAZivLg2Z0D6UI8jXfj6A8=,ZWU0hG67mA/VscokqTYybMS0zco=
11,-6,SVxmWFAZivLg2Z0D6UI8jXfj6A8=,EuggKPPoHCgp4v0MivlvU/1CC8U=
11,-1,SVxmWFAZivLg2Z0D6UI8jXfj6A8=,M0TbFWqzjN4VtfPmyyzVtYOivDI=
11,-2,SVxmWFAZivLg2Z0D6UI8jXfj6A8=,M0TbFWqzjN4VtfPmyyzVtYOivDI=
11,-3,SVxmWFAZivLg2Z0D6UI8jXfj6A8=,/4kbo3qPx8Ly4Tk/DyYno2ZgVvQ=
11,-4,SVxmWFAZivLg2Z0D6UI8jXfj6A8=,ilpL11a+BP7Df2alIieSDRQyuno=
11,-7,TEAvFGb776Q3wwmhytiNWnhHXTY=,ElNbvhrRKr01oFyEbmrXhMJnNnw=
10,-6,TEAvFGb776Q3wwmhytiNWnhHXTY=,okzAjnvaU2OecgVuOeyaejKAVTI=
10,-5,TEAvFGb776Q3wwmhytiNWnhHXTY=,bhhT7qFAk0E4fgL3mh7wAmy0piM=
10,-8,TEAvFGb776Q3wwmhytiNWnhHXTY=,eJzRhEPE4Sc4XcRQrT2Y/SHrZsw=
10,-7,7+mIZkP2+JMmjdr+kQX6Ch4rnZQ=,2fQql/04z3AIjZMNO1twEbLoXvA=
10,-2,7+mIZkP2+JMmjdr+kQX6Ch4rnZQ=,V1j8jXt+IpjzyUfz0PN6+ODFyHc=
10,-1,7+mIZkP2+JMmjdr+kQX6Ch4rnZQ=,651KmYaktJDpLDG5z0iTWNcwIX4=
10,-4,7+mIZkP2+JMmjdr+kQX6Ch4rnZQ=,651KmYaktJDpLDG5z0iTWNcwIX4=
10,-3,7+mIZkP2+JMmjdr+kQX6Ch4rnZQ=,AZ8FN4eAZxH07IxOXQOZ+50Femg=
9,-7,VJsfUREqNCEM+xUR5XF7zUMugVs=,TT4hPvcoAx+0qSBEhbLpaRSZDbc=
9,-8,VJsfUREqNCEM+xUR5XF7zUMugVs=,O9VMc0Z/ifuzjlPx9sFxF2HX3pI=
9,-5,VJsfUREqNCEM+xUR5XF7zUMugVs=,O9VMc0Z/ifuzjlPx9sFxF2HX3pI=
9,-6,VJsfUREqNCEM+xUR5XF7zUMugVs=,T1nB51tzbFu4EdSyqYSE+EbxGjQ=
9,-3,VJsfUREqNCEM+xUR5XF7zUMugVs=,L76Paj+RsGmMxZOdv7Kn+KsltQE=
9,-4,VJsfUREqNCEM+xUR5XF7zUMugVs=,WdedUGEqxSezQ00GE6QfcYEk284=
9,-1,g/2+HXxebqqtFx3d5rg9lx/VM/4=,Ad0PiiEWxrqBrt4OaHHuNQ3QlSQ=
9,-2,g/2+HXxebqqtFx3d5rg9lx/VM/4=,gsVH3uPqFeCwc03QfwzoMUko+HQ=
9,-9,g/2+HXxebqqtFx3d5rg9lx/VM/4=,lC3xfMyQe5DvB1SUUFjC1f9WXjI=
9,-10,DgJeJv1x27VEZ9lHo2f3V3lX6JU=,lmheTpx5WvsWqr9ycPsgrQ3QpDI=
8,-8,DgJeJv1x27VEZ9lHo2f3V3lX6JU=,fS4xD/TzVvbD1GKh19O4tLB99+k=
8,-7,DgJeJv1x27VEZ9lHo2f3V3lX6JU=,XJYOxNFt2G1tC1+upoSyAOJcsDw=
8,-6,DgJeJv1x27VEZ9lHo2f3V3lX6JU=,eRt2H6MT9X2r9CV2cLxcyyC+H1k=
8,-5,DgJeJv1x27VEZ9lHo2f3V3lX6JU=,eRt2H6MT9X2r9CV2cLxcyyC+H1k=
8,-4,DgJeJv1x27VEZ9lHo2f3V3lX6JU=,eRt2H6MT9X2r9CV2cLxcyyC+H1k=
8,-3,DgJeJv1x27VEZ9lHo2f3V3lX6JU=,MvE+Zda36ewW63e7uX96zLbv0ng=
8,-2,DgJeJv1x27VEZ9lHo2f3V3lX6JU=,55mgegKcuEory56eBLoAHM0f/Vo=
8,-1,w88wE8X8EE8Qob7VmpM6qlYMy9k=,Y4NQWdGxxtGROXU6lvFEqHKfqzs=
8,-10,w88wE8X8EE8Qob7VmpM6qlYMy9k=,wi2feyb9JdNqqFPoOoyGNxrYJPE=
8,-9,w88wE8X8EE8Qob7VmpM6qlYMy9k=,ObnrJpVv6G7GnWiSl7VHDZwGMcU=
7,-9,OIMHnUlrjtR3fwhEB6nwsJ3870Q=,R00nDqBnXNwxWMXGZrNP3usUGbg=
7,-10,OIMHnUlrjtR3fwhEB6nwsJ3870Q=,ZyqONhrAmYONCHmiRTOTqqnC348=
7,-11,OIMHnUlrjtR3fwhEB6nwsJ3870Q=,bqw9vMF+JNl/qu8lYsfrhY/xdlc=
7,-1,OIMHnUlrjtR3fwhEB6nwsJ3870Q=,YHCzN+rkK92WsYS6XbPSoV82/pE=
7,-2,OIMHnUlrjtR3fwhEB6nwsJ3870Q=,d3ENNXogaYOQTZGxiAdvG13udH0=
7,-3,OIMHnUlrjtR3fwhEB6nwsJ3870Q=,d3ENNXogaYOQTZGxiAdvG13udH0=
7,-4,OIMHnUlrjtR3fwhEB6nwsJ3870Q=,ytL+ARxucVQvgAuHKmtgY7FybLs=
7,-5,NU9UcXYTLeiwJEiEQjpEgozPSC4=,vfRm1IYHmu2qhxXc/+jmdQsATkw=
7,-6,NU9UcXYTLeiwJEiEQjpEgozPSC4=,vfRm1IYHmu2qhxXc/+jmdQsATkw=
7,-7,NU9UcXYTLeiwJEiEQjpEgozPSC4=,oq23G7A/jcJVnk/sG9EhxwZLBNc=
7,-8,NU9UcXYTLeiwJEiEQjpEgozPSC4=,gwNP+7a4OhfBleK+pmjnf4YUIj8=
6,-10,cmR+K2M7kzSSM/6m/UVZ+ldQ9B8=,+sPN1+IXn2POY7BUNB31ct041wQ=
6,-9,cmR+K2M7kzSSM/6m/UVZ+ldQ9B8=,E4oHPMFJ1tLklkqFuPzDjNWms5I=
6,-11,cmR+K2M7kzSSM/6m/UVZ+ldQ9B8=,D7rBmcywOGHrzm0BYJZQp3opMsE=
6,-2,cmR+K2M7kzSSM/6m/UVZ+ldQ9B8=,D7rBmcywOGHrzm0BYJZQp3opMsE=
6,-1,cmR+K2M7kzSSM/6m/UVZ+ldQ9B8=,R7E4eoi3E4HdA5yv/JwhC1E12sY=
6,-4,psiuqu1wa3cvUVWisIMC7fjvavA=,R7E4eoi3E4HdA5yv/JwhC1E12sY=
6,-3,psiuqu1wa3cvUVWisIMC7fjvavA=,R7E4eoi3E4HdA5yv/JwhC1E12sY=
6,-6,psiuqu1wa3cvUVWisIMC7fjvavA=,VOSJUTy71zXvsOYmwBzKPQRQuZM=
6,-5,psiuqu1wa3cvUVWisIMC7fjvavA=,VOSJUTy71zXvsOYmwBzKPQRQuZM=
6,-8,psiuqu1wa3cvUVWisIMC7fjvavA=,RHg/7b/1ExMGC4a9EARCrbn4xz8=
6,-7,psiuqu1wa3cvUVWisIMC7fjvavA=,Ht1D4M/k7QMEaV1m6p+Iu6SdwHo=
6,-12,psiuqu1wa3cvUVWisIMC7fjvavA=,qpEVANrx/Vp6PlYzcdfzumuyBmQ=
5,-11,4oB7p8Kas3FJGz9Vc1rahx/FPj0=,5d6hFNIuMQoeiL7DmX1m9zmKOVw=
5,-12,4oB7p8Kas3FJGz9Vc1rahx/FPj0=,D5QNMKFCuyrH54XsLZ0FFJUn0hU=
5,-9,4oB7p8Kas3FJGz9Vc1rahx/FPj0=,tg7Wx4AqVzrVQOEwzlb71ePZxYo=
5,-10,4oB7p8Kas3FJGz9Vc1rahx/FPj0=,tg7Wx4AqVzrVQOEwzlb71ePZxYo=
5,-3,4oB7p8Kas3FJGz9Vc1rahx/FPj0=,eB8iAZ5KNQ4qnD5z0ZyjyNY427I=
5,-4,4oB7p8Kas3FJGz9Vc1rahx/FPj0=,z454fy5u916Ynunk5d5g9vEeb8c=
5,-1,FF3JTKH8o7eKT2WUPtxT3xYnq68=,z454fy5u916Ynunk5d5g9vEeb8c=
5,-2,FF3JTKH8o7eKT2WUPtxT3xYnq68=,/Tmlwv8UZeFgdxZV3qcibVvgEAY=
5,-7,FF3JTKH8o7eKT2WUPtxT3xYnq68=,zDNbW6rH0D92h0Z37hZT+nG1/jI=
5,-8,FF3JTKH8o7eKT2WUPtxT3xYnq68=,zDNbW6rH0D92h0Z37hZT+nG1/jI=
5,-5,FF3JTKH8o7eKT2WUPtxT3xYnq68=,VYe2Ew8E5nbIrM/Dz5YLYtCLLUA=
5,-6,FF3JTKH8o7eKT2WUPtxT3xYnq68=,5znZjhI6RU2hS1+JIdOg4fGbqes=
4,-12,wQ7NAB4YUY3kwyuyKrOqXIkQoEQ=,mJFEjf3w6NXhBmCkWu/PJRJi+zY=
4,-11,wQ7NAB4YUY3kwyuyKrOqXIkQoEQ=,NdpiclZhulfeWdJhQT9JQgxr2vQ=
4,-10,wQ7NAB4YUY3kwyuyKrOqXIkQoEQ=,Km02m0r0zYd/mmpVHWnWyhVel4I=
4,-9,wQ7NAB4YUY3kwyuyKrOqXIkQoEQ=,Km02m0r0zYd/mmpVHWnWyhVel4I=
4,-4,InzxrL5VU+da0n9uZXdCR2lXruw=,5fO0+NgQA/XQrqaQHEG8ZiXdCyc=
4,-3,InzxrL5VU+da0n9uZXdCR2lXruw=,pzvKprLS7AXevri+XhHuVU//OHQ=
4,-2,InzxrL5VU+da0n9uZXdCR2lXruw=,pzvKprLS7AXevri+XhHuVU//OHQ=
4,-1,InzxrL5VU+da0n9uZXdCR2lXruw=,2G0zQwWPwarCwWXYcXRdSGtk20U=
4,-8,InzxrL5VU+da0n9uZXdCR2lXruw=,Kl4EZ1awC8p1xYwnm5d/vQfzNaw=
4,-7,InzxrL5VU+da0n9uZXdCR2lXruw=,MpaJ3ZeJbjJ+/FJt5sR5n4q512Q=
4,-6,InzxrL5VU+da0n9uZXdCR2lXruw=,4PIhB06DDgeJTk0Gp5KSyfWcAxU=
4,-5,InzxrL5VU+da0n9uZXdCR2lXruw=,4PIhB06DDgeJTk0Gp5KSyfWcAxU=
4,-13,kT5M47Hc7lMpgWImEjkR4pnr2v4=,/zunCikE9rvx0wdm+/PqGcEkR28=
3,-13,0dQp1in0/pOxZ4wxuV0V04hrFmU=,AFVQVL5HB/WoSbdwn9TlRCbQNXY=
3,-9,0dQp1in0/pOxZ4wxuV0V04hrFmU=,cQYgFQlHck25L6Cy/F7KjG6jz/0=
3,-10,0dQp1in0/pOxZ4wxuV0V04hrFmU=,cQYgFQlHck25L6Cy/F7KjG6jz/0=
3,-11,0dQp1in0/pOxZ4wxuV0V04hrFmU=,V20cA5zbsrgSy1x7EE3GdE0mt8E=
3,-12,0dQp1in0/pOxZ4wxuV0V04hrFmU=,RboooMzfyf0S99MPsvidP+kGFV0=
3,-5,0dQp1in0/pOxZ4wxuV0V04hrFmU=,RboooMzfyf0S99MPsvidP+kGFV0=
3,-6,0dQp1in0/pOxZ4wxuV0V04hrFmU=,WEADzdRQfIw1ZBCc4rrIeg/uoOM=
3,-7,0dQp1in0/pOxZ4wxuV0V04hrFmU=,JSDxw3sz/FOyFPErOpAtSPDV2Y8=
3,-8,jE2MKD8RVEUCMHSSCutcYqIxcyg=,9JRfSLRygbYlXw21u3Irziv+Pqw=
3,-1,jE2MKD8RVEUCMHSSCutcYqIxcyg=,mAA/PKtHDSumtOXIbRRouoPid3Y=
3,-2,jE2MKD8RVEUCMHSSCutcYqIxcyg=,K2EsION3PagFXBP3XNLzZ804zhc=
3,-3,jE2MKD8RVEUCMHSSCutcYqIxcyg=,/dRIxKOZ0U/Pn54pV0v072SEYPE=
3,-4,jE2MKD8RVEUCMHSSCutcYqIxcyg=,vxeWdewjVtzFpKfYUD/NJYO9kDQ=
2,-13,G/3+2KuHVYrD64YOoOowmJI+UYw=,ejSM0ucCpNTbOc0UTscnj7ls9oM=
2,-10,G/3+2KuHVYrD64YOoOowmJI+UYw=,my0nQ1kTxnu0Tw+Y/FXjknjRE+w=
2,-9,JKtN2RArn4Xw61H5DSaNcFM6uto=,r94GdvYJcPMvvUoytkyym1PpiCU=
2,-12,JKtN2RArn4Xw61H5DSaNcFM6uto=,r94GdvYJcPMvvUoytkyym1PpiCU=
2,-11,JKtN2RArn4Xw61H5DSaNcFM6uto=,xkaHXlXj6RFuE8nLfCa6KxieFF0=
2,-6,JKtN2RArn4Xw61H5DSaNcFM6uto=,Ack2EzQh7WC+b9EEnO2BckZh3gg=
2,-5,JKtN2RArn4Xw61H5DSaNcFM6uto=,Ack2EzQh7WC+b9EEnO2BckZh3gg=
2,-8,JKtN2RArn4Xw61H5DSaNcFM6uto=,ZIQb4ukAjgz1OSlMmUfN4evfzV0=
2,-7,JKtN2RArn4Xw61H5DSaNcFM6uto=,ZWXz1WJRUUkWXYpOq4WiO1n1WF4=
2,-2,JKtN2RArn4Xw61H5DSaNcFM6uto=,i6U6MdJjpVTXC3K+LgSUBWI2kww=
2,-1,JKtN2RArn4Xw61H5DSaNcFM6uto=,Idtg7t0jIG8+u70QVIg8I7GaLvg=
2,-4,Xfmy2YNn2s0EJzTJDm9r3IuFo1Q=,Idtg7t0jIG8+u70QVIg8I7GaLvg=
2,-3,Xfmy2YNn2s0EJzTJDm9r3IuFo1Q=,fxrgFs8hc7F1SfUJwRb5CrcO+DU=
1,-13,2akUdYwyy24X45dwoF4MBcj4C0I=,Lot/n9ri7z+zaPmLXyfoj2BpktY=
1,-11,2akUdYwyy24X45dwoF4MBcj4C0I=,dOD8nvcXxZka6nZAc0YSm7bl7Hc=
1,-12,2akUdYwyy24X45dwoF4MBcj4C0I=,oDv0U4vVNvVbbwyOvQoyN2nP3hw=
1,-9,2akUdYwyy24X45dwoF4MBcj4C0I=,nv8i2olmPqShJB0Ri0WNtA+PHrs=
1,-10,2akUdYwyy24X45dwoF4MBcj4C0I=,GqcZTMDXJMJCovPwGNMfFXfxZfQ=
1,-7,2akUdYwyy24X45dwoF4MBcj4C0I=,GqcZTMDXJMJCovPwGNMfFXfxZfQ=
1,-8,4VQYqHCbuc1GT7u7eAQ3VsSAbXo=,lqCXCnMKoKc6H2i90UMH1DDTQZI=
1,-5,4VQYqHCbuc1GT7u7eAQ3VsSAbXo=,NhdoDL1J+bWLaIMck8czy3vaGZ8=
1,-6,4VQYqHCbuc1GT7u7eAQ3VsSAbXo=,NhdoDL1J+bWLaIMck8czy3vaGZ8=
1,-3,4VQYqHCbuc1GT7u7eAQ3VsSAbXo=,MTkSiM18vBQPo3YSzfKeM53IRXo=
1,-4,4VQYqHCbuc1GT7u7eAQ3VsSAbXo=,MTkSiM18vBQPo3YSzfKeM53IRXo=
1,-1,4VQYqHCbuc1GT7u7eAQ3VsSAbXo=,SAQ8GmriSD96q5aGv2bdmxaapIg=
1,-2,4VQYqHCbuc1GT7u7eAQ3VsSAbXo=,Zvl+32dv8FgmmTn1ruS8v9WFeSU=
0,-13,cFZ6wGmRH8vkJDwZRAxxv36Cp1k=,7zMl6NKtvJ3kUVNA++f1cdNWegk=
0,-12,cFZ6wGmRH8vkJDwZRAxxv36Cp1k=,QuOwehy2OL0aKgwYpIYIpPYzl+I=
0,-11,cFZ6wGmRH8vkJDwZRAxxv36Cp1k=,xiMErSQRFzSInUE/2U9QS3nsRcc=
0,-10,cFZ6wGmRH8vkJDwZRAxxv36Cp1k=,yXhingnyrXFGlwXDyLTZO32k25U=
0,-9,cFZ6wGmRH8vkJDwZRAxxv36Cp1k=,rVDePcdorR8Q41RGpP6fU9DkkeA=
0,-8,cFZ6wGmRH8vkJDwZRAxxv36Cp1k=,3pRroQ4un9/btH8jtvCAtsiFT/E=
0,-7,cFZ6wGmRH8vkJDwZRAxxv36Cp1k=,saQ3V56awU227PP52ElBHvufxeA=
0,-6,cFZ6wGmRH8vkJDwZRAxxv36Cp1k=,e77jD84NWt1v1helJ/08lVkyOxo=
0,-5,l5Szf9xdHfcnMB1q7PPzOQbsykw=,NVk2nVgamqyqyIYcHPMDHp/rAI4=
0,-4,l5Szf9xdHfcnMB1q7PPzOQbsykw=,TEk8eEWwbSr/TjuLWEMXxNUsgFc=
0,-3,l5Szf9xdHfcnMB1q7PPzOQbsykw=,TEk8eEWwbSr/TjuLWEMXxNUsgFc=
0,-2,l5Szf9xdHfcnMB1q7PPzOQbsykw=,EIqTTNHokPl6gyJEV576bDiceDo=
0,-1,l5Szf9xdHfcnMB1q7PPzOQbsykw=,fypizciKsV2Ff5+/1zivAuPiwyo=
