-11,-37,D5gSj6MpH7scNRCH4Arq+Ywk0Io=,EISuDE9PgycDBnBwzOc7aHGQTZI=
-14,-38,umWeg0sf7GY41423bKgWAWX0tZg=,66JQjA8YKRJNM38bQbY0CqCpYg4=
-11,-36,umWeg0sf7GY41423bKgWAWX0tZg=,KotNAHOc19AwY2CuzqxzRiUg7OI=
-11,-38,umWeg0sf7GY41423bKgWAWX0tZg=,EISuDE9PgycDBnBwzOc7aHGQTZI=
-13,-38,umWeg0sf7GY41423bKgWAWX0tZg=,66JQjA8YKRJNM38bQbY0CqCpYg4=
-13,-37,umWeg0sf7GY41423bKgWAWX0tZg=,66JQjA8YKRJNM38bQbY0CqCpYg4=
-14,-37,AVWvK3ENRWyJpaqq6ffpVUj+FSk=,66JQjA8YKRJNM38bQbY0CqCpYg4=
-12,-37,CltD5s2R9cKGyzKeSZKfOxt8tAE=,EISuDE9PgycDBnBwzOc7aHGQTZI=
-12,-35,CltD5s2R9cKGyzKeSZKfOxt8tAE=,KotNAHOc19AwY2CuzqxzRiUg7OI=
-11,-35,CltD5s2R9cKGyzKeSZKfOxt8tAE=,KotNAHOc19AwY2CuzqxzRiUg7OI=
-12,-38,Qzjz7ensRWtv8ZfbgjVDzoEyzdk=,EISuDE9PgycDBnBwzOc7aHGQTZI=
-13,-35,Qzjz7ensRWtv8ZfbgjVDzoEyzdk=,7gzTjdlKH7Qt72khumh1aZ+GjxY=
-12,-36,Qzjz7ensRWtv8ZfbgjVDzoEyzdk=,KotNAHOc19AwY2CuzqxzRiUg7OI=
-14,-36,Qzjz7ensRWtv8ZfbgjVDzoEyzdk=,7gzTjdlKH7Qt72khumh1aZ+GjxY=
-13,-36,Qzjz7ensRWtv8ZfbgjVDzoEyzdk=,7gzTjdlKH7Qt72khumh1aZ+GjxY=
-14,-35,Qzjz7ensRWtv8ZfbgjVDzoEyzdk=,7gzTjdlKH7Qt72khumh1aZ+GjxY=
-13,-42,zrGTsqY4hCLO0JChH5wvlUYa9oI=,66JQjA8YKRJNM38bQbY0CqCpYg4=
-13,-41,zrGTsqY4hCLO0JChH5wvlUYa9oI=,66JQjA8YKRJNM38bQbY0CqCpYg4=
-14,-42,zrGTsqY4hCLO0JChH5wvlUYa9oI=,66JQjA8YKRJNM38bQbY0CqCpYg4=
-12,-41,zrGTsqY4hCLO0JChH5wvlUYa9oI=,EISuDE9PgycDBnBwzOc7aHGQTZI=
-14,-41,zrGTsqY4hCLO0JChH5wvlUYa9oI=,66JQjA8YKRJNM38bQbY0CqCpYg4=
-13,-39,zrGTsqY4hCLO0JChH5wvlUYa9oI=,66JQjA8YKRJNM38bQbY0CqCpYg4=
-14,-39,zrGTsqY4hCLO0JChH5wvlUYa9oI=,66JQjA8YKRJNM38bQbY0CqCpYg4=
-13,-40,zrGTsqY4hCLO0JChH5wvlUYa9oI=,66JQjA8YKRJNM38bQbY0CqCpYg4=
-14,-40,yVp5i2WzPmeExTKPyI8TD5/1mZI=,66JQjA8YKRJNM38bQbY0CqCpYg4=
-11,-39,yVp5i2WzPmeExTKPyI8TD5/1mZI=,EISuDE9PgycDBnBwzOc7aHGQTZI=
-12,-39,yVp5i2WzPmeExTKPyI8TD5/1mZI=,EISuDE9PgycDBnBwzOc7aHGQTZI=
-12,-42,yVp5i2WzPmeExTKPyI8TD5/1mZI=,EISuDE9PgycDBnBwzOc7aHGQTZI=
-12,-40,yVp5i2WzPmeExTKPyI8TD5/1mZI=,EISuDE9PgycDBnBwzOc7aHGQTZI=
-11,-40,MkyGFASCFuDzpMei0i4+KgrPet4=,EISuDE9PgycDBnBwzOc7aHGQTZI=
-11,-41,MKNAya1dEnmFQagsB5/2LMbEap8=,EISuDE9PgycDBnBwzOc7aHGQTZI=
-11,-42,j6Wa1q+Aq5NAewjkjg77Kc3R3R8=,EISuDE9PgycDBnBwzOc7aHGQTZI=
-7,-45,j6Wa1q+Aq5NAewjkjg77Kc3R3R8=,zB9llgqjl6CjMPQ51D7o0zyMFfA=
-8,-45,j6Wa1q+Aq5NAewjkjg77Kc3R3R8=,zB9llgqjl6CjMPQ51D7o0zyMFfA=
-8,-46,eFS0ZExUaMHjau1YisG0DnKSph4=,zB9llgqjl6CjMPQ51D7o0zyMFfA=
-13,-44,eFS0ZExUaMHjau1YisG0DnKSph4=,66JQjA8YKRJNM38bQbY0CqCpYg4=
-10,-43,1I8V05tKZC7aavYh2fvXeYRZwws=,EISuDE9PgycDBnBwzOc7aHGQTZI=
-9,-44,1I8V05tKZC7aavYh2fvXeYRZwws=,EISuDE9PgycDBnBwzOc7aHGQTZI=
-13,-43,1I8V05tKZC7aavYh2fvXeYRZwws=,66JQjA8YKRJNM38bQbY0CqCpYg4=
-9,-43,N9ddFUowiay+FOxRMxMIxjXAu9c=,EISuDE9PgycDBnBwzOc7aHGQTZI=
-8,-44,N9ddFUowiay+FOxRMxMIxjXAu9c=,zB9llgqjl6CjMPQ51D7o0zyMFfA=
-8,-43,N9ddFUowiay+FOxRMxMIxjXAu9c=,zB9llgqjl6CjMPQ51D7o0zyMFfA=
-14,-43,N9ddFUowiay+FOxRMxMIxjXAu9c=,66JQjA8YKRJNM38bQbY0CqCpYg4=
-14,-44,N9ddFUowiay+FOxRMxMIxjXAu9c=,66JQjA8YKRJNM38bQbY0CqCpYg4=
-10,-46,N9ddFUowiay+FOxRMxMIxjXAu9c=,EISuDE9PgycDBnBwzOc7aHGQTZI=
-10,-44,N9ddFUowiay+FOxRMxMIxjXAu9c=,EISuDE9PgycDBnBwzOc7aHGQTZI=
-7,-46,N9ddFUowiay+FOxRMxMIxjXAu9c=,zB9llgqjl6CjMPQ51D7o0zyMFfA=
-12,-44,N9ddFUowiay+FOxRMxMIxjXAu9c=,EISuDE9PgycDBnBwzOc7aHGQTZI=
-7,-44,N9ddFUowiay+FOxRMxMIxjXAu9c=,zB9llgqjl6CjMPQ51D7o0zyMFfA=
-14,-46,N9ddFUowiay+FOxRMxMIxjXAu9c=,66JQjA8YKRJNM38bQbY0CqCpYg4=
-11,-43,N9ddFUowiay+FOxRMxMIxjXAu9c=,EISuDE9PgycDBnBwzOc7aHGQTZI=
-9,-46,N9ddFUowiay+FOxRMxMIxjXAu9c=,EISuDE9PgycDBnBwzOc7aHGQTZI=
-12,-43,N9ddFUowiay+FOxRMxMIxjXAu9c=,EISuDE9PgycDBnBwzOc7aHGQTZI=
-11,-46,N9ddFUowiay+FOxRMxMIxjXAu9c=,EISuDE9PgycDBnBwzOc7aHGQTZI=
-12,-45,N9ddFUowiay+FOxRMxMIxjXAu9c=,EISuDE9PgycDBnBwzOc7aHGQTZI=
-7,-43,N9ddFUowiay+FOxRMxMIxjXAu9c=,zB9llgqjl6CjMPQ51D7o0zyMFfA=
-12,-46,N9ddFUowiay+FOxRMxMIxjXAu9c=,EISuDE9PgycDBnBwzOc7aHGQTZI=
-13,-45,N9ddFUowiay+FOxRMxMIxjXAu9c=,66JQjA8YKRJNM38bQbY0CqCpYg4=
-9,-45,N9ddFUowiay+FOxRMxMIxjXAu9c=,EISuDE9PgycDBnBwzOc7aHGQTZI=
-13,-46,N9ddFUowiay+FOxRMxMIxjXAu9c=,66JQjA8YKRJNM38bQbY0CqCpYg4=
-14,-45,N9ddFUowiay+FOxRMxMIxjXAu9c=,66JQjA8YKRJNM38bQbY0CqCpYg4=
-10,-45,N9ddFUowiay+FOxRMxMIxjXAu9c=,EISuDE9PgycDBnBwzOc7aHGQTZI=
-11,-45,N9ddFUowiay+FOxRMxMIxjXAu9c=,EISuDE9PgycDBnBwzOc7aHGQTZI=
-6,-43,N9ddFUowiay+FOxRMxMIxjXAu9c=,zB9llgqjl6CjMPQ51D7o0zyMFfA=
-5,-45,N9ddFUowiay+FOxRMxMIxjXAu9c=,zB9llgqjl6CjMPQ51D7o0zyMFfA=
-5,-43,N9ddFUowiay+FOxRMxMIxjXAu9c=,zB9llgqjl6CjMPQ51D7o0zyMFfA=
-5,-44,N9ddFUowiay+FOxRMxMIxjXAu9c=,zB9llgqjl6CjMPQ51D7o0zyMFfA=
-6,-45,N9ddFUowiay+FOxRMxMIxjXAu9c=,zB9llgqjl6CjMPQ51D7o0zyMFfA=
-5,-46,N9ddFUowiay+FOxRMxMIxjXAu9c=,zB9llgqjl6CjMPQ51D7o0zyMFfA=
-11,-44,N9ddFUowiay+FOxRMxMIxjXAu9c=,EISuDE9PgycDBnBwzOc7aHGQTZI=
-6,-44,N9ddFUowiay+FOxRMxMIxjXAu9c=,zB9llgqjl6CjMPQ51D7o0zyMFfA=
-4,-44,N9ddFUowiay+FOxRMxMIxjXAu9c=,gLKiohuzK63CnhS+BBb/6VREvRQ=
-3,-45,N9ddFUowiay+FOxRMxMIxjXAu9c=,gLKiohuzK63CnhS+BBb/6VREvRQ=
-3,-44,N9ddFUowiay+FOxRMxMIxjXAu9c=,gLKiohuzK63CnhS+BBb/6VREvRQ=
-3,-43,N9ddFUowiay+FOxRMxMIxjXAu9c=,gLKiohuzK63CnhS+BBb/6VREvRQ=
-4,-43,N9ddFUowiay+FOxRMxMIxjXAu9c=,gLKiohuzK63CnhS+BBb/6VREvRQ=
-4,-46,N9ddFUowiay+FOxRMxMIxjXAu9c=,gLKiohuzK63CnhS+BBb/6VREvRQ=
-6,-46,N9ddFUowiay+FOxRMxMIxjXAu9c=,zB9llgqjl6CjMPQ51D7o0zyMFfA=
-3,-41,N9ddFUowiay+FOxRMxMIxjXAu9c=,gLKiohuzK63CnhS+BBb/6VREvRQ=
-5,-39,N9ddFUowiay+FOxRMxMIxjXAu9c=,zB9llgqjl6CjMPQ51D7o0zyMFfA=
-3,-46,N9ddFUowiay+FOxRMxMIxjXAu9c=,gLKiohuzK63CnhS+BBb/6VREvRQ=
-4,-40,N9ddFUowiay+FOxRMxMIxjXAu9c=,gLKiohuzK63CnhS+BBb/6VREvRQ=
-4,-45,N9ddFUowiay+FOxRMxMIxjXAu9c=,gLKiohuzK63CnhS+BBb/6VREvRQ=
-7,-39,N9ddFUowiay+FOxRMxMIxjXAu9c=,zB9llgqjl6CjMPQ51D7o0zyMFfA=
-4,-42,N9ddFUowiay+FOxRMxMIxjXAu9c=,gLKiohuzK63CnhS+BBb/6VREvRQ=
-9,-42,N9ddFUowiay+FOxRMxMIxjXAu9c=,EISuDE9PgycDBnBwzOc7aHGQTZI=
-4,-39,N9ddFUowiay+FOxRMxMIxjXAu9c=,gLKiohuzK63CnhS+BBb/6VREvRQ=
-8,-42,N9ddFUowiay+FOxRMxMIxjXAu9c=,zB9llgqjl6CjMPQ51D7o0zyMFfA=
-9,-39,N9ddFUowiay+FOxRMxMIxjXAu9c=,EISuDE9PgycDBnBwzOc7aHGQTZI=
-6,-41,N9ddFUowiay+FOxRMxMIxjXAu9c=,zB9llgqjl6CjMPQ51D7o0zyMFfA=
-9,-37,N9ddFUowiay+FOxRMxMIxjXAu9c=,EISuDE9PgycDBnBwzOc7aHGQTZI=
-8,-40,N9ddFUowiay+FOxRMxMIxjXAu9c=,zB9llgqjl6CjMPQ51D7o0zyMFfA=
-10,-40,N9ddFUowiay+FOxRMxMIxjXAu9c=,EISuDE9PgycDBnBwzOc7aHGQTZI=
-6,-39,N9ddFUowiay+FOxRMxMIxjXAu9c=,zB9llgqjl6CjMPQ51D7o0zyMFfA=
-8,-41,N9ddFUowiay+FOxRMxMIxjXAu9c=,zB9llgqjl6CjMPQ51D7o0zyMFfA=
-10,-39,N9ddFUowiay+FOxRMxMIxjXAu9c=,EISuDE9PgycDBnBwzOc7aHGQTZI=
-4,-41,N9ddFUowiay+FOxRMxMIxjXAu9c=,gLKiohuzK63CnhS+BBb/6VREvRQ=
-3,-42,N9ddFUowiay+FOxRMxMIxjXAu9c=,gLKiohuzK63CnhS+BBb/6VREvRQ=
-9,-41,N9ddFUowiay+FOxRMxMIxjXAu9c=,EISuDE9PgycDBnBwzOc7aHGQTZI=
-3,-40,N9ddFUowiay+FOxRMxMIxjXAu9c=,gLKiohuzK63CnhS+BBb/6VREvRQ=
-5,-42,N9ddFUowiay+FOxRMxMIxjXAu9c=,zB9llgqjl6CjMPQ51D7o0zyMFfA=
-7,-41,N9ddFUowiay+FOxRMxMIxjXAu9c=,zB9llgqjl6CjMPQ51D7o0zyMFfA=
-6,-42,N9ddFUowiay+FOxRMxMIxjXAu9c=,zB9llgqjl6CjMPQ51D7o0zyMFfA=
-8,-39,N9ddFUowiay+FOxRMxMIxjXAu9c=,zB9llgqjl6CjMPQ51D7o0zyMFfA=
-5,-41,N9ddFUowiay+FOxRMxMIxjXAu9c=,zB9llgqjl6CjMPQ51D7o0zyMFfA=
-10,-41,N9ddFUowiay+FOxRMxMIxjXAu9c=,EISuDE9PgycDBnBwzOc7aHGQTZI=
-7,-42,N9ddFUowiay+FOxRMxMIxjXAu9c=,zB9llgqjl6CjMPQ51D7o0zyMFfA=
-10,-42,N9ddFUowiay+FOxRMxMIxjXAu9c=,EISuDE9PgycDBnBwzOc7aHGQTZI=
-5,-40,N9ddFUowiay+FOxRMxMIxjXAu9c=,zB9llgqjl6CjMPQ51D7o0zyMFfA=
-9,-38,N9ddFUowiay+FOxRMxMIxjXAu9c=,EISuDE9PgycDBnBwzOc7aHGQTZI=
-7,-38,N9ddFUowiay+FOxRMxMIxjXAu9c=,zB9llgqjl6CjMPQ51D7o0zyMFfA=
-3,-39,N9ddFUowiay+FOxRMxMIxjXAu9c=,gLKiohuzK63CnhS+BBb/6VREvRQ=
-8,-37,N9ddFUowiay+FOxRMxMIxjXAu9c=,zB9llgqjl6CjMPQ51D7o0zyMFfA=
-8,-38,N9ddFUowiay+FOxRMxMIxjXAu9c=,zB9llgqjl6CjMPQ51D7o0zyMFfA=
-9,-40,N9ddFUowiay+FOxRMxMIxjXAu9c=,EISuDE9PgycDBnBwzOc7aHGQTZI=
-7,-40,N9ddFUowiay+FOxRMxMIxjXAu9c=,zB9llgqjl6CjMPQ51D7o0zyMFfA=
-7,-37,N9ddFUowiay+FOxRMxMIxjXAu9c=,zB9llgqjl6CjMPQ51D7o0zyMFfA=
-6,-37,N9ddFUowiay+FOxRMxMIxjXAu9c=,zB9llgqjl6CjMPQ51D7o0zyMFfA=
-8,-35,N9ddFUowiay+FOxRMxMIxjXAu9c=,bI+ZwcoIxMDu9jZ87iQyWtKeiL8=
-10,-35,N9ddFUowiay+FOxRMxMIxjXAu9c=,KotNAHOc19AwY2CuzqxzRiUg7OI=
-10,-36,N9ddFUowiay+FOxRMxMIxjXAu9c=,KotNAHOc19AwY2CuzqxzRiUg7OI=
-10,-38,N9ddFUowiay+FOxRMxMIxjXAu9c=,EISuDE9PgycDBnBwzOc7aHGQTZI=
-6,-40,N9ddFUowiay+FOxRMxMIxjXAu9c=,zB9llgqjl6CjMPQ51D7o0zyMFfA=
-7,-36,N9ddFUowiay+FOxRMxMIxjXAu9c=,bI+ZwcoIxMDu9jZ87iQyWtKeiL8=
-10,-37,N9ddFUowiay+FOxRMxMIxjXAu9c=,EISuDE9PgycDBnBwzOc7aHGQTZI=
-16,-38,N9ddFUowiay+FOxRMxMIxjXAu9c=,66JQjA8YKRJNM38bQbY0CqCpYg4=
-8,-36,N9ddFUowiay+FOxRMxMIxjXAu9c=,bI+ZwcoIxMDu9jZ87iQyWtKeiL8=
-8,-33,N9ddFUowiay+FOxRMxMIxjXAu9c=,bI+ZwcoIxMDu9jZ87iQyWtKeiL8=
-11,-34,N9ddFUowiay+FOxRMxMIxjXAu9c=,KotNAHOc19AwY2CuzqxzRiUg7OI=
-12,-34,N9ddFUowiay+FOxRMxMIxjXAu9c=,KotNAHOc19AwY2CuzqxzRiUg7OI=
-6,-38,N9ddFUowiay+FOxRMxMIxjXAu9c=,zB9llgqjl6CjMPQ51D7o0zyMFfA=
-16,-40,N9ddFUowiay+FOxRMxMIxjXAu9c=,66JQjA8YKRJNM38bQbY0CqCpYg4=
-5,-37,N9ddFUowiay+FOxRMxMIxjXAu9c=,zB9llgqjl6CjMPQ51D7o0zyMFfA=
-16,-39,N9ddFUowiay+FOxRMxMIxjXAu9c=,66JQjA8YKRJNM38bQbY0CqCpYg4=
-9,-35,N9ddFUowiay+FOxRMxMIxjXAu9c=,KotNAHOc19AwY2CuzqxzRiUg7OI=
-15,-40,N9ddFUowiay+FOxRMxMIxjXAu9c=,66JQjA8YKRJNM38bQbY0CqCpYg4=
-15,-39,N9ddFUowiay+FOxRMxMIxjXAu9c=,66JQjA8YKRJNM38bQbY0CqCpYg4=
-10,-34,N9ddFUowiay+FOxRMxMIxjXAu9c=,KotNAHOc19AwY2CuzqxzRiUg7OI=
-16,-42,N9ddFUowiay+FOxRMxMIxjXAu9c=,66JQjA8YKRJNM38bQbY0CqCpYg4=
-7,-35,N9ddFUowiay+FOxRMxMIxjXAu9c=,bI+ZwcoIxMDu9jZ87iQyWtKeiL8=
-7,-33,N9ddFUowiay+FOxRMxMIxjXAu9c=,bI+ZwcoIxMDu9jZ87iQyWtKeiL8=
-14,-33,N9ddFUowiay+FOxRMxMIxjXAu9c=,7gzTjdlKH7Qt72khumh1aZ+GjxY=
-13,-33,N9ddFUowiay+FOxRMxMIxjXAu9c=,7gzTjdlKH7Qt72khumh1aZ+GjxY=
-9,-36,N9ddFUowiay+FOxRMxMIxjXAu9c=,KotNAHOc19AwY2CuzqxzRiUg7OI=
-15,-37,N9ddFUowiay+FOxRMxMIxjXAu9c=,66JQjA8YKRJNM38bQbY0CqCpYg4=
-9,-34,N9ddFUowiay+FOxRMxMIxjXAu9c=,KotNAHOc19AwY2CuzqxzRiUg7OI=
-13,-34,N9ddFUowiay+FOxRMxMIxjXAu9c=,7gzTjdlKH7Qt72khumh1aZ+GjxY=
-14,-34,N9ddFUowiay+FOxRMxMIxjXAu9c=,7gzTjdlKH7Qt72khumh1aZ+GjxY=
-15,-38,N9ddFUowiay+FOxRMxMIxjXAu9c=,66JQjA8YKRJNM38bQbY0CqCpYg4=
-16,-43,N9ddFUowiay+FOxRMxMIxjXAu9c=,66JQjA8YKRJNM38bQbY0CqCpYg4=
-16,-36,N9ddFUowiay+FOxRMxMIxjXAu9c=,7gzTjdlKH7Qt72khumh1aZ+GjxY=
-5,-38,N9ddFUowiay+FOxRMxMIxjXAu9c=,zB9llgqjl6CjMPQ51D7o0zyMFfA=
-16,-41,N9ddFUowiay+FOxRMxMIxjXAu9c=,66JQjA8YKRJNM38bQbY0CqCpYg4=
-7,-34,N9ddFUowiay+FOxRMxMIxjXAu9c=,bI+ZwcoIxMDu9jZ87iQyWtKeiL8=
-13,-48,N9ddFUowiay+FOxRMxMIxjXAu9c=,66JQjA8YKRJNM38bQbY0CqCpYg4=
-16,-37,N9ddFUowiay+FOxRMxMIxjXAu9c=,66JQjA8YKRJNM38bQbY0CqCpYg4=
-16,-35,N9ddFUowiay+FOxRMxMIxjXAu9c=,7gzTjdlKH7Qt72khumh1aZ+GjxY=
-11,-33,N9ddFUowiay+FOxRMxMIxjXAu9c=,KotNAHOc19AwY2CuzqxzRiUg7OI=
-15,-43,N9ddFUowiay+FOxRMxMIxjXAu9c=,66JQjA8YKRJNM38bQbY0CqCpYg4=
-12,-33,N9ddFUowiay+FOxRMxMIxjXAu9c=,KotNAHOc19AwY2CuzqxzRiUg7OI=
-11,-48,N9ddFUowiay+FOxRMxMIxjXAu9c=,EISuDE9PgycDBnBwzOc7aHGQTZI=
-11,-47,N9ddFUowiay+FOxRMxMIxjXAu9c=,EISuDE9PgycDBnBwzOc7aHGQTZI=
-12,-48,N9ddFUowiay+FOxRMxMIxjXAu9c=,EISuDE9PgycDBnBwzOc7aHGQTZI=
-9,-33,N9ddFUowiay+FOxRMxMIxjXAu9c=,KotNAHOc19AwY2CuzqxzRiUg7OI=
-10,-48,N9ddFUowiay+FOxRMxMIxjXAu9c=,EISuDE9PgycDBnBwzOc7aHGQTZI=
-14,-48,N9ddFUowiay+FOxRMxMIxjXAu9c=,66JQjA8YKRJNM38bQbY0CqCpYg4=
-15,-35,N9ddFUowiay+FOxRMxMIxjXAu9c=,7gzTjdlKH7Qt72khumh1aZ+GjxY=
-2,-37,N9ddFUowiay+FOxRMxMIxjXAu9c=,gLKiohuzK63CnhS+BBb/6VREvRQ=
-2,-38,N9ddFUowiay+FOxRMxMIxjXAu9c=,gLKiohuzK63CnhS+BBb/6VREvRQ=
-10,-33,N9ddFUowiay+FOxRMxMIxjXAu9c=,KotNAHOc19AwY2CuzqxzRiUg7OI=
-15,-42,N9ddFUowiay+FOxRMxMIxjXAu9c=,66JQjA8YKRJNM38bQbY0CqCpYg4=
-15,-41,N9ddFUowiay+FOxRMxMIxjXAu9c=,66JQjA8YKRJNM38bQbY0CqCpYg4=
-12,-47,N9ddFUowiay+FOxRMxMIxjXAu9c=,EISuDE9PgycDBnBwzOc7aHGQTZI=
-8,-34,N9ddFUowiay+FOxRMxMIxjXAu9c=,bI+ZwcoIxMDu9jZ87iQyWtKeiL8=
-15,-36,N9ddFUowiay+FOxRMxMIxjXAu9c=,7gzTjdlKH7Qt72khumh1aZ+GjxY=
-4,-38,N9ddFUowiay+FOxRMxMIxjXAu9c=,gLKiohuzK63CnhS+BBb/6VREvRQ=
-3,-34,N9ddFUowiay+FOxRMxMIxjXAu9c=,vyBmpCAt1fM6S1WQfFRTAYGmCMQ=
-14,-47,N9ddFUowiay+FOxRMxMIxjXAu9c=,66JQjA8YKRJNM38bQbY0CqCpYg4=
-16,-46,N9ddFUowiay+FOxRMxMIxjXAu9c=,66JQjA8YKRJNM38bQbY0CqCpYg4=
-1,-38,N9ddFUowiay+FOxRMxMIxjXAu9c=,gLKiohuzK63CnhS+BBb/6VREvRQ=
-13,-47,N9ddFUowiay+FOxRMxMIxjXAu9c=,66JQjA8YKRJNM38bQbY0CqCpYg4=
-8,-47,N9ddFUowiay+FOxRMxMIxjXAu9c=,zB9llgqjl6CjMPQ51D7o0zyMFfA=
-1,-37,N9ddFUowiay+FOxRMxMIxjXAu9c=,gLKiohuzK63CnhS+BBb/6VREvRQ=
-10,-47,N9ddFUowiay+FOxRMxMIxjXAu9c=,EISuDE9PgycDBnBwzOc7aHGQTZI=
-2,-36,N9ddFUowiay+FOxRMxMIxjXAu9c=,vyBmpCAt1fM6S1WQfFRTAYGmCMQ=
-3,-36,N9ddFUowiay+FOxRMxMIxjXAu9c=,vyBmpCAt1fM6S1WQfFRTAYGmCMQ=
-16,-44,N9ddFUowiay+FOxRMxMIxjXAu9c=,66JQjA8YKRJNM38bQbY0CqCpYg4=
-6,-35,N9ddFUowiay+FOxRMxMIxjXAu9c=,bI+ZwcoIxMDu9jZ87iQyWtKeiL8=
-9,-47,N9ddFUowiay+FOxRMxMIxjXAu9c=,EISuDE9PgycDBnBwzOc7aHGQTZI=
-5,-36,N9ddFUowiay+FOxRMxMIxjXAu9c=,bI+ZwcoIxMDu9jZ87iQyWtKeiL8=
-7,-47,N9ddFUowiay+FOxRMxMIxjXAu9c=,zB9llgqjl6CjMPQ51D7o0zyMFfA=
-2,-34,N9ddFUowiay+FOxRMxMIxjXAu9c=,vyBmpCAt1fM6S1WQfFRTAYGmCMQ=
-4,-37,N9ddFUowiay+FOxRMxMIxjXAu9c=,gLKiohuzK63CnhS+BBb/6VREvRQ=
-4,-34,N9ddFUowiay+FOxRMxMIxjXAu9c=,vyBmpCAt1fM6S1WQfFRTAYGmCMQ=
-1,-35,N9ddFUowiay+FOxRMxMIxjXAu9c=,vyBmpCAt1fM6S1WQfFRTAYGmCMQ=
-16,-45,N9ddFUowiay+FOxRMxMIxjXAu9c=,66JQjA8YKRJNM38bQbY0CqCpYg4=
-1,-36,N9ddFUowiay+FOxRMxMIxjXAu9c=,vyBmpCAt1fM6S1WQfFRTAYGmCMQ=
-3,-38,N9ddFUowiay+FOxRMxMIxjXAu9c=,gLKiohuzK63CnhS+BBb/6VREvRQ=
-9,-48,N9ddFUowiay+FOxRMxMIxjXAu9c=,EISuDE9PgycDBnBwzOc7aHGQTZI=
-7,-48,N9ddFUowiay+FOxRMxMIxjXAu9c=,zB9llgqjl6CjMPQ51D7o0zyMFfA=
-8,-48,N9ddFUowiay+FOxRMxMIxjXAu9c=,zB9llgqjl6CjMPQ51D7o0zyMFfA=
-2,-35,N9ddFUowiay+FOxRMxMIxjXAu9c=,vyBmpCAt1fM6S1WQfFRTAYGmCMQ=
-1,-34,N9ddFUowiay+FOxRMxMIxjXAu9c=,vyBmpCAt1fM6S1WQfFRTAYGmCMQ=
-4,-36,N9ddFUowiay+FOxRMxMIxjXAu9c=,vyBmpCAt1fM6S1WQfFRTAYGmCMQ=
-3,-37,N9ddFUowiay+FOxRMxMIxjXAu9c=,gLKiohuzK63CnhS+BBb/6VREvRQ=
-6,-33,N9ddFUowiay+FOxRMxMIxjXAu9c=,bI+ZwcoIxMDu9jZ87iQyWtKeiL8=
-15,-46,N9ddFUowiay+FOxRMxMIxjXAu9c=,66JQjA8YKRJNM38bQbY0CqCpYg4=
-15,-45,N9ddFUowiay+FOxRMxMIxjXAu9c=,66JQjA8YKRJNM38bQbY0CqCpYg4=
-6,-34,N9ddFUowiay+FOxRMxMIxjXAu9c=,bI+ZwcoIxMDu9jZ87iQyWtKeiL8=
-15,-44,N9ddFUowiay+FOxRMxMIxjXAu9c=,66JQjA8YKRJNM38bQbY0CqCpYg4=
-4,-33,N9ddFUowiay+FOxRMxMIxjXAu9c=,vyBmpCAt1fM6S1WQfFRTAYGmCMQ=
-6,-36,N9ddFUowiay+FOxRMxMIxjXAu9c=,bI+ZwcoIxMDu9jZ87iQyWtKeiL8=
-6,-48,N9ddFUowiay+FOxRMxMIxjXAu9c=,zB9llgqjl6CjMPQ51D7o0zyMFfA=
-3,-33,N9ddFUowiay+FOxRMxMIxjXAu9c=,vyBmpCAt1fM6S1WQfFRTAYGmCMQ=
-3,-35,N9ddFUowiay+FOxRMxMIxjXAu9c=,vyBmpCAt1fM6S1WQfFRTAYGmCMQ=
-15,-47,N9ddFUowiay+FOxRMxMIxjXAu9c=,66JQjA8YKRJNM38bQbY0CqCpYg4=
-1,-40,N9ddFUowiay+FOxRMxMIxjXAu9c=,gLKiohuzK63CnhS+BBb/6VREvRQ=
-16,-47,N9ddFUowiay+FOxRMxMIxjXAu9c=,66JQjA8YKRJNM38bQbY0CqCpYg4=
-2,-33,N9ddFUowiay+FOxRMxMIxjXAu9c=,vyBmpCAt1fM6S1WQfFRTAYGmCMQ=
-1,-33,N9ddFUowiay+FOxRMxMIxjXAu9c=,vyBmpCAt1fM6S1WQfFRTAYGmCMQ=
-2,-40,N9ddFUowiay+FOxRMxMIxjXAu9c=,gLKiohuzK63CnhS+BBb/6VREvRQ=
-16,-48,N9ddFUowiay+FOxRMxMIxjXAu9c=,66JQjA8YKRJNM38bQbY0CqCpYg4=
-1,-39,N9ddFUowiay+FOxRMxMIxjXAu9c=,gLKiohuzK63CnhS+BBb/6VREvRQ=
-6,-47,N9ddFUowiay+FOxRMxMIxjXAu9c=,zB9llgqjl6CjMPQ51D7o0zyMFfA=
-15,-48,N9ddFUowiay+FOxRMxMIxjXAu9c=,66JQjA8YKRJNM38bQbY0CqCpYg4=
-2,-39,N9ddFUowiay+FOxRMxMIxjXAu9c=,gLKiohuzK63CnhS+BBb/6VREvRQ=
-1,-47,N9ddFUowiay+FOxRMxMIxjXAu9c=,gLKiohuzK63CnhS+BBb/6VREvRQ=
-5,-48,N9ddFUowiay+FOxRMxMIxjXAu9c=,zB9llgqjl6CjMPQ51D7o0zyMFfA=
-1,-48,N9ddFUowiay+FOxRMxMIxjXAu9c=,gLKiohuzK63CnhS+BBb/6VREvRQ=
-4,-35,N9ddFUowiay+FOxRMxMIxjXAu9c=,vyBmpCAt1fM6S1WQfFRTAYGmCMQ=
-5,-33,N9ddFUowiay+FOxRMxMIxjXAu9c=,bI+ZwcoIxMDu9jZ87iQyWtKeiL8=
-2,-45,N9ddFUowiay+FOxRMxMIxjXAu9c=,gLKiohuzK63CnhS+BBb/6VREvRQ=
-1,-45,N9ddFUowiay+FOxRMxMIxjXAu9c=,gLKiohuzK63CnhS+BBb/6VREvRQ=
-2,-41,N9ddFUowiay+FOxRMxMIxjXAu9c=,gLKiohuzK63CnhS+BBb/6VREvRQ=
-5,-35,N9ddFUowiay+FOxRMxMIxjXAu9c=,bI+ZwcoIxMDu9jZ87iQyWtKeiL8=
-5,-34,N9ddFUowiay+FOxRMxMIxjXAu9c=,bI+ZwcoIxMDu9jZ87iQyWtKeiL8=
-3,-48,N9ddFUowiay+FOxRMxMIxjXAu9c=,gLKiohuzK63CnhS+BBb/6VREvRQ=
-5,-47,N9ddFUowiay+FOxRMxMIxjXAu9c=,zB9llgqjl6CjMPQ51D7o0zyMFfA=
-2,-48,N9ddFUowiay+FOxRMxMIxjXAu9c=,gLKiohuzK63CnhS+BBb/6VREvRQ=
-1,-46,N9ddFUowiay+FOxRMxMIxjXAu9c=,gLKiohuzK63CnhS+BBb/6VREvRQ=
-16,-34,N9ddFUowiay+FOxRMxMIxjXAu9c=,7gzTjdlKH7Qt72khumh1aZ+GjxY=
-16,-33,N9ddFUowiay+FOxRMxMIxjXAu9c=,7gzTjdlKH7Qt72khumh1aZ+GjxY=
-4,-48,N9ddFUowiay+FOxRMxMIxjXAu9c=,gLKiohuzK63CnhS+BBb/6VREvRQ=
-1,-42,N9ddFUowiay+FOxRMxMIxjXAu9c=,gLKiohuzK63CnhS+BBb/6VREvRQ=
-2,-42,N9ddFUowiay+FOxRMxMIxjXAu9c=,gLKiohuzK63CnhS+BBb/6VREvRQ=
-15,-33,N9ddFUowiay+FOxRMxMIxjXAu9c=,7gzTjdlKH7Qt72khumh1aZ+GjxY=
-4,-47,N9ddFUowiay+FOxRMxMIxjXAu9c=,gLKiohuzK63CnhS+BBb/6VREvRQ=
-15,-34,N9ddFUowiay+FOxRMxMIxjXAu9c=,7gzTjdlKH7Qt72khumh1aZ+GjxY=
-2,-46,N9ddFUowiay+FOxRMxMIxjXAu9c=,gLKiohuzK63CnhS+BBb/6VREvRQ=
-2,-44,N9ddFUowiay+FOxRMxMIxjXAu9c=,gLKiohuzK63CnhS+BBb/6VREvRQ=
-2,-43,N9ddFUowiay+FOxRMxMIxjXAu9c=,gLKiohuzK63CnhS+BBb/6VREvRQ=
-3,-47,N9ddFUowiay+FOxRMxMIxjXAu9c=,gLKiohuzK63CnhS+BBb/6VREvRQ=
-1,-41,N9ddFUowiay+FOxRMxMIxjXAu9c=,gLKiohuzK63CnhS+BBb/6VREvRQ=
-1,-44,N9ddFUowiay+FOxRMxMIxjXAu9c=,gLKiohuzK63CnhS+BBb/6VREvRQ=
-2,-47,N9ddFUowiay+FOxRMxMIxjXAu9c=,gLKiohuzK63CnhS+BBb/6VREvRQ=
-1,-43,N9ddFUowiay+FOxRMxMIxjXAu9c=,gLKiohuzK63CnhS+BBb/6VREvRQ=
-12,-53,eCWmK3L6r3IcRhR1S+HcFvv7a2c=,EISuDE9PgycDBnBwzOc7aHGQTZI=
-14,-54,eCWmK3L6r3IcRhR1S+HcFvv7a2c=,66JQjA8YKRJNM38bQbY0CqCpYg4=
-13,-53,eCWmK3L6r3IcRhR1S+HcFvv7a2c=,66JQjA8YKRJNM38bQbY0CqCpYg4=
-13,-54,eCWmK3L6r3IcRhR1S+HcFvv7a2c=,66JQjA8YKRJNM38bQbY0CqCpYg4=
-14,-53,eCWmK3L6r3IcRhR1S+HcFvv7a2c=,66JQjA8YKRJNM38bQbY0CqCpYg4=
-11,-54,eCWmK3L6r3IcRhR1S+HcFvv7a2c=,EISuDE9PgycDBnBwzOc7aHGQTZI=
-11,-53,eCWmK3L6r3IcRhR1S+HcFvv7a2c=,EISuDE9PgycDBnBwzOc7aHGQTZI=
-12,-54,eCWmK3L6r3IcRhR1S+HcFvv7a2c=,EISuDE9PgycDBnBwzOc7aHGQTZI=
-13,-51,eCWmK3L6r3IcRhR1S+HcFvv7a2c=,66JQjA8YKRJNM38bQbY0CqCpYg4=
-14,-52,fy2n0nKK4P6t5UFW/44Z5jiyZfg=,66JQjA8YKRJNM38bQbY0CqCpYg4=
-14,-51,fy2n0nKK4P6t5UFW/44Z5jiyZfg=,66JQjA8YKRJNM38bQbY0CqCpYg4=
-13,-52,fy2n0nKK4P6t5UFW/44Z5jiyZfg=,66JQjA8YKRJNM38bQbY0CqCpYg4=
-11,-52,fy2n0nKK4P6t5UFW/44Z5jiyZfg=,EISuDE9PgycDBnBwzOc7aHGQTZI=
-11,-51,fy2n0nKK4P6t5UFW/44Z5jiyZfg=,EISuDE9PgycDBnBwzOc7aHGQTZI=
-12,-52,fy2n0nKK4P6t5UFW/44Z5jiyZfg=,EISuDE9PgycDBnBwzOc7aHGQTZI=
-12,-51,fy2n0nKK4P6t5UFW/44Z5jiyZfg=,EISuDE9PgycDBnBwzOc7aHGQTZI=
-9,-53,fy2n0nKK4P6t5UFW/44Z5jiyZfg=,EISuDE9PgycDBnBwzOc7aHGQTZI=
-9,-54,fy2n0nKK4P6t5UFW/44Z5jiyZfg=,EISuDE9PgycDBnBwzOc7aHGQTZI=
-10,-54,FlDduVD31af/ffQXcTACwez54UI=,EISuDE9PgycDBnBwzOc7aHGQTZI=
-10,-53,FlDduVD31af/ffQXcTACwez54UI=,EISuDE9PgycDBnBwzOc7aHGQTZI=
-9,-51,FlDduVD31af/ffQXcTACwez54UI=,EISuDE9PgycDBnBwzOc7aHGQTZI=
-9,-52,FlDduVD31af/ffQXcTACwez54UI=,EISuDE9PgycDBnBwzOc7aHGQTZI=
-10,-52,FlDduVD31af/ffQXcTACwez54UI=,EISuDE9PgycDBnBwzOc7aHGQTZI=
-10,-51,FlDduVD31af/ffQXcTACwez54UI=,EISuDE9PgycDBnBwzOc7aHGQTZI=
-7,-54,FlDduVD31af/ffQXcTACwez54UI=,dVyV0yG4rkyGQlowPe3A8uKOGO4=
-8,-52,1WkHGtqD4mkKbSlCvmPE+gsMXOY=,dVyV0yG4rkyGQlowPe3A8uKOGO4=
-7,-53,1WkHGtqD4mkKbSlCvmPE+gsMXOY=,dVyV0yG4rkyGQlowPe3A8uKOGO4=
-7,-52,wLqWe5c1og4psh+Sw7QiDSKRLJA=,dVyV0yG4rkyGQlowPe3A8uKOGO4=
-8,-51,wLqWe5c1og4psh+Sw7QiDSKRLJA=,dVyV0yG4rkyGQlowPe3A8uKOGO4=
-8,-53,wLqWe5c1og4psh+Sw7QiDSKRLJA=,dVyV0yG4rkyGQlowPe3A8uKOGO4=
-8,-54,wLqWe5c1og4psh+Sw7QiDSKRLJA=,dVyV0yG4rkyGQlowPe3A8uKOGO4=
-7,-51,wLqWe5c1og4psh+Sw7QiDSKRLJA=,dVyV0yG4rkyGQlowPe3A8uKOGO4=
-3,-54,wLqWe5c1og4psh+Sw7QiDSKRLJA=,gLKiohuzK63CnhS+BBb/6VREvRQ=
-3,-53,MIDGkvyce4y/B5l8WtGkWzEQ7kk=,gLKiohuzK63CnhS+BBb/6VREvRQ=
-4,-54,JHlqiO0R0UzeP+g9ztHHP6Ywz9A=,gLKiohuzK63CnhS+BBb/6VREvRQ=
-3,-52,JHlqiO0R0UzeP+g9ztHHP6Ywz9A=,gLKiohuzK63CnhS+BBb/6VREvRQ=
-6,-53,oM1WVGDKJ0cL9h/a2vwMLrk0LUk=,dVyV0yG4rkyGQlowPe3A8uKOGO4=
-4,-52,oM1WVGDKJ0cL9h/a2vwMLrk0LUk=,gLKiohuzK63CnhS+BBb/6VREvRQ=
-4,-53,sdzVAyphqWhUAvj86V8uGvke8G4=,gLKiohuzK63CnhS+BBb/6VREvRQ=
-5,-54,sdzVAyphqWhUAvj86V8uGvke8G4=,dVyV0yG4rkyGQlowPe3A8uKOGO4=
-5,-52,sdzVAyphqWhUAvj86V8uGvke8G4=,dVyV0yG4rkyGQlowPe3A8uKOGO4=
-3,-51,sdzVAyphqWhUAvj86V8uGvke8G4=,gLKiohuzK63CnhS+BBb/6VREvRQ=
-6,-58,LeG4SE9g7dawmj/41uIE+Kci36g=,dVyV0yG4rkyGQlowPe3A8uKOGO4=
-6,-51,LeG4SE9g7dawmj/41uIE+Kci36g=,dVyV0yG4rkyGQlowPe3A8uKOGO4=
-3,-57,gaGmfeea2EW9kuHmC3fo/oUTUVE=,gLKiohuzK63CnhS+BBb/6VREvRQ=
-5,-58,gaGmfeea2EW9kuHmC3fo/oUTUVE=,dVyV0yG4rkyGQlowPe3A8uKOGO4=
-5,-57,gaGmfeea2EW9kuHmC3fo/oUTUVE=,dVyV0yG4rkyGQlowPe3A8uKOGO4=
-3,-55,gaGmfeea2EW9kuHmC3fo/oUTUVE=,gLKiohuzK63CnhS+BBb/6VREvRQ=
-4,-57,gaGmfeea2EW9kuHmC3fo/oUTUVE=,gLKiohuzK63CnhS+BBb/6VREvRQ=
-5,-53,gaGmfeea2EW9kuHmC3fo/oUTUVE=,dVyV0yG4rkyGQlowPe3A8uKOGO4=
-6,-54,gaGmfeea2EW9kuHmC3fo/oUTUVE=,dVyV0yG4rkyGQlowPe3A8uKOGO4=
-6,-57,gaGmfeea2EW9kuHmC3fo/oUTUVE=,dVyV0yG4rkyGQlowPe3A8uKOGO4=
-9,-56,gaGmfeea2EW9kuHmC3fo/oUTUVE=,EISuDE9PgycDBnBwzOc7aHGQTZI=
-5,-51,gaGmfeea2EW9kuHmC3fo/oUTUVE=,dVyV0yG4rkyGQlowPe3A8uKOGO4=
-4,-56,gaGmfeea2EW9kuHmC3fo/oUTUVE=,gLKiohuzK63CnhS+BBb/6VREvRQ=
-9,-55,gaGmfeea2EW9kuHmC3fo/oUTUVE=,EISuDE9PgycDBnBwzOc7aHGQTZI=
-4,-55,gaGmfeea2EW9kuHmC3fo/oUTUVE=,gLKiohuzK63CnhS+BBb/6VREvRQ=
-10,-56,gaGmfeea2EW9kuHmC3fo/oUTUVE=,EISuDE9PgycDBnBwzOc7aHGQTZI=
-10,-55,gaGmfeea2EW9kuHmC3fo/oUTUVE=,EISuDE9PgycDBnBwzOc7aHGQTZI=
-4,-51,gaGmfeea2EW9kuHmC3fo/oUTUVE=,gLKiohuzK63CnhS+BBb/6VREvRQ=
-10,-58,gaGmfeea2EW9kuHmC3fo/oUTUVE=,EISuDE9PgycDBnBwzOc7aHGQTZI=
-9,-57,gaGmfeea2EW9kuHmC3fo/oUTUVE=,EISuDE9PgycDBnBwzOc7aHGQTZI=
-9,-58,gaGmfeea2EW9kuHmC3fo/oUTUVE=,EISuDE9PgycDBnBwzOc7aHGQTZI=
-6,-52,gaGmfeea2EW9kuHmC3fo/oUTUVE=,dVyV0yG4rkyGQlowPe3A8uKOGO4=
-3,-58,gaGmfeea2EW9kuHmC3fo/oUTUVE=,gLKiohuzK63CnhS+BBb/6VREvRQ=
-4,-58,gaGmfeea2EW9kuHmC3fo/oUTUVE=,gLKiohuzK63CnhS+BBb/6VREvRQ=
-10,-57,gaGmfeea2EW9kuHmC3fo/oUTUVE=,EISuDE9PgycDBnBwzOc7aHGQTZI=
-8,-56,gaGmfeea2EW9kuHmC3fo/oUTUVE=,dVyV0yG4rkyGQlowPe3A8uKOGO4=
-4,-59,gaGmfeea2EW9kuHmC3fo/oUTUVE=,gLKiohuzK63CnhS+BBb/6VREvRQ=
-7,-57,gaGmfeea2EW9kuHmC3fo/oUTUVE=,dVyV0yG4rkyGQlowPe3A8uKOGO4=
-7,-58,gaGmfeea2EW9kuHmC3fo/oUTUVE=,dVyV0yG4rkyGQlowPe3A8uKOGO4=
-8,-57,gaGmfeea2EW9kuHmC3fo/oUTUVE=,dVyV0yG4rkyGQlowPe3A8uKOGO4=
-5,-55,gaGmfeea2EW9kuHmC3fo/oUTUVE=,dVyV0yG4rkyGQlowPe3A8uKOGO4=
-8,-58,gaGmfeea2EW9kuHmC3fo/oUTUVE=,dVyV0yG4rkyGQlowPe3A8uKOGO4=
-6,-56,gaGmfeea2EW9kuHmC3fo/oUTUVE=,dVyV0yG4rkyGQlowPe3A8uKOGO4=
-4,-62,gaGmfeea2EW9kuHmC3fo/oUTUVE=,qcSbk6CFi5sMmDIY8LjOE8l9uJk=
-3,-56,gaGmfeea2EW9kuHmC3fo/oUTUVE=,gLKiohuzK63CnhS+BBb/6VREvRQ=
-6,-59,gaGmfeea2EW9kuHmC3fo/oUTUVE=,dVyV0yG4rkyGQlowPe3A8uKOGO4=
-4,-60,gaGmfeea2EW9kuHmC3fo/oUTUVE=,gLKiohuzK63CnhS+BBb/6VREvRQ=
-7,-56,gaGmfeea2EW9kuHmC3fo/oUTUVE=,dVyV0yG4rkyGQlowPe3A8uKOGO4=
-7,-55,gaGmfeea2EW9kuHmC3fo/oUTUVE=,dVyV0yG4rkyGQlowPe3A8uKOGO4=
-3,-61,gaGmfeea2EW9kuHmC3fo/oUTUVE=,qcSbk6CFi5sMmDIY8LjOE8l9uJk=
-5,-56,gaGmfeea2EW9kuHmC3fo/oUTUVE=,dVyV0yG4rkyGQlowPe3A8uKOGO4=
-5,-61,gaGmfeea2EW9kuHmC3fo/oUTUVE=,dVyV0yG4rkyGQlowPe3A8uKOGO4=
-5,-62,gaGmfeea2EW9kuHmC3fo/oUTUVE=,dVyV0yG4rkyGQlowPe3A8uKOGO4=
-3,-62,gaGmfeea2EW9kuHmC3fo/oUTUVE=,qcSbk6CFi5sMmDIY8LjOE8l9uJk=
-8,-55,gaGmfeea2EW9kuHmC3fo/oUTUVE=,dVyV0yG4rkyGQlowPe3A8uKOGO4=
-3,-60,gaGmfeea2EW9kuHmC3fo/oUTUVE=,gLKiohuzK63CnhS+BBb/6VREvRQ=
-6,-61,gaGmfeea2EW9kuHmC3fo/oUTUVE=,dVyV0yG4rkyGQlowPe3A8uKOGO4=
-3,-59,gaGmfeea2EW9kuHmC3fo/oUTUVE=,gLKiohuzK63CnhS+BBb/6VREvRQ=
-12,-57,gaGmfeea2EW9kuHmC3fo/oUTUVE=,EISuDE9PgycDBnBwzOc7aHGQTZI=
-13,-57,gaGmfeea2EW9kuHmC3fo/oUTUVE=,66JQjA8YKRJNM38bQbY0CqCpYg4=
-14,-57,gaGmfeea2EW9kuHmC3fo/oUTUVE=,66JQjA8YKRJNM38bQbY0CqCpYg4=
-12,-56,gaGmfeea2EW9kuHmC3fo/oUTUVE=,EISuDE9PgycDBnBwzOc7aHGQTZI=
-12,-55,gaGmfeea2EW9kuHmC3fo/oUTUVE=,EISuDE9PgycDBnBwzOc7aHGQTZI=
-13,-58,gaGmfeea2EW9kuHmC3fo/oUTUVE=,66JQjA8YKRJNM38bQbY0CqCpYg4=
-14,-58,gaGmfeea2EW9kuHmC3fo/oUTUVE=,66JQjA8YKRJNM38bQbY0CqCpYg4=
-14,-55,gaGmfeea2EW9kuHmC3fo/oUTUVE=,66JQjA8YKRJNM38bQbY0CqCpYg4=
-6,-55,gaGmfeea2EW9kuHmC3fo/oUTUVE=,dVyV0yG4rkyGQlowPe3A8uKOGO4=
-11,-55,gaGmfeea2EW9kuHmC3fo/oUTUVE=,EISuDE9PgycDBnBwzOc7aHGQTZI=
-6,-62,gaGmfeea2EW9kuHmC3fo/oUTUVE=,dVyV0yG4rkyGQlowPe3A8uKOGO4=
-13,-56,gaGmfeea2EW9kuHmC3fo/oUTUVE=,66JQjA8YKRJNM38bQbY0CqCpYg4=
-13,-55,gaGmfeea2EW9kuHmC3fo/oUTUVE=,66JQjA8YKRJNM38bQbY0CqCpYg4=
-14,-56,gaGmfeea2EW9kuHmC3fo/oUTUVE=,66JQjA8YKRJNM38bQbY0CqCpYg4=
-6,-60,gaGmfeea2EW9kuHmC3fo/oUTUVE=,dVyV0yG4rkyGQlowPe3A8uKOGO4=
-11,-57,gaGmfeea2EW9kuHmC3fo/oUTUVE=,EISuDE9PgycDBnBwzOc7aHGQTZI=
-12,-58,gaGmfeea2EW9kuHmC3fo/oUTUVE=,EISuDE9PgycDBnBwzOc7aHGQTZI=
-4,-61,gaGmfeea2EW9kuHmC3fo/oUTUVE=,qcSbk6CFi5sMmDIY8LjOE8l9uJk=
-5,-60,gaGmfeea2EW9kuHmC3fo/oUTUVE=,dVyV0yG4rkyGQlowPe3A8uKOGO4=
-11,-56,gaGmfeea2EW9kuHmC3fo/oUTUVE=,EISuDE9PgycDBnBwzOc7aHGQTZI=
-9,-59,gaGmfeea2EW9kuHmC3fo/oUTUVE=,EISuDE9PgycDBnBwzOc7aHGQTZI=
-11,-58,gaGmfeea2EW9kuHmC3fo/oUTUVE=,EISuDE9PgycDBnBwzOc7aHGQTZI=
-9,-60,gaGmfeea2EW9kuHmC3fo/oUTUVE=,EISuDE9PgycDBnBwzOc7aHGQTZI=
-8,-60,gaGmfeea2EW9kuHmC3fo/oUTUVE=,dVyV0yG4rkyGQlowPe3A8uKOGO4=
-5,-59,gaGmfeea2EW9kuHmC3fo/oUTUVE=,dVyV0yG4rkyGQlowPe3A8uKOGO4=
-8,-61,gaGmfeea2EW9kuHmC3fo/oUTUVE=,dVyV0yG4rkyGQlowPe3A8uKOGO4=
-10,-59,gaGmfeea2EW9kuHmC3fo/oUTUVE=,EISuDE9PgycDBnBwzOc7aHGQTZI=
-10,-60,gaGmfeea2EW9kuHmC3fo/oUTUVE=,EISuDE9PgycDBnBwzOc7aHGQTZI=
-7,-59,gaGmfeea2EW9kuHmC3fo/oUTUVE=,dVyV0yG4rkyGQlowPe3A8uKOGO4=
-10,-62,gaGmfeea2EW9kuHmC3fo/oUTUVE=,EISuDE9PgycDBnBwzOc7aHGQTZI=
-9,-62,gaGmfeea2EW9kuHmC3fo/oUTUVE=,EISuDE9PgycDBnBwzOc7aHGQTZI=
-8,-62,gaGmfeea2EW9kuHmC3fo/oUTUVE=,dVyV0yG4rkyGQlowPe3A8uKOGO4=
-11,-60,gaGmfeea2EW9kuHmC3fo/oUTUVE=,EISuDE9PgycDBnBwzOc7aHGQTZI=
-14,-60,gaGmfeea2EW9kuHmC3fo/oUTUVE=,66JQjA8YKRJNM38bQbY0CqCpYg4=
-9,-61,gaGmfeea2EW9kuHmC3fo/oUTUVE=,EISuDE9PgycDBnBwzOc7aHGQTZI=
-12,-59,gaGmfeea2EW9kuHmC3fo/oUTUVE=,EISuDE9PgycDBnBwzOc7aHGQTZI=
-13,-60,gaGmfeea2EW9kuHmC3fo/oUTUVE=,66JQjA8YKRJNM38bQbY0CqCpYg4=
-12,-62,gaGmfeea2EW9kuHmC3fo/oUTUVE=,EISuDE9PgycDBnBwzOc7aHGQTZI=
-12,-60,gaGmfeea2EW9kuHmC3fo/oUTUVE=,EISuDE9PgycDBnBwzOc7aHGQTZI=
-13,-61,gaGmfeea2EW9kuHmC3fo/oUTUVE=,cMxgrDJ7seBSuZDVwrbeXQkfaO0=
-11,-61,gaGmfeea2EW9kuHmC3fo/oUTUVE=,EISuDE9PgycDBnBwzOc7aHGQTZI=
-10,-61,gaGmfeea2EW9kuHmC3fo/oUTUVE=,EISuDE9PgycDBnBwzOc7aHGQTZI=
-12,-61,gaGmfeea2EW9kuHmC3fo/oUTUVE=,EISuDE9PgycDBnBwzOc7aHGQTZI=
-11,-59,gaGmfeea2EW9kuHmC3fo/oUTUVE=,EISuDE9PgycDBnBwzOc7aHGQTZI=
-8,-59,gaGmfeea2EW9kuHmC3fo/oUTUVE=,dVyV0yG4rkyGQlowPe3A8uKOGO4=
-13,-59,gaGmfeea2EW9kuHmC3fo/oUTUVE=,66JQjA8YKRJNM38bQbY0CqCpYg4=
-14,-61,gaGmfeea2EW9kuHmC3fo/oUTUVE=,cMxgrDJ7seBSuZDVwrbeXQkfaO0=
-13,-62,gaGmfeea2EW9kuHmC3fo/oUTUVE=,cMxgrDJ7seBSuZDVwrbeXQkfaO0=
-11,-62,gaGmfeea2EW9kuHmC3fo/oUTUVE=,EISuDE9PgycDBnBwzOc7aHGQTZI=
-14,-59,gaGmfeea2EW9kuHmC3fo/oUTUVE=,66JQjA8YKRJNM38bQbY0CqCpYg4=
-14,-62,gaGmfeea2EW9kuHmC3fo/oUTUVE=,cMxgrDJ7seBSuZDVwrbeXQkfaO0=
-13,-64,gaGmfeea2EW9kuHmC3fo/oUTUVE=,cMxgrDJ7seBSuZDVwrbeXQkfaO0=
-7,-62,gaGmfeea2EW9kuHmC3fo/oUTUVE=,dVyV0yG4rkyGQlowPe3A8uKOGO4=
-13,-63,gaGmfeea2EW9kuHmC3fo/oUTUVE=,cMxgrDJ7seBSuZDVwrbeXQkfaO0=
-14,-64,gaGmfeea2EW9kuHmC3fo/oUTUVE=,cMxgrDJ7seBSuZDVwrbeXQkfaO0=
-14,-63,gaGmfeea2EW9kuHmC3fo/oUTUVE=,cMxgrDJ7seBSuZDVwrbeXQkfaO0=
-7,-61,gaGmfeea2EW9kuHmC3fo/oUTUVE=,dVyV0yG4rkyGQlowPe3A8uKOGO4=
-12,-64,gaGmfeea2EW9kuHmC3fo/oUTUVE=,EISuDE9PgycDBnBwzOc7aHGQTZI=
-7,-60,gaGmfeea2EW9kuHmC3fo/oUTUVE=,dVyV0yG4rkyGQlowPe3A8uKOGO4=
-11,-64,gaGmfeea2EW9kuHmC3fo/oUTUVE=,EISuDE9PgycDBnBwzOc7aHGQTZI=
-11,-63,gaGmfeea2EW9kuHmC3fo/oUTUVE=,EISuDE9PgycDBnBwzOc7aHGQTZI=
-12,-63,gaGmfeea2EW9kuHmC3fo/oUTUVE=,EISuDE9PgycDBnBwzOc7aHGQTZI=
-16,-62,gaGmfeea2EW9kuHmC3fo/oUTUVE=,cMxgrDJ7seBSuZDVwrbeXQkfaO0=
-15,-60,gaGmfeea2EW9kuHmC3fo/oUTUVE=,66JQjA8YKRJNM38bQbY0CqCpYg4=
-15,-61,gaGmfeea2EW9kuHmC3fo/oUTUVE=,cMxgrDJ7seBSuZDVwrbeXQkfaO0=
-15,-59,gaGmfeea2EW9kuHmC3fo/oUTUVE=,66JQjA8YKRJNM38bQbY0CqCpYg4=
-15,-62,gaGmfeea2EW9kuHmC3fo/oUTUVE=,cMxgrDJ7seBSuZDVwrbeXQkfaO0=
-16,-61,gaGmfeea2EW9kuHmC3fo/oUTUVE=,cMxgrDJ7seBSuZDVwrbeXQkfaO0=
-16,-59,gaGmfeea2EW9kuHmC3fo/oUTUVE=,66JQjA8YKRJNM38bQbY0CqCpYg4=
-16,-60,gaGmfeea2EW9kuHmC3fo/oUTUVE=,66JQjA8YKRJNM38bQbY0CqCpYg4=
-10,-63,gaGmfeea2EW9kuHmC3fo/oUTUVE=,EISuDE9PgycDBnBwzOc7aHGQTZI=
-9,-64,gaGmfeea2EW9kuHmC3fo/oUTUVE=,EISuDE9PgycDBnBwzOc7aHGQTZI=
-10,-64,gaGmfeea2EW9kuHmC3fo/oUTUVE=,EISuDE9PgycDBnBwzOc7aHGQTZI=
-7,-63,gaGmfeea2EW9kuHmC3fo/oUTUVE=,dVyV0yG4rkyGQlowPe3A8uKOGO4=
-7,-64,gaGmfeea2EW9kuHmC3fo/oUTUVE=,dVyV0yG4rkyGQlowPe3A8uKOGO4=
-8,-63,gaGmfeea2EW9kuHmC3fo/oUTUVE=,dVyV0yG4rkyGQlowPe3A8uKOGO4=
-9,-63,gaGmfeea2EW9kuHmC3fo/oUTUVE=,EISuDE9PgycDBnBwzOc7aHGQTZI=
-5,-64,gaGmfeea2EW9kuHmC3fo/oUTUVE=,dVyV0yG4rkyGQlowPe3A8uKOGO4=
-6,-64,gaGmfeea2EW9kuHmC3fo/oUTUVE=,dVyV0yG4rkyGQlowPe3A8uKOGO4=
-8,-64,gaGmfeea2EW9kuHmC3fo/oUTUVE=,dVyV0yG4rkyGQlowPe3A8uKOGO4=
-3,-64,gaGmfeea2EW9kuHmC3fo/oUTUVE=,qcSbk6CFi5sMmDIY8LjOE8l9uJk=
-4,-64,gaGmfeea2EW9kuHmC3fo/oUTUVE=,qcSbk6CFi5sMmDIY8LjOE8l9uJk=
-3,-63,gaGmfeea2EW9kuHmC3fo/oUTUVE=,qcSbk6CFi5sMmDIY8LjOE8l9uJk=
-4,-63,gaGmfeea2EW9kuHmC3fo/oUTUVE=,qcSbk6CFi5sMmDIY8LjOE8l9uJk=
-5,-63,gaGmfeea2EW9kuHmC3fo/oUTUVE=,dVyV0yG4rkyGQlowPe3A8uKOGO4=
-6,-63,gaGmfeea2EW9kuHmC3fo/oUTUVE=,dVyV0yG4rkyGQlowPe3A8uKOGO4=
-2,-62,gaGmfeea2EW9kuHmC3fo/oUTUVE=,qcSbk6CFi5sMmDIY8LjOE8l9uJk=
-2,-60,gaGmfeea2EW9kuHmC3fo/oUTUVE=,gLKiohuzK63CnhS+BBb/6VREvRQ=
-2,-61,gaGmfeea2EW9kuHmC3fo/oUTUVE=,qcSbk6CFi5sMmDIY8LjOE8l9uJk=
-1,-60,gaGmfeea2EW9kuHmC3fo/oUTUVE=,gLKiohuzK63CnhS+BBb/6VREvRQ=
-1,-59,gaGmfeea2EW9kuHmC3fo/oUTUVE=,gLKiohuzK63CnhS+BBb/6VREvRQ=
-2,-59,gaGmfeea2EW9kuHmC3fo/oUTUVE=,gLKiohuzK63CnhS+BBb/6VREvRQ=
-1,-62,gaGmfeea2EW9kuHmC3fo/oUTUVE=,qcSbk6CFi5sMmDIY8LjOE8l9uJk=
-2,-57,gaGmfeea2EW9kuHmC3fo/oUTUVE=,gLKiohuzK63CnhS+BBb/6VREvRQ=
-13,-50,gaGmfeea2EW9kuHmC3fo/oUTUVE=,66JQjA8YKRJNM38bQbY0CqCpYg4=
-14,-49,gaGmfeea2EW9kuHmC3fo/oUTUVE=,66JQjA8YKRJNM38bQbY0CqCpYg4=
-1,-61,gaGmfeea2EW9kuHmC3fo/oUTUVE=,qcSbk6CFi5sMmDIY8LjOE8l9uJk=
-13,-49,gaGmfeea2EW9kuHmC3fo/oUTUVE=,66JQjA8YKRJNM38bQbY0CqCpYg4=
-1,-56,gaGmfeea2EW9kuHmC3fo/oUTUVE=,gLKiohuzK63CnhS+BBb/6VREvRQ=
-14,-50,gaGmfeea2EW9kuHmC3fo/oUTUVE=,66JQjA8YKRJNM38bQbY0CqCpYg4=
-2,-51,gaGmfeea2EW9kuHmC3fo/oUTUVE=,gLKiohuzK63CnhS+BBb/6VREvRQ=
-2,-53,gaGmfeea2EW9kuHmC3fo/oUTUVE=,gLKiohuzK63CnhS+BBb/6VREvRQ=
-2,-54,gaGmfeea2EW9kuHmC3fo/oUTUVE=,gLKiohuzK63CnhS+BBb/6VREvRQ=
-1,-52,gaGmfeea2EW9kuHmC3fo/oUTUVE=,gLKiohuzK63CnhS+BBb/6VREvRQ=
-16,-58,gaGmfeea2EW9kuHmC3fo/oUTUVE=,66JQjA8YKRJNM38bQbY0CqCpYg4=
-15,-57,gaGmfeea2EW9kuHmC3fo/oUTUVE=,66JQjA8YKRJNM38bQbY0CqCpYg4=
-15,-58,gaGmfeea2EW9kuHmC3fo/oUTUVE=,66JQjA8YKRJNM38bQbY0CqCpYg4=
-1,-57,gaGmfeea2EW9kuHmC3fo/oUTUVE=,gLKiohuzK63CnhS+BBb/6VREvRQ=
-7,-49,gaGmfeea2EW9kuHmC3fo/oUTUVE=,dVyV0yG4rkyGQlowPe3A8uKOGO4=
-1,-58,gaGmfeea2EW9kuHmC3fo/oUTUVE=,gLKiohuzK63CnhS+BBb/6VREvRQ=
-16,-57,gaGmfeea2EW9kuHmC3fo/oUTUVE=,66JQjA8YKRJNM38bQbY0CqCpYg4=
-16,-54,gaGmfeea2EW9kuHmC3fo/oUTUVE=,66JQjA8YKRJNM38bQbY0CqCpYg4=
-16,-52,gaGmfeea2EW9kuHmC3fo/oUTUVE=,66JQjA8YKRJNM38bQbY0CqCpYg4=
-16,-55,gaGmfeea2EW9kuHmC3fo/oUTUVE=,66JQjA8YKRJNM38bQbY0CqCpYg4=
-16,-56,gaGmfeea2EW9kuHmC3fo/oUTUVE=,66JQjA8YKRJNM38bQbY0CqCpYg4=
-2,-58,gaGmfeea2EW9kuHmC3fo/oUTUVE=,gLKiohuzK63CnhS+BBb/6VREvRQ=
-16,-53,gaGmfeea2EW9kuHmC3fo/oUTUVE=,66JQjA8YKRJNM38bQbY0CqCpYg4=
-16,-50,gaGmfeea2EW9kuHmC3fo/oUTUVE=,66JQjA8YKRJNM38bQbY0CqCpYg4=
-3,-49,gaGmfeea2EW9kuHmC3fo/oUTUVE=,gLKiohuzK63CnhS+BBb/6VREvRQ=
-15,-49,gaGmfeea2EW9kuHmC3fo/oUTUVE=,66JQjA8YKRJNM38bQbY0CqCpYg4=
-15,-55,gaGmfeea2EW9kuHmC3fo/oUTUVE=,66JQjA8YKRJNM38bQbY0CqCpYg4=
-15,-51,gaGmfeea2EW9kuHmC3fo/oUTUVE=,66JQjA8YKRJNM38bQbY0CqCpYg4=
-15,-52,gaGmfeea2EW9kuHmC3fo/oUTUVE=,66JQjA8YKRJNM38bQbY0CqCpYg4=
-16,-51,gaGmfeea2EW9kuHmC3fo/oUTUVE=,66JQjA8YKRJNM38bQbY0CqCpYg4=
-15,-56,gaGmfeea2EW9kuHmC3fo/oUTUVE=,66JQjA8YKRJNM38bQbY0CqCpYg4=
-15,-53,gaGmfeea2EW9kuHmC3fo/oUTUVE=,66JQjA8YKRJNM38bQbY0CqCpYg4=
-2,-55,gaGmfeea2EW9kuHmC3fo/oUTUVE=,gLKiohuzK63CnhS+BBb/6VREvRQ=
-15,-50,gaGmfeea2EW9kuHmC3fo/oUTUVE=,66JQjA8YKRJNM38bQbY0CqCpYg4=
-15,-54,gaGmfeea2EW9kuHmC3fo/oUTUVE=,66JQjA8YKRJNM38bQbY0CqCpYg4=
-16,-49,gaGmfeea2EW9kuHmC3fo/oUTUVE=,66JQjA8YKRJNM38bQbY0CqCpYg4=
-9,-49,gaGmfeea2EW9kuHmC3fo/oUTUVE=,EISuDE9PgycDBnBwzOc7aHGQTZI=
-11,-50,gaGmfeea2EW9kuHmC3fo/oUTUVE=,EISuDE9PgycDBnBwzOc7aHGQTZI=
-16,-64,gaGmfeea2EW9kuHmC3fo/oUTUVE=,cMxgrDJ7seBSuZDVwrbeXQkfaO0=
-10,-50,gaGmfeea2EW9kuHmC3fo/oUTUVE=,EISuDE9PgycDBnBwzOc7aHGQTZI=
-5,-50,gaGmfeea2EW9kuHmC3fo/oUTUVE=,dVyV0yG4rkyGQlowPe3A8uKOGO4=
-4,-49,gaGmfeea2EW9kuHmC3fo/oUTUVE=,gLKiohuzK63CnhS+BBb/6VREvRQ=
-9,-50,gaGmfeea2EW9kuHmC3fo/oUTUVE=,EISuDE9PgycDBnBwzOc7aHGQTZI=
-12,-50,gaGmfeea2EW9kuHmC3fo/oUTUVE=,EISuDE9PgycDBnBwzOc7aHGQTZI=
-15,-64,gaGmfeea2EW9kuHmC3fo/oUTUVE=,cMxgrDJ7seBSuZDVwrbeXQkfaO0=
-15,-63,gaGmfeea2EW9kuHmC3fo/oUTUVE=,cMxgrDJ7seBSuZDVwrbeXQkfaO0=
-12,-49,gaGmfeea2EW9kuHmC3fo/oUTUVE=,EISuDE9PgycDBnBwzOc7aHGQTZI=
-10,-49,gaGmfeea2EW9kuHmC3fo/oUTUVE=,EISuDE9PgycDBnBwzOc7aHGQTZI=
-16,-63,gaGmfeea2EW9kuHmC3fo/oUTUVE=,cMxgrDJ7seBSuZDVwrbeXQkfaO0=
-11,-49,gaGmfeea2EW9kuHmC3fo/oUTUVE=,EISuDE9PgycDBnBwzOc7aHGQTZI=
-5,-49,gaGmfeea2EW9kuHmC3fo/oUTUVE=,dVyV0yG4rkyGQlowPe3A8uKOGO4=
-1,-53,gaGmfeea2EW9kuHmC3fo/oUTUVE=,gLKiohuzK63CnhS+BBb/6VREvRQ=
-1,-55,gaGmfeea2EW9kuHmC3fo/oUTUVE=,gLKiohuzK63CnhS+BBb/6VREvRQ=
-7,-50,gaGmfeea2EW9kuHmC3fo/oUTUVE=,dVyV0yG4rkyGQlowPe3A8uKOGO4=
-1,-51,gaGmfeea2EW9kuHmC3fo/oUTUVE=,gLKiohuzK63CnhS+BBb/6VREvRQ=
-8,-49,gaGmfeea2EW9kuHmC3fo/oUTUVE=,dVyV0yG4rkyGQlowPe3A8uKOGO4=
-6,-49,gaGmfeea2EW9kuHmC3fo/oUTUVE=,dVyV0yG4rkyGQlowPe3A8uKOGO4=
-8,-50,gaGmfeea2EW9kuHmC3fo/oUTUVE=,dVyV0yG4rkyGQlowPe3A8uKOGO4=
-2,-52,gaGmfeea2EW9kuHmC3fo/oUTUVE=,gLKiohuzK63CnhS+BBb/6VREvRQ=
-1,-64,gaGmfeea2EW9kuHmC3fo/oUTUVE=,qcSbk6CFi5sMmDIY8LjOE8l9uJk=
-2,-64,gaGmfeea2EW9kuHmC3fo/oUTUVE=,qcSbk6CFi5sMmDIY8LjOE8l9uJk=
-2,-63,gaGmfeea2EW9kuHmC3fo/oUTUVE=,qcSbk6CFi5sMmDIY8LjOE8l9uJk=
-1,-63,gaGmfeea2EW9kuHmC3fo/oUTUVE=,qcSbk6CFi5sMmDIY8LjOE8l9uJk=
-2,-56,gaGmfeea2EW9kuHmC3fo/oUTUVE=,gLKiohuzK63CnhS+BBb/6VREvRQ=
-2,-49,gaGmfeea2EW9kuHmC3fo/oUTUVE=,gLKiohuzK63CnhS+BBb/6VREvRQ=
-1,-50,gaGmfeea2EW9kuHmC3fo/oUTUVE=,gLKiohuzK63CnhS+BBb/6VREvRQ=
-1,-54,gaGmfeea2EW9kuHmC3fo/oUTUVE=,gLKiohuzK63CnhS+BBb/6VREvRQ=
-1,-49,gaGmfeea2EW9kuHmC3fo/oUTUVE=,gLKiohuzK63CnhS+BBb/6VREvRQ=
-3,-50,gaGmfeea2EW9kuHmC3fo/oUTUVE=,gLKiohuzK63CnhS+BBb/6VREvRQ=
-2,-50,gaGmfeea2EW9kuHmC3fo/oUTUVE=,gLKiohuzK63CnhS+BBb/6VREvRQ=
-4,-50,gaGmfeea2EW9kuHmC3fo/oUTUVE=,gLKiohuzK63CnhS+BBb/6VREvRQ=
-6,-50,gaGmfeea2EW9kuHmC3fo/oUTUVE=,dVyV0yG4rkyGQlowPe3A8uKOGO4=
-27,-53,fFoULbd8x8FG2IpKsSWqXYP48ao=,pZHSEBeZc1f4DbMnkGYLLwyyTVY=
-27,-52,fFoULbd8x8FG2IpKsSWqXYP48ao=,pZHSEBeZc1f4DbMnkGYLLwyyTVY=
-30,-51,fFoULbd8x8FG2IpKsSWqXYP48ao=,z00FGJJu+uWaJ7HINL+jQYzRI8U=
-29,-53,fFoULbd8x8FG2IpKsSWqXYP48ao=,z00FGJJu+uWaJ7HINL+jQYzRI8U=
-29,-51,fFoULbd8x8FG2IpKsSWqXYP48ao=,z00FGJJu+uWaJ7HINL+jQYzRI8U=
-29,-52,tTlCwxQU/hIkfI5nxnq8O0P4DGg=,z00FGJJu+uWaJ7HINL+jQYzRI8U=
-28,-53,tTlCwxQU/hIkfI5nxnq8O0P4DGg=,pZHSEBeZc1f4DbMnkGYLLwyyTVY=
-28,-54,tTlCwxQU/hIkfI5nxnq8O0P4DGg=,pZHSEBeZc1f4DbMnkGYLLwyyTVY=
-30,-54,tTlCwxQU/hIkfI5nxnq8O0P4DGg=,z00FGJJu+uWaJ7HINL+jQYzRI8U=
-30,-53,tTlCwxQU/hIkfI5nxnq8O0P4DGg=,z00FGJJu+uWaJ7HINL+jQYzRI8U=
-29,-54,tTlCwxQU/hIkfI5nxnq8O0P4DGg=,z00FGJJu+uWaJ7HINL+jQYzRI8U=
-30,-52,tTlCwxQU/hIkfI5nxnq8O0P4DGg=,z00FGJJu+uWaJ7HINL+jQYzRI8U=
-28,-52,F+oynGFesai1vq1xS0rHYq4mGHg=,pZHSEBeZc1f4DbMnkGYLLwyyTVY=
-28,-51,F+oynGFesai1vq1xS0rHYq4mGHg=,pZHSEBeZc1f4DbMnkGYLLwyyTVY=
-27,-51,F+oynGFesai1vq1xS0rHYq4mGHg=,pZHSEBeZc1f4DbMnkGYLLwyyTVY=
-27,-54,F+oynGFesai1vq1xS0rHYq4mGHg=,pZHSEBeZc1f4DbMnkGYLLwyyTVY=
-27,-58,F+oynGFesai1vq1xS0rHYq4mGHg=,pZHSEBeZc1f4DbMnkGYLLwyyTVY=
-27,-57,F+oynGFesai1vq1xS0rHYq4mGHg=,pZHSEBeZc1f4DbMnkGYLLwyyTVY=
-30,-57,F+oynGFesai1vq1xS0rHYq4mGHg=,atxhXUco5oQT3ES/iDdHiPHG40Q=
-29,-57,F+oynGFesai1vq1xS0rHYq4mGHg=,atxhXUco5oQT3ES/iDdHiPHG40Q=
-30,-58,F+oynGFesai1vq1xS0rHYq4mGHg=,atxhXUco5oQT3ES/iDdHiPHG40Q=
-28,-56,1azmDJ00Rw3IXAVjfM8X5K6eT3c=,pZHSEBeZc1f4DbMnkGYLLwyyTVY=
-28,-57,1azmDJ00Rw3IXAVjfM8X5K6eT3c=,pZHSEBeZc1f4DbMnkGYLLwyyTVY=
-28,-55,1azmDJ00Rw3IXAVjfM8X5K6eT3c=,pZHSEBeZc1f4DbMnkGYLLwyyTVY=
-29,-58,1azmDJ00Rw3IXAVjfM8X5K6eT3c=,atxhXUco5oQT3ES/iDdHiPHG40Q=
-30,-56,1azmDJ00Rw3IXAVjfM8X5K6eT3c=,z00FGJJu+uWaJ7HINL+jQYzRI8U=
-30,-55,1azmDJ00Rw3IXAVjfM8X5K6eT3c=,z00FGJJu+uWaJ7HINL+jQYzRI8U=
-28,-58,1azmDJ00Rw3IXAVjfM8X5K6eT3c=,pZHSEBeZc1f4DbMnkGYLLwyyTVY=
-29,-56,1azmDJ00Rw3IXAVjfM8X5K6eT3c=,z00FGJJu+uWaJ7HINL+jQYzRI8U=
-27,-56,1azmDJ00Rw3IXAVjfM8X5K6eT3c=,pZHSEBeZc1f4DbMnkGYLLwyyTVY=
-27,-55,1azmDJ00Rw3IXAVjfM8X5K6eT3c=,pZHSEBeZc1f4DbMnkGYLLwyyTVY=
-29,-55,1azmDJ00Rw3IXAVjfM8X5K6eT3c=,z00FGJJu+uWaJ7HINL+jQYzRI8U=
-28,-60,1azmDJ00Rw3IXAVjfM8X5K6eT3c=,pZHSEBeZc1f4DbMnkGYLLwyyTVY=
-30,-59,1azmDJ00Rw3IXAVjfM8X5K6eT3c=,atxhXUco5oQT3ES/iDdHiPHG40Q=
-29,-59,1azmDJ00Rw3IXAVjfM8X5K6eT3c=,atxhXUco5oQT3ES/iDdHiPHG40Q=
-30,-60,goMJYf1OUFfEw2wYAPOg/XaMyM0=,atxhXUco5oQT3ES/iDdHiPHG40Q=
-29,-60,goMJYf1OUFfEw2wYAPOg/XaMyM0=,atxhXUco5oQT3ES/iDdHiPHG40Q=
-28,-59,goMJYf1OUFfEw2wYAPOg/XaMyM0=,pZHSEBeZc1f4DbMnkGYLLwyyTVY=
-27,-59,goMJYf1OUFfEw2wYAPOg/XaMyM0=,pZHSEBeZc1f4DbMnkGYLLwyyTVY=
-27,-60,goMJYf1OUFfEw2wYAPOg/XaMyM0=,pZHSEBeZc1f4DbMnkGYLLwyyTVY=
-30,-62,goMJYf1OUFfEw2wYAPOg/XaMyM0=,atxhXUco5oQT3ES/iDdHiPHG40Q=
-27,-62,goMJYf1OUFfEw2wYAPOg/XaMyM0=,pZHSEBeZc1f4DbMnkGYLLwyyTVY=
-28,-61,goMJYf1OUFfEw2wYAPOg/XaMyM0=,pZHSEBeZc1f4DbMnkGYLLwyyTVY=
-27,-61,goMJYf1OUFfEw2wYAPOg/XaMyM0=,pZHSEBeZc1f4DbMnkGYLLwyyTVY=
-28,-62,goMJYf1OUFfEw2wYAPOg/XaMyM0=,pZHSEBeZc1f4DbMnkGYLLwyyTVY=
-30,-61,goMJYf1OUFfEw2wYAPOg/XaMyM0=,atxhXUco5oQT3ES/iDdHiPHG40Q=
-29,-62,goMJYf1OUFfEw2wYAPOg/XaMyM0=,atxhXUco5oQT3ES/iDdHiPHG40Q=
-29,-61,goMJYf1OUFfEw2wYAPOg/XaMyM0=,atxhXUco5oQT3ES/iDdHiPHG40Q=
-25,-62,goMJYf1OUFfEw2wYAPOg/XaMyM0=,pZHSEBeZc1f4DbMnkGYLLwyyTVY=
-25,-60,goMJYf1OUFfEw2wYAPOg/XaMyM0=,pZHSEBeZc1f4DbMnkGYLLwyyTVY=
-23,-60,goMJYf1OUFfEw2wYAPOg/XaMyM0=,AQLoYJhH/U/JID9jX8bhYXUYDbE=
-24,-60,goMJYf1OUFfEw2wYAPOg/XaMyM0=,AQLoYJhH/U/JID9jX8bhYXUYDbE=
-25,-61,goMJYf1OUFfEw2wYAPOg/XaMyM0=,pZHSEBeZc1f4DbMnkGYLLwyyTVY=
-25,-59,goMJYf1OUFfEw2wYAPOg/XaMyM0=,pZHSEBeZc1f4DbMnkGYLLwyyTVY=
-26,-59,goMJYf1OUFfEw2wYAPOg/XaMyM0=,pZHSEBeZc1f4DbMnkGYLLwyyTVY=
-26,-62,goMJYf1OUFfEw2wYAPOg/XaMyM0=,pZHSEBeZc1f4DbMnkGYLLwyyTVY=
-26,-61,goMJYf1OUFfEw2wYAPOg/XaMyM0=,pZHSEBeZc1f4DbMnkGYLLwyyTVY=
-26,-57,goMJYf1OUFfEw2wYAPOg/XaMyM0=,pZHSEBeZc1f4DbMnkGYLLwyyTVY=
-24,-59,goMJYf1OUFfEw2wYAPOg/XaMyM0=,AQLoYJhH/U/JID9jX8bhYXUYDbE=
-26,-60,goMJYf1OUFfEw2wYAPOg/XaMyM0=,pZHSEBeZc1f4DbMnkGYLLwyyTVY=
-25,-58,goMJYf1OUFfEw2wYAPOg/XaMyM0=,pZHSEBeZc1f4DbMnkGYLLwyyTVY=
-25,-57,Y4G2bLkCVaFIJ9dgf475FSB2AVU=,pZHSEBeZc1f4DbMnkGYLLwyyTVY=
-26,-58,Y4G2bLkCVaFIJ9dgf475FSB2AVU=,pZHSEBeZc1f4DbMnkGYLLwyyTVY=
-24,-57,Y4G2bLkCVaFIJ9dgf475FSB2AVU=,AQLoYJhH/U/JID9jX8bhYXUYDbE=
-23,-57,Y4G2bLkCVaFIJ9dgf475FSB2AVU=,AQLoYJhH/U/JID9jX8bhYXUYDbE=
-24,-58,Y4G2bLkCVaFIJ9dgf475FSB2AVU=,AQLoYJhH/U/JID9jX8bhYXUYDbE=
-23,-58,Y4G2bLkCVaFIJ9dgf475FSB2AVU=,AQLoYJhH/U/JID9jX8bhYXUYDbE=
-24,-56,Y4G2bLkCVaFIJ9dgf475FSB2AVU=,AQLoYJhH/U/JID9jX8bhYXUYDbE=
-24,-55,Y4G2bLkCVaFIJ9dgf475FSB2AVU=,AQLoYJhH/U/JID9jX8bhYXUYDbE=
-23,-56,Y4G2bLkCVaFIJ9dgf475FSB2AVU=,AQLoYJhH/U/JID9jX8bhYXUYDbE=
-23,-55,Y4G2bLkCVaFIJ9dgf475FSB2AVU=,AQLoYJhH/U/JID9jX8bhYXUYDbE=
-23,-59,Y4G2bLkCVaFIJ9dgf475FSB2AVU=,AQLoYJhH/U/JID9jX8bhYXUYDbE=
-25,-56,Y4G2bLkCVaFIJ9dgf475FSB2AVU=,pZHSEBeZc1f4DbMnkGYLLwyyTVY=
-25,-55,Y4G2bLkCVaFIJ9dgf475FSB2AVU=,pZHSEBeZc1f4DbMnkGYLLwyyTVY=
-24,-62,Y4G2bLkCVaFIJ9dgf475FSB2AVU=,AQLoYJhH/U/JID9jX8bhYXUYDbE=
-23,-61,Y4G2bLkCVaFIJ9dgf475FSB2AVU=,AQLoYJhH/U/JID9jX8bhYXUYDbE=
-24,-61,Y4G2bLkCVaFIJ9dgf475FSB2AVU=,AQLoYJhH/U/JID9jX8bhYXUYDbE=
-26,-56,Y4G2bLkCVaFIJ9dgf475FSB2AVU=,pZHSEBeZc1f4DbMnkGYLLwyyTVY=
-23,-62,Y4G2bLkCVaFIJ9dgf475FSB2AVU=,AQLoYJhH/U/JID9jX8bhYXUYDbE=
-26,-55,YPQkofslixdVVUnw/sfVw5nqwHg=,pZHSEBeZc1f4DbMnkGYLLwyyTVY=
-24,-54,YPQkofslixdVVUnw/sfVw5nqwHg=,AQLoYJhH/U/JID9jX8bhYXUYDbE=
-25,-54,YPQkofslixdVVUnw/sfVw5nqwHg=,pZHSEBeZc1f4DbMnkGYLLwyyTVY=
-23,-53,YPQkofslixdVVUnw/sfVw5nqwHg=,AQLoYJhH/U/JID9jX8bhYXUYDbE=
-25,-53,YPQkofslixdVVUnw/sfVw5nqwHg=,pZHSEBeZc1f4DbMnkGYLLwyyTVY=
-24,-53,YPQkofslixdVVUnw/sfVw5nqwHg=,AQLoYJhH/U/JID9jX8bhYXUYDbE=
-25,-51,YPQkofslixdVVUnw/sfVw5nqwHg=,pZHSEBeZc1f4DbMnkGYLLwyyTVY=
-23,-54,YPQkofslixdVVUnw/sfVw5nqwHg=,AQLoYJhH/U/JID9jX8bhYXUYDbE=
-26,-54,YPQkofslixdVVUnw/sfVw5nqwHg=,pZHSEBeZc1f4DbMnkGYLLwyyTVY=
-25,-52,YPQkofslixdVVUnw/sfVw5nqwHg=,pZHSEBeZc1f4DbMnkGYLLwyyTVY=
-24,-52,YPQkofslixdVVUnw/sfVw5nqwHg=,AQLoYJhH/U/JID9jX8bhYXUYDbE=
-23,-52,YPQkofslixdVVUnw/sfVw5nqwHg=,AQLoYJhH/U/JID9jX8bhYXUYDbE=
-26,-53,YPQkofslixdVVUnw/sfVw5nqwHg=,pZHSEBeZc1f4DbMnkGYLLwyyTVY=
-24,-51,KPCWVG4Ae+gkVRxqRNmlLd1QkRM=,AQLoYJhH/U/JID9jX8bhYXUYDbE=
-23,-51,KPCWVG4Ae+gkVRxqRNmlLd1QkRM=,AQLoYJhH/U/JID9jX8bhYXUYDbE=
-26,-51,KPCWVG4Ae+gkVRxqRNmlLd1QkRM=,pZHSEBeZc1f4DbMnkGYLLwyyTVY=
-26,-52,KPCWVG4Ae+gkVRxqRNmlLd1QkRM=,pZHSEBeZc1f4DbMnkGYLLwyyTVY=
-22,-57,KPCWVG4Ae+gkVRxqRNmlLd1QkRM=,AQLoYJhH/U/JID9jX8bhYXUYDbE=
-21,-58,KPCWVG4Ae+gkVRxqRNmlLd1QkRM=,AQLoYJhH/U/JID9jX8bhYXUYDbE=
-22,-58,KPCWVG4Ae+gkVRxqRNmlLd1QkRM=,AQLoYJhH/U/JID9jX8bhYXUYDbE=
-19,-58,KPCWVG4Ae+gkVRxqRNmlLd1QkRM=,pvNkCRKNR690XzrSiD1GlrMDLvU=
-19,-57,KPCWVG4Ae+gkVRxqRNmlLd1QkRM=,pvNkCRKNR690XzrSiD1GlrMDLvU=
-20,-58,KPCWVG4Ae+gkVRxqRNmlLd1QkRM=,pvNkCRKNR690XzrSiD1GlrMDLvU=
-21,-57,KPCWVG4Ae+gkVRxqRNmlLd1QkRM=,AQLoYJhH/U/JID9jX8bhYXUYDbE=
-19,-55,KPCWVG4Ae+gkVRxqRNmlLd1QkRM=,pvNkCRKNR690XzrSiD1GlrMDLvU=
-22,-56,KPCWVG4Ae+gkVRxqRNmlLd1QkRM=,AQLoYJhH/U/JID9jX8bhYXUYDbE=
-22,-55,KPCWVG4Ae+gkVRxqRNmlLd1QkRM=,AQLoYJhH/U/JID9jX8bhYXUYDbE=
-21,-56,KPCWVG4Ae+gkVRxqRNmlLd1QkRM=,AQLoYJhH/U/JID9jX8bhYXUYDbE=
-20,-56,KPCWVG4Ae+gkVRxqRNmlLd1QkRM=,pvNkCRKNR690XzrSiD1GlrMDLvU=
-19,-56,KPCWVG4Ae+gkVRxqRNmlLd1QkRM=,pvNkCRKNR690XzrSiD1GlrMDLvU=
-20,-55,KPCWVG4Ae+gkVRxqRNmlLd1QkRM=,pvNkCRKNR690XzrSiD1GlrMDLvU=
-21,-55,KPCWVG4Ae+gkVRxqRNmlLd1QkRM=,AQLoYJhH/U/JID9jX8bhYXUYDbE=
-21,-53,KPCWVG4Ae+gkVRxqRNmlLd1QkRM=,AQLoYJhH/U/JID9jX8bhYXUYDbE=
-21,-54,KPCWVG4Ae+gkVRxqRNmlLd1QkRM=,AQLoYJhH/U/JID9jX8bhYXUYDbE=
-20,-54,KPCWVG4Ae+gkVRxqRNmlLd1QkRM=,pvNkCRKNR690XzrSiD1GlrMDLvU=
-21,-51,KPCWVG4Ae+gkVRxqRNmlLd1QkRM=,AQLoYJhH/U/JID9jX8bhYXUYDbE=
-19,-53,KPCWVG4Ae+gkVRxqRNmlLd1QkRM=,pvNkCRKNR690XzrSiD1GlrMDLvU=
-22,-53,KPCWVG4Ae+gkVRxqRNmlLd1QkRM=,AQLoYJhH/U/JID9jX8bhYXUYDbE=
-22,-52,KPCWVG4Ae+gkVRxqRNmlLd1QkRM=,AQLoYJhH/U/JID9jX8bhYXUYDbE=
-20,-53,KPCWVG4Ae+gkVRxqRNmlLd1QkRM=,pvNkCRKNR690XzrSiD1GlrMDLvU=
-20,-57,KPCWVG4Ae+gkVRxqRNmlLd1QkRM=,pvNkCRKNR690XzrSiD1GlrMDLvU=
-21,-52,KPCWVG4Ae+gkVRxqRNmlLd1QkRM=,AQLoYJhH/U/JID9jX8bhYXUYDbE=
-20,-51,KPCWVG4Ae+gkVRxqRNmlLd1QkRM=,pvNkCRKNR690XzrSiD1GlrMDLvU=
-19,-51,KPCWVG4Ae+gkVRxqRNmlLd1QkRM=,pvNkCRKNR690XzrSiD1GlrMDLvU=
-19,-52,KPCWVG4Ae+gkVRxqRNmlLd1QkRM=,pvNkCRKNR690XzrSiD1GlrMDLvU=
-22,-51,KPCWVG4Ae+gkVRxqRNmlLd1QkRM=,AQLoYJhH/U/JID9jX8bhYXUYDbE=
-20,-52,KPCWVG4Ae+gkVRxqRNmlLd1QkRM=,pvNkCRKNR690XzrSiD1GlrMDLvU=
-22,-54,KPCWVG4Ae+gkVRxqRNmlLd1QkRM=,AQLoYJhH/U/JID9jX8bhYXUYDbE=
-19,-54,KPCWVG4Ae+gkVRxqRNmlLd1QkRM=,pvNkCRKNR690XzrSiD1GlrMDLvU=
-18,-60,KPCWVG4Ae+gkVRxqRNmlLd1QkRM=,pvNkCRKNR690XzrSiD1GlrMDLvU=
-19,-59,KPCWVG4Ae+gkVRxqRNmlLd1QkRM=,pvNkCRKNR690XzrSiD1GlrMDLvU=
-20,-59,KPCWVG4Ae+gkVRxqRNmlLd1QkRM=,pvNkCRKNR690XzrSiD1GlrMDLvU=
-20,-60,KPCWVG4Ae+gkVRxqRNmlLd1QkRM=,pvNkCRKNR690XzrSiD1GlrMDLvU=
-17,-59,KPCWVG4Ae+gkVRxqRNmlLd1QkRM=,pvNkCRKNR690XzrSiD1GlrMDLvU=
-21,-61,KPCWVG4Ae+gkVRxqRNmlLd1QkRM=,AQLoYJhH/U/JID9jX8bhYXUYDbE=
-17,-60,KPCWVG4Ae+gkVRxqRNmlLd1QkRM=,pvNkCRKNR690XzrSiD1GlrMDLvU=
-22,-59,KPCWVG4Ae+gkVRxqRNmlLd1QkRM=,AQLoYJhH/U/JID9jX8bhYXUYDbE=
-18,-59,KPCWVG4Ae+gkVRxqRNmlLd1QkRM=,pvNkCRKNR690XzrSiD1GlrMDLvU=
-25,-64,KPCWVG4Ae+gkVRxqRNmlLd1QkRM=,pZHSEBeZc1f4DbMnkGYLLwyyTVY=
-26,-64,KPCWVG4Ae+gkVRxqRNmlLd1QkRM=,pZHSEBeZc1f4DbMnkGYLLwyyTVY=
-19,-60,KPCWVG4Ae+gkVRxqRNmlLd1QkRM=,pvNkCRKNR690XzrSiD1GlrMDLvU=
-20,-62,KPCWVG4Ae+gkVRxqRNmlLd1QkRM=,pvNkCRKNR690XzrSiD1GlrMDLvU=
-17,-62,KPCWVG4Ae+gkVRxqRNmlLd1QkRM=,pvNkCRKNR690XzrSiD1GlrMDLvU=
-26,-63,KPCWVG4Ae+gkVRxqRNmlLd1QkRM=,pZHSEBeZc1f4DbMnkGYLLwyyTVY=
-20,-64,KPCWVG4Ae+gkVRxqRNmlLd1QkRM=,pvNkCRKNR690XzrSiD1GlrMDLvU=
-21,-59,KPCWVG4Ae+gkVRxqRNmlLd1QkRM=,AQLoYJhH/U/JID9jX8bhYXUYDbE=
-18,-62,KPCWVG4Ae+gkVRxqRNmlLd1QkRM=,pvNkCRKNR690XzrSiD1GlrMDLvU=
-20,-61,KPCWVG4Ae+gkVRxqRNmlLd1QkRM=,pvNkCRKNR690XzrSiD1GlrMDLvU=
-21,-60,KPCWVG4Ae+gkVRxqRNmlLd1QkRM=,AQLoYJhH/U/JID9jX8bhYXUYDbE=
-21,-62,KPCWVG4Ae+gkVRxqRNmlLd1QkRM=,AQLoYJhH/U/JID9jX8bhYXUYDbE=
-22,-60,KPCWVG4Ae+gkVRxqRNmlLd1QkRM=,AQLoYJhH/U/JID9jX8bhYXUYDbE=
-25,-63,KPCWVG4Ae+gkVRxqRNmlLd1QkRM=,pZHSEBeZc1f4DbMnkGYLLwyyTVY=
-23,-64,KPCWVG4Ae+gkVRxqRNmlLd1QkRM=,AQLoYJhH/U/JID9jX8bhYXUYDbE=
-24,-64,KPCWVG4Ae+gkVRxqRNmlLd1QkRM=,AQLoYJhH/U/JID9jX8bhYXUYDbE=
-18,-61,KPCWVG4Ae+gkVRxqRNmlLd1QkRM=,pvNkCRKNR690XzrSiD1GlrMDLvU=
-21,-64,KPCWVG4Ae+gkVRxqRNmlLd1QkRM=,AQLoYJhH/U/JID9jX8bhYXUYDbE=
-19,-61,KPCWVG4Ae+gkVRxqRNmlLd1QkRM=,pvNkCRKNR690XzrSiD1GlrMDLvU=
-32,-59,KPCWVG4Ae+gkVRxqRNmlLd1QkRM=,atxhXUco5oQT3ES/iDdHiPHG40Q=
-22,-61,KPCWVG4Ae+gkVRxqRNmlLd1QkRM=,AQLoYJhH/U/JID9jX8bhYXUYDbE=
-19,-64,KPCWVG4Ae+gkVRxqRNmlLd1QkRM=,pvNkCRKNR690XzrSiD1GlrMDLvU=
-24,-63,KPCWVG4Ae+gkVRxqRNmlLd1QkRM=,AQLoYJhH/U/JID9jX8bhYXUYDbE=
-19,-62,KPCWVG4Ae+gkVRxqRNmlLd1QkRM=,pvNkCRKNR690XzrSiD1GlrMDLvU=
-22,-64,KPCWVG4Ae+gkVRxqRNmlLd1QkRM=,AQLoYJhH/U/JID9jX8bhYXUYDbE=
-20,-63,KPCWVG4Ae+gkVRxqRNmlLd1QkRM=,pvNkCRKNR690XzrSiD1GlrMDLvU=
-21,-63,KPCWVG4Ae+gkVRxqRNmlLd1QkRM=,AQLoYJhH/U/JID9jX8bhYXUYDbE=
-32,-60,KPCWVG4Ae+gkVRxqRNmlLd1QkRM=,atxhXUco5oQT3ES/iDdHiPHG40Q=
-17,-61,KPCWVG4Ae+gkVRxqRNmlLd1QkRM=,pvNkCRKNR690XzrSiD1GlrMDLvU=
-27,-64,KPCWVG4Ae+gkVRxqRNmlLd1QkRM=,pZHSEBeZc1f4DbMnkGYLLwyyTVY=
-31,-56,KPCWVG4Ae+gkVRxqRNmlLd1QkRM=,z00FGJJu+uWaJ7HINL+jQYzRI8U=
-31,-55,KPCWVG4Ae+gkVRxqRNmlLd1QkRM=,z00FGJJu+uWaJ7HINL+jQYzRI8U=
-28,-64,KPCWVG4Ae+gkVRxqRNmlLd1QkRM=,pZHSEBeZc1f4DbMnkGYLLwyyTVY=
-31,-58,KPCWVG4Ae+gkVRxqRNmlLd1QkRM=,atxhXUco5oQT3ES/iDdHiPHG40Q=
-32,-56,KPCWVG4Ae+gkVRxqRNmlLd1QkRM=,z00FGJJu+uWaJ7HINL+jQYzRI8U=
-19,-63,KPCWVG4Ae+gkVRxqRNmlLd1QkRM=,pvNkCRKNR690XzrSiD1GlrMDLvU=
-32,-57,KPCWVG4Ae+gkVRxqRNmlLd1QkRM=,atxhXUco5oQT3ES/iDdHiPHG40Q=
-31,-59,KPCWVG4Ae+gkVRxqRNmlLd1QkRM=,atxhXUco5oQT3ES/iDdHiPHG40Q=
-32,-58,KPCWVG4Ae+gkVRxqRNmlLd1QkRM=,atxhXUco5oQT3ES/iDdHiPHG40Q=
-31,-57,KPCWVG4Ae+gkVRxqRNmlLd1QkRM=,atxhXUco5oQT3ES/iDdHiPHG40Q=
-22,-62,KPCWVG4Ae+gkVRxqRNmlLd1QkRM=,AQLoYJhH/U/JID9jX8bhYXUYDbE=
-28,-63,KPCWVG4Ae+gkVRxqRNmlLd1QkRM=,pZHSEBeZc1f4DbMnkGYLLwyyTVY=
-32,-55,KPCWVG4Ae+gkVRxqRNmlLd1QkRM=,z00FGJJu+uWaJ7HINL+jQYzRI8U=
-32,-49,KPCWVG4Ae+gkVRxqRNmlLd1QkRM=,z00FGJJu+uWaJ7HINL+jQYzRI8U=
-31,-52,KPCWVG4Ae+gkVRxqRNmlLd1QkRM=,z00FGJJu+uWaJ7HINL+jQYzRI8U=
-23,-63,KPCWVG4Ae+gkVRxqRNmlLd1QkRM=,AQLoYJhH/U/JID9jX8bhYXUYDbE=
-32,-53,KPCWVG4Ae+gkVRxqRNmlLd1QkRM=,z00FGJJu+uWaJ7HINL+jQYzRI8U=
-32,-61,KPCWVG4Ae+gkVRxqRNmlLd1QkRM=,atxhXUco5oQT3ES/iDdHiPHG40Q=
-31,-61,KPCWVG4Ae+gkVRxqRNmlLd1QkRM=,atxhXUco5oQT3ES/iDdHiPHG40Q=
-22,-49,KPCWVG4Ae+gkVRxqRNmlLd1QkRM=,AQLoYJhH/U/JID9jX8bhYXUYDbE=
-28,-50,KPCWVG4Ae+gkVRxqRNmlLd1QkRM=,pZHSEBeZc1f4DbMnkGYLLwyyTVY=
-22,-63,KPCWVG4Ae+gkVRxqRNmlLd1QkRM=,AQLoYJhH/U/JID9jX8bhYXUYDbE=
-21,-50,KPCWVG4Ae+gkVRxqRNmlLd1QkRM=,AQLoYJhH/U/JID9jX8bhYXUYDbE=
-22,-50,KPCWVG4Ae+gkVRxqRNmlLd1QkRM=,AQLoYJhH/U/JID9jX8bhYXUYDbE=
-31,-60,KPCWVG4Ae+gkVRxqRNmlLd1QkRM=,atxhXUco5oQT3ES/iDdHiPHG40Q=
-27,-63,KPCWVG4Ae+gkVRxqRNmlLd1QkRM=,pZHSEBeZc1f4DbMnkGYLLwyyTVY=
-19,-49,KPCWVG4Ae+gkVRxqRNmlLd1QkRM=,pvNkCRKNR690XzrSiD1GlrMDLvU=
-31,-53,KPCWVG4Ae+gkVRxqRNmlLd1QkRM=,z00FGJJu+uWaJ7HINL+jQYzRI8U=
-29,-63,KPCWVG4Ae+gkVRxqRNmlLd1QkRM=,atxhXUco5oQT3ES/iDdHiPHG40Q=
-31,-54,KPCWVG4Ae+gkVRxqRNmlLd1QkRM=,z00FGJJu+uWaJ7HINL+jQYzRI8U=
-32,-54,KPCWVG4Ae+gkVRxqRNmlLd1QkRM=,z00FGJJu+uWaJ7HINL+jQYzRI8U=
-20,-49,KPCWVG4Ae+gkVRxqRNmlLd1QkRM=,pvNkCRKNR690XzrSiD1GlrMDLvU=
-20,-50,KPCWVG4Ae+gkVRxqRNmlLd1QkRM=,pvNkCRKNR690XzrSiD1GlrMDLvU=
-31,-62,KPCWVG4Ae+gkVRxqRNmlLd1QkRM=,atxhXUco5oQT3ES/iDdHiPHG40Q=
-31,-51,KPCWVG4Ae+gkVRxqRNmlLd1QkRM=,z00FGJJu+uWaJ7HINL+jQYzRI8U=
-19,-50,KPCWVG4Ae+gkVRxqRNmlLd1QkRM=,pvNkCRKNR690XzrSiD1GlrMDLvU=
-21,-49,KPCWVG4Ae+gkVRxqRNmlLd1QkRM=,AQLoYJhH/U/JID9jX8bhYXUYDbE=
-31,-49,KPCWVG4Ae+gkVRxqRNmlLd1QkRM=,z00FGJJu+uWaJ7HINL+jQYzRI8U=
-23,-49,KPCWVG4Ae+gkVRxqRNmlLd1QkRM=,AQLoYJhH/U/JID9jX8bhYXUYDbE=
-31,-50,KPCWVG4Ae+gkVRxqRNmlLd1QkRM=,z00FGJJu+uWaJ7HINL+jQYzRI8U=
-30,-64,KPCWVG4Ae+gkVRxqRNmlLd1QkRM=,atxhXUco5oQT3ES/iDdHiPHG40Q=
-29,-49,KPCWVG4Ae+gkVRxqRNmlLd1QkRM=,z00FGJJu+uWaJ7HINL+jQYzRI8U=
-27,-49,KPCWVG4Ae+gkVRxqRNmlLd1QkRM=,pZHSEBeZc1f4DbMnkGYLLwyyTVY=
-18,-49,KPCWVG4Ae+gkVRxqRNmlLd1QkRM=,pvNkCRKNR690XzrSiD1GlrMDLvU=
-25,-49,KPCWVG4Ae+gkVRxqRNmlLd1QkRM=,pZHSEBeZc1f4DbMnkGYLLwyyTVY=
-29,-64,KPCWVG4Ae+gkVRxqRNmlLd1QkRM=,atxhXUco5oQT3ES/iDdHiPHG40Q=
-17,-50,KPCWVG4Ae+gkVRxqRNmlLd1QkRM=,pvNkCRKNR690XzrSiD1GlrMDLvU=
-18,-50,KPCWVG4Ae+gkVRxqRNmlLd1QkRM=,pvNkCRKNR690XzrSiD1GlrMDLvU=
-17,-49,KPCWVG4Ae+gkVRxqRNmlLd1QkRM=,pvNkCRKNR690XzrSiD1GlrMDLvU=
-27,-50,KPCWVG4Ae+gkVRxqRNmlLd1QkRM=,pZHSEBeZc1f4DbMnkGYLLwyyTVY=
-32,-52,KPCWVG4Ae+gkVRxqRNmlLd1QkRM=,z00FGJJu+uWaJ7HINL+jQYzRI8U=
-17,-57,KPCWVG4Ae+gkVRxqRNmlLd1QkRM=,pvNkCRKNR690XzrSiD1GlrMDLvU=
-32,-51,KPCWVG4Ae+gkVRxqRNmlLd1QkRM=,z00FGJJu+uWaJ7HINL+jQYzRI8U=
-24,-50,KPCWVG4Ae+gkVRxqRNmlLd1QkRM=,AQLoYJhH/U/JID9jX8bhYXUYDbE=
-17,-58,KPCWVG4Ae+gkVRxqRNmlLd1QkRM=,pvNkCRKNR690XzrSiD1GlrMDLvU=
-32,-62,KPCWVG4Ae+gkVRxqRNmlLd1QkRM=,atxhXUco5oQT3ES/iDdHiPHG40Q=
-17,-55,KPCWVG4Ae+gkVRxqRNmlLd1QkRM=,pvNkCRKNR690XzrSiD1GlrMDLvU=
-18,-57,KPCWVG4Ae+gkVRxqRNmlLd1QkRM=,pvNkCRKNR690XzrSiD1GlrMDLvU=
-17,-52,KPCWVG4Ae+gkVRxqRNmlLd1QkRM=,pvNkCRKNR690XzrSiD1GlrMDLvU=
-18,-54,KPCWVG4Ae+gkVRxqRNmlLd1QkRM=,pvNkCRKNR690XzrSiD1GlrMDLvU=
-18,-52,KPCWVG4Ae+gkVRxqRNmlLd1QkRM=,pvNkCRKNR690XzrSiD1GlrMDLvU=
-18,-56,KPCWVG4Ae+gkVRxqRNmlLd1QkRM=,pvNkCRKNR690XzrSiD1GlrMDLvU=
-18,-58,KPCWVG4Ae+gkVRxqRNmlLd1QkRM=,pvNkCRKNR690XzrSiD1GlrMDLvU=
-17,-56,KPCWVG4Ae+gkVRxqRNmlLd1QkRM=,pvNkCRKNR690XzrSiD1GlrMDLvU=
-18,-51,KPCWVG4Ae+gkVRxqRNmlLd1QkRM=,pvNkCRKNR690XzrSiD1GlrMDLvU=
-18,-53,KPCWVG4Ae+gkVRxqRNmlLd1QkRM=,pvNkCRKNR690XzrSiD1GlrMDLvU=
-26,-49,KPCWVG4Ae+gkVRxqRNmlLd1QkRM=,pZHSEBeZc1f4DbMnkGYLLwyyTVY=
-32,-50,KPCWVG4Ae+gkVRxqRNmlLd1QkRM=,z00FGJJu+uWaJ7HINL+jQYzRI8U=
-17,-51,KPCWVG4Ae+gkVRxqRNmlLd1QkRM=,pvNkCRKNR690XzrSiD1GlrMDLvU=
-24,-49,KPCWVG4Ae+gkVRxqRNmlLd1QkRM=,AQLoYJhH/U/JID9jX8bhYXUYDbE=
-17,-53,KPCWVG4Ae+gkVRxqRNmlLd1QkRM=,pvNkCRKNR690XzrSiD1GlrMDLvU=
-26,-50,KPCWVG4Ae+gkVRxqRNmlLd1QkRM=,pZHSEBeZc1f4DbMnkGYLLwyyTVY=
-18,-55,KPCWVG4Ae+gkVRxqRNmlLd1QkRM=,pvNkCRKNR690XzrSiD1GlrMDLvU=
-30,-63,KPCWVG4Ae+gkVRxqRNmlLd1QkRM=,atxhXUco5oQT3ES/iDdHiPHG40Q=
-17,-54,KPCWVG4Ae+gkVRxqRNmlLd1QkRM=,pvNkCRKNR690XzrSiD1GlrMDLvU=
-30,-49,KPCWVG4Ae+gkVRxqRNmlLd1QkRM=,z00FGJJu+uWaJ7HINL+jQYzRI8U=
-23,-50,KPCWVG4Ae+gkVRxqRNmlLd1QkRM=,AQLoYJhH/U/JID9jX8bhYXUYDbE=
-28,-49,KPCWVG4Ae+gkVRxqRNmlLd1QkRM=,pZHSEBeZc1f4DbMnkGYLLwyyTVY=
-31,-63,KPCWVG4Ae+gkVRxqRNmlLd1QkRM=,atxhXUco5oQT3ES/iDdHiPHG40Q=
-30,-50,KPCWVG4Ae+gkVRxqRNmlLd1QkRM=,z00FGJJu+uWaJ7HINL+jQYzRI8U=
-32,-63,KPCWVG4Ae+gkVRxqRNmlLd1QkRM=,atxhXUco5oQT3ES/iDdHiPHG40Q=
-29,-50,KPCWVG4Ae+gkVRxqRNmlLd1QkRM=,z00FGJJu+uWaJ7HINL+jQYzRI8U=
-25,-50,KPCWVG4Ae+gkVRxqRNmlLd1QkRM=,pZHSEBeZc1f4DbMnkGYLLwyyTVY=
-32,-64,KPCWVG4Ae+gkVRxqRNmlLd1QkRM=,atxhXUco5oQT3ES/iDdHiPHG40Q=
-18,-64,KPCWVG4Ae+gkVRxqRNmlLd1QkRM=,pvNkCRKNR690XzrSiD1GlrMDLvU=
-31,-64,KPCWVG4Ae+gkVRxqRNmlLd1QkRM=,atxhXUco5oQT3ES/iDdHiPHG40Q=
-18,-63,KPCWVG4Ae+gkVRxqRNmlLd1QkRM=,pvNkCRKNR690XzrSiD1GlrMDLvU=
-17,-63,KPCWVG4Ae+gkVRxqRNmlLd1QkRM=,pvNkCRKNR690XzrSiD1GlrMDLvU=
-17,-64,KPCWVG4Ae+gkVRxqRNmlLd1QkRM=,pvNkCRKNR690XzrSiD1GlrMDLvU=
-30,-35,J43R2x7FfQVUXGgmm+jOFjPfeBU=,zoWISVymE+QSzylx3j0f604xA9s=
-29,-35,J43R2x7FfQVUXGgmm+jOFjPfeBU=,zoWISVymE+QSzylx3j0f604xA9s=
-30,-36,HdtaWpykrIQ8If7akdm3Ayyfkcg=,zoWISVymE+QSzylx3j0f604xA9s=
-27,-37,AwSaPItgtnPt/yJEP5LYH4OUPyM=,Au+9d52jrNyK/aZq6BvCMQQ/Gkw=
-28,-37,rhJa3ycOQxtMThxsjK7Mn5K1bL4=,Au+9d52jrNyK/aZq6BvCMQQ/Gkw=
-28,-38,rhJa3ycOQxtMThxsjK7Mn5K1bL4=,Au+9d52jrNyK/aZq6BvCMQQ/Gkw=
-27,-38,izoA/KjAogqmlf12XYmPdJEEvbA=,Au+9d52jrNyK/aZq6BvCMQQ/Gkw=
-28,-35,izoA/KjAogqmlf12XYmPdJEEvbA=,7e4g7IOvsnAaIf3X4okyjHeHg20=
-27,-36,ZMPB5d+u7vKaDcFoyMfZd5/gsDw=,7e4g7IOvsnAaIf3X4okyjHeHg20=
-29,-37,ZMPB5d+u7vKaDcFoyMfZd5/gsDw=,z00FGJJu+uWaJ7HINL+jQYzRI8U=
-28,-36,ZMPB5d+u7vKaDcFoyMfZd5/gsDw=,7e4g7IOvsnAaIf3X4okyjHeHg20=
-27,-35,ab814njj+2/bpTTNf6vHO4GHNQM=,7e4g7IOvsnAaIf3X4okyjHeHg20=
-26,-37,ab814njj+2/bpTTNf6vHO4GHNQM=,Au+9d52jrNyK/aZq6BvCMQQ/Gkw=
-29,-36,ab814njj+2/bpTTNf6vHO4GHNQM=,zoWISVymE+QSzylx3j0f604xA9s=
-26,-38,ab814njj+2/bpTTNf6vHO4GHNQM=,Au+9d52jrNyK/aZq6BvCMQQ/Gkw=
-30,-37,epkSlpvmtEBjxVBmPEnfzLpclwE=,z00FGJJu+uWaJ7HINL+jQYzRI8U=
-25,-37,epkSlpvmtEBjxVBmPEnfzLpclwE=,Au+9d52jrNyK/aZq6BvCMQQ/Gkw=
-24,-37,cNMro3bRUW9rPyv9cIaF8BfC3rc=,AQLoYJhH/U/JID9jX8bhYXUYDbE=
-25,-38,cNMro3bRUW9rPyv9cIaF8BfC3rc=,Au+9d52jrNyK/aZq6BvCMQQ/Gkw=
-29,-38,afjbDh/6MmckDlkAM7oRwf/u5nA=,z00FGJJu+uWaJ7HINL+jQYzRI8U=
-22,-37,afjbDh/6MmckDlkAM7oRwf/u5nA=,AQLoYJhH/U/JID9jX8bhYXUYDbE=
-20,-38,afjbDh/6MmckDlkAM7oRwf/u5nA=,pvNkCRKNR690XzrSiD1GlrMDLvU=
-23,-38,afjbDh/6MmckDlkAM7oRwf/u5nA=,AQLoYJhH/U/JID9jX8bhYXUYDbE=
-19,-38,afjbDh/6MmckDlkAM7oRwf/u5nA=,pvNkCRKNR690XzrSiD1GlrMDLvU=
-19,-37,afjbDh/6MmckDlkAM7oRwf/u5nA=,pvNkCRKNR690XzrSiD1GlrMDLvU=
-20,-37,afjbDh/6MmckDlkAM7oRwf/u5nA=,pvNkCRKNR690XzrSiD1GlrMDLvU=
-25,-35,afjbDh/6MmckDlkAM7oRwf/u5nA=,7e4g7IOvsnAaIf3X4okyjHeHg20=
-24,-38,afjbDh/6MmckDlkAM7oRwf/u5nA=,AQLoYJhH/U/JID9jX8bhYXUYDbE=
-21,-38,afjbDh/6MmckDlkAM7oRwf/u5nA=,AQLoYJhH/U/JID9jX8bhYXUYDbE=
-22,-35,afjbDh/6MmckDlkAM7oRwf/u5nA=,VPIctUxHK4GoWYrkj9T7DJbLPDQ=
-23,-37,afjbDh/6MmckDlkAM7oRwf/u5nA=,AQLoYJhH/U/JID9jX8bhYXUYDbE=
-21,-35,afjbDh/6MmckDlkAM7oRwf/u5nA=,VPIctUxHK4GoWYrkj9T7DJbLPDQ=
-21,-37,afjbDh/6MmckDlkAM7oRwf/u5nA=,AQLoYJhH/U/JID9jX8bhYXUYDbE=
-30,-38,afjbDh/6MmckDlkAM7oRwf/u5nA=,z00FGJJu+uWaJ7HINL+jQYzRI8U=
-22,-36,afjbDh/6MmckDlkAM7oRwf/u5nA=,VPIctUxHK4GoWYrkj9T7DJbLPDQ=
-19,-36,afjbDh/6MmckDlkAM7oRwf/u5nA=,j3wg/b2YFuKecDDcDsCrP84rp+8=
-26,-36,afjbDh/6MmckDlkAM7oRwf/u5nA=,7e4g7IOvsnAaIf3X4okyjHeHg20=
-26,-35,afjbDh/6MmckDlkAM7oRwf/u5nA=,7e4g7IOvsnAaIf3X4okyjHeHg20=
-19,-35,afjbDh/6MmckDlkAM7oRwf/u5nA=,j3wg/b2YFuKecDDcDsCrP84rp+8=
-20,-35,afjbDh/6MmckDlkAM7oRwf/u5nA=,j3wg/b2YFuKecDDcDsCrP84rp+8=
-22,-38,afjbDh/6MmckDlkAM7oRwf/u5nA=,AQLoYJhH/U/JID9jX8bhYXUYDbE=
-23,-35,afjbDh/6MmckDlkAM7oRwf/u5nA=,VPIctUxHK4GoWYrkj9T7DJbLPDQ=
-21,-36,afjbDh/6MmckDlkAM7oRwf/u5nA=,VPIctUxHK4GoWYrkj9T7DJbLPDQ=
-24,-35,afjbDh/6MmckDlkAM7oRwf/u5nA=,VPIctUxHK4GoWYrkj9T7DJbLPDQ=
-24,-36,afjbDh/6MmckDlkAM7oRwf/u5nA=,VPIctUxHK4GoWYrkj9T7DJbLPDQ=
-20,-36,afjbDh/6MmckDlkAM7oRwf/u5nA=,j3wg/b2YFuKecDDcDsCrP84rp+8=
-25,-39,afjbDh/6MmckDlkAM7oRwf/u5nA=,Au+9d52jrNyK/aZq6BvCMQQ/Gkw=
-23,-39,afjbDh/6MmckDlkAM7oRwf/u5nA=,AQLoYJhH/U/JID9jX8bhYXUYDbE=
-23,-36,afjbDh/6MmckDlkAM7oRwf/u5nA=,VPIctUxHK4GoWYrkj9T7DJbLPDQ=
-25,-36,afjbDh/6MmckDlkAM7oRwf/u5nA=,7e4g7IOvsnAaIf3X4okyjHeHg20=
-24,-39,afjbDh/6MmckDlkAM7oRwf/u5nA=,AQLoYJhH/U/JID9jX8bhYXUYDbE=
-26,-39,afjbDh/6MmckDlkAM7oRwf/u5nA=,Au+9d52jrNyK/aZq6BvCMQQ/Gkw=
-23,-42,afjbDh/6MmckDlkAM7oRwf/u5nA=,AQLoYJhH/U/JID9jX8bhYXUYDbE=
-25,-40,afjbDh/6MmckDlkAM7oRwf/u5nA=,Au+9d52jrNyK/aZq6BvCMQQ/Gkw=
-25,-46,afjbDh/6MmckDlkAM7oRwf/u5nA=,pZHSEBeZc1f4DbMnkGYLLwyyTVY=
-25,-44,afjbDh/6MmckDlkAM7oRwf/u5nA=,pZHSEBeZc1f4DbMnkGYLLwyyTVY=
-26,-44,afjbDh/6MmckDlkAM7oRwf/u5nA=,pZHSEBeZc1f4DbMnkGYLLwyyTVY=
-23,-41,afjbDh/6MmckDlkAM7oRwf/u5nA=,AQLoYJhH/U/JID9jX8bhYXUYDbE=
-24,-46,afjbDh/6MmckDlkAM7oRwf/u5nA=,AQLoYJhH/U/JID9jX8bhYXUYDbE=
-23,-43,afjbDh/6MmckDlkAM7oRwf/u5nA=,AQLoYJhH/U/JID9jX8bhYXUYDbE=
-24,-43,afjbDh/6MmckDlkAM7oRwf/u5nA=,AQLoYJhH/U/JID9jX8bhYXUYDbE=
-26,-45,afjbDh/6MmckDlkAM7oRwf/u5nA=,pZHSEBeZc1f4DbMnkGYLLwyyTVY=
-23,-46,afjbDh/6MmckDlkAM7oRwf/u5nA=,AQLoYJhH/U/JID9jX8bhYXUYDbE=
-24,-44,afjbDh/6MmckDlkAM7oRwf/u5nA=,AQLoYJhH/U/JID9jX8bhYXUYDbE=
-26,-42,afjbDh/6MmckDlkAM7oRwf/u5nA=,pZHSEBeZc1f4DbMnkGYLLwyyTVY=
-24,-45,afjbDh/6MmckDlkAM7oRwf/u5nA=,AQLoYJhH/U/JID9jX8bhYXUYDbE=
-26,-46,afjbDh/6MmckDlkAM7oRwf/u5nA=,pZHSEBeZc1f4DbMnkGYLLwyyTVY=
-23,-45,afjbDh/6MmckDlkAM7oRwf/u5nA=,AQLoYJhH/U/JID9jX8bhYXUYDbE=
-25,-42,afjbDh/6MmckDlkAM7oRwf/u5nA=,pZHSEBeZc1f4DbMnkGYLLwyyTVY=
-25,-45,afjbDh/6MmckDlkAM7oRwf/u5nA=,pZHSEBeZc1f4DbMnkGYLLwyyTVY=
-26,-43,afjbDh/6MmckDlkAM7oRwf/u5nA=,pZHSEBeZc1f4DbMnkGYLLwyyTVY=
-24,-42,afjbDh/6MmckDlkAM7oRwf/u5nA=,AQLoYJhH/U/JID9jX8bhYXUYDbE=
-23,-44,afjbDh/6MmckDlkAM7oRwf/u5nA=,AQLoYJhH/U/JID9jX8bhYXUYDbE=
-28,-44,afjbDh/6MmckDlkAM7oRwf/u5nA=,pZHSEBeZc1f4DbMnkGYLLwyyTVY=
-25,-43,afjbDh/6MmckDlkAM7oRwf/u5nA=,pZHSEBeZc1f4DbMnkGYLLwyyTVY=
-28,-45,afjbDh/6MmckDlkAM7oRwf/u5nA=,pZHSEBeZc1f4DbMnkGYLLwyyTVY=
-28,-43,afjbDh/6MmckDlkAM7oRwf/u5nA=,pZHSEBeZc1f4DbMnkGYLLwyyTVY=
-28,-46,afjbDh/6MmckDlkAM7oRwf/u5nA=,pZHSEBeZc1f4DbMnkGYLLwyyTVY=
-25,-41,afjbDh/6MmckDlkAM7oRwf/u5nA=,pZHSEBeZc1f4DbMnkGYLLwyyTVY=
-27,-44,afjbDh/6MmckDlkAM7oRwf/u5nA=,pZHSEBeZc1f4DbMnkGYLLwyyTVY=
-27,-45,afjbDh/6MmckDlkAM7oRwf/u5nA=,pZHSEBeZc1f4DbMnkGYLLwyyTVY=
-27,-46,afjbDh/6MmckDlkAM7oRwf/u5nA=,pZHSEBeZc1f4DbMnkGYLLwyyTVY=
-27,-43,afjbDh/6MmckDlkAM7oRwf/u5nA=,pZHSEBeZc1f4DbMnkGYLLwyyTVY=
-26,-40,afjbDh/6MmckDlkAM7oRwf/u5nA=,Au+9d52jrNyK/aZq6BvCMQQ/Gkw=
-29,-42,afjbDh/6MmckDlkAM7oRwf/u5nA=,z00FGJJu+uWaJ7HINL+jQYzRI8U=
-24,-40,afjbDh/6MmckDlkAM7oRwf/u5nA=,AQLoYJhH/U/JID9jX8bhYXUYDbE=
-29,-44,afjbDh/6MmckDlkAM7oRwf/u5nA=,z00FGJJu+uWaJ7HINL+jQYzRI8U=
-30,-44,afjbDh/6MmckDlkAM7oRwf/u5nA=,z00FGJJu+uWaJ7HINL+jQYzRI8U=
-30,-39,afjbDh/6MmckDlkAM7oRwf/u5nA=,z00FGJJu+uWaJ7HINL+jQYzRI8U=
-29,-39,afjbDh/6MmckDlkAM7oRwf/u5nA=,z00FGJJu+uWaJ7HINL+jQYzRI8U=
-28,-39,afjbDh/6MmckDlkAM7oRwf/u5nA=,Au+9d52jrNyK/aZq6BvCMQQ/Gkw=
-29,-45,afjbDh/6MmckDlkAM7oRwf/u5nA=,z00FGJJu+uWaJ7HINL+jQYzRI8U=
-30,-45,afjbDh/6MmckDlkAM7oRwf/u5nA=,z00FGJJu+uWaJ7HINL+jQYzRI8U=
-29,-43,afjbDh/6MmckDlkAM7oRwf/u5nA=,z00FGJJu+uWaJ7HINL+jQYzRI8U=
-26,-41,afjbDh/6MmckDlkAM7oRwf/u5nA=,pZHSEBeZc1f4DbMnkGYLLwyyTVY=
-30,-41,afjbDh/6MmckDlkAM7oRwf/u5nA=,z00FGJJu+uWaJ7HINL+jQYzRI8U=
-30,-43,afjbDh/6MmckDlkAM7oRwf/u5nA=,z00FGJJu+uWaJ7HINL+jQYzRI8U=
-30,-42,afjbDh/6MmckDlkAM7oRwf/u5nA=,z00FGJJu+uWaJ7HINL+jQYzRI8U=
-24,-41,afjbDh/6MmckDlkAM7oRwf/u5nA=,AQLoYJhH/U/JID9jX8bhYXUYDbE=
-22,-43,afjbDh/6MmckDlkAM7oRwf/u5nA=,AQLoYJhH/U/JID9jX8bhYXUYDbE=
-21,-45,afjbDh/6MmckDlkAM7oRwf/u5nA=,AQLoYJhH/U/JID9jX8bhYXUYDbE=
-22,-44,afjbDh/6MmckDlkAM7oRwf/u5nA=,AQLoYJhH/U/JID9jX8bhYXUYDbE=
-22,-45,afjbDh/6MmckDlkAM7oRwf/u5nA=,AQLoYJhH/U/JID9jX8bhYXUYDbE=
-22,-46,afjbDh/6MmckDlkAM7oRwf/u5nA=,AQLoYJhH/U/JID9jX8bhYXUYDbE=
-30,-46,afjbDh/6MmckDlkAM7oRwf/u5nA=,z00FGJJu+uWaJ7HINL+jQYzRI8U=
-27,-39,afjbDh/6MmckDlkAM7oRwf/u5nA=,Au+9d52jrNyK/aZq6BvCMQQ/Gkw=
-29,-41,afjbDh/6MmckDlkAM7oRwf/u5nA=,z00FGJJu+uWaJ7HINL+jQYzRI8U=
-21,-46,afjbDh/6MmckDlkAM7oRwf/u5nA=,AQLoYJhH/U/JID9jX8bhYXUYDbE=
-19,-46,afjbDh/6MmckDlkAM7oRwf/u5nA=,pvNkCRKNR690XzrSiD1GlrMDLvU=
-23,-40,afjbDh/6MmckDlkAM7oRwf/u5nA=,AQLoYJhH/U/JID9jX8bhYXUYDbE=
-28,-42,afjbDh/6MmckDlkAM7oRwf/u5nA=,pZHSEBeZc1f4DbMnkGYLLwyyTVY=
-28,-41,afjbDh/6MmckDlkAM7oRwf/u5nA=,pZHSEBeZc1f4DbMnkGYLLwyyTVY=
-27,-41,afjbDh/6MmckDlkAM7oRwf/u5nA=,pZHSEBeZc1f4DbMnkGYLLwyyTVY=
-27,-42,afjbDh/6MmckDlkAM7oRwf/u5nA=,pZHSEBeZc1f4DbMnkGYLLwyyTVY=
-20,-45,afjbDh/6MmckDlkAM7oRwf/u5nA=,pvNkCRKNR690XzrSiD1GlrMDLvU=
-20,-41,afjbDh/6MmckDlkAM7oRwf/u5nA=,pvNkCRKNR690XzrSiD1GlrMDLvU=
-20,-46,afjbDh/6MmckDlkAM7oRwf/u5nA=,pvNkCRKNR690XzrSiD1GlrMDLvU=
-29,-46,afjbDh/6MmckDlkAM7oRwf/u5nA=,z00FGJJu+uWaJ7HINL+jQYzRI8U=
-29,-40,afjbDh/6MmckDlkAM7oRwf/u5nA=,z00FGJJu+uWaJ7HINL+jQYzRI8U=
-17,-41,afjbDh/6MmckDlkAM7oRwf/u5nA=,pvNkCRKNR690XzrSiD1GlrMDLvU=
-19,-44,afjbDh/6MmckDlkAM7oRwf/u5nA=,pvNkCRKNR690XzrSiD1GlrMDLvU=
-22,-41,afjbDh/6MmckDlkAM7oRwf/u5nA=,AQLoYJhH/U/JID9jX8bhYXUYDbE=
-19,-45,afjbDh/6MmckDlkAM7oRwf/u5nA=,pvNkCRKNR690XzrSiD1GlrMDLvU=
-18,-46,afjbDh/6MmckDlkAM7oRwf/u5nA=,pvNkCRKNR690XzrSiD1GlrMDLvU=
-27,-40,afjbDh/6MmckDlkAM7oRwf/u5nA=,Au+9d52jrNyK/aZq6BvCMQQ/Gkw=
-20,-39,afjbDh/6MmckDlkAM7oRwf/u5nA=,pvNkCRKNR690XzrSiD1GlrMDLvU=
-19,-41,afjbDh/6MmckDlkAM7oRwf/u5nA=,pvNkCRKNR690XzrSiD1GlrMDLvU=
-19,-39,afjbDh/6MmckDlkAM7oRwf/u5nA=,pvNkCRKNR690XzrSiD1GlrMDLvU=
-18,-44,afjbDh/6MmckDlkAM7oRwf/u5nA=,pvNkCRKNR690XzrSiD1GlrMDLvU=
-18,-43,afjbDh/6MmckDlkAM7oRwf/u5nA=,pvNkCRKNR690XzrSiD1GlrMDLvU=
-17,-42,afjbDh/6MmckDlkAM7oRwf/u5nA=,pvNkCRKNR690XzrSiD1GlrMDLvU=
-17,-43,afjbDh/6MmckDlkAM7oRwf/u5nA=,pvNkCRKNR690XzrSiD1GlrMDLvU=
-17,-44,afjbDh/6MmckDlkAM7oRwf/u5nA=,pvNkCRKNR690XzrSiD1GlrMDLvU=
-21,-41,afjbDh/6MmckDlkAM7oRwf/u5nA=,AQLoYJhH/U/JID9jX8bhYXUYDbE=
-19,-43,afjbDh/6MmckDlkAM7oRwf/u5nA=,pvNkCRKNR690XzrSiD1GlrMDLvU=
-19,-40,afjbDh/6MmckDlkAM7oRwf/u5nA=,pvNkCRKNR690XzrSiD1GlrMDLvU=
-17,-37,afjbDh/6MmckDlkAM7oRwf/u5nA=,pvNkCRKNR690XzrSiD1GlrMDLvU=
-22,-40,afjbDh/6MmckDlkAM7oRwf/u5nA=,AQLoYJhH/U/JID9jX8bhYXUYDbE=
-20,-40,afjbDh/6MmckDlkAM7oRwf/u5nA=,pvNkCRKNR690XzrSiD1GlrMDLvU=
-18,-41,afjbDh/6MmckDlkAM7oRwf/u5nA=,pvNkCRKNR690XzrSiD1GlrMDLvU=
-20,-42,afjbDh/6MmckDlkAM7oRwf/u5nA=,pvNkCRKNR690XzrSiD1GlrMDLvU=
-19,-42,afjbDh/6MmckDlkAM7oRwf/u5nA=,pvNkCRKNR690XzrSiD1GlrMDLvU=
-21,-44,afjbDh/6MmckDlkAM7oRwf/u5nA=,AQLoYJhH/U/JID9jX8bhYXUYDbE=
-18,-39,afjbDh/6MmckDlkAM7oRwf/u5nA=,pvNkCRKNR690XzrSiD1GlrMDLvU=
-21,-43,afjbDh/6MmckDlkAM7oRwf/u5nA=,AQLoYJhH/U/JID9jX8bhYXUYDbE=
-20,-44,afjbDh/6MmckDlkAM7oRwf/u5nA=,pvNkCRKNR690XzrSiD1GlrMDLvU=
-18,-42,afjbDh/6MmckDlkAM7oRwf/u5nA=,pvNkCRKNR690XzrSiD1GlrMDLvU=
-18,-45,afjbDh/6MmckDlkAM7oRwf/u5nA=,pvNkCRKNR690XzrSiD1GlrMDLvU=
-20,-43,afjbDh/6MmckDlkAM7oRwf/u5nA=,pvNkCRKNR690XzrSiD1GlrMDLvU=
-17,-36,afjbDh/6MmckDlkAM7oRwf/u5nA=,j3wg/b2YFuKecDDcDsCrP84rp+8=
-17,-45,afjbDh/6MmckDlkAM7oRwf/u5nA=,pvNkCRKNR690XzrSiD1GlrMDLvU=
-17,-46,afjbDh/6MmckDlkAM7oRwf/u5nA=,pvNkCRKNR690XzrSiD1GlrMDLvU=
-18,-38,afjbDh/6MmckDlkAM7oRwf/u5nA=,pvNkCRKNR690XzrSiD1GlrMDLvU=
-22,-42,afjbDh/6MmckDlkAM7oRwf/u5nA=,AQLoYJhH/U/JID9jX8bhYXUYDbE=
-17,-33,afjbDh/6MmckDlkAM7oRwf/u5nA=,j3wg/b2YFuKecDDcDsCrP84rp+8=
-22,-39,afjbDh/6MmckDlkAM7oRwf/u5nA=,AQLoYJhH/U/JID9jX8bhYXUYDbE=
-21,-42,afjbDh/6MmckDlkAM7oRwf/u5nA=,AQLoYJhH/U/JID9jX8bhYXUYDbE=
-20,-33,afjbDh/6MmckDlkAM7oRwf/u5nA=,j3wg/b2YFuKecDDcDsCrP84rp+8=
-19,-33,afjbDh/6MmckDlkAM7oRwf/u5nA=,j3wg/b2YFuKecDDcDsCrP84rp+8=
-18,-33,afjbDh/6MmckDlkAM7oRwf/u5nA=,j3wg/b2YFuKecDDcDsCrP84rp+8=
-21,-40,afjbDh/6MmckDlkAM7oRwf/u5nA=,AQLoYJhH/U/JID9jX8bhYXUYDbE=
-17,-35,afjbDh/6MmckDlkAM7oRwf/u5nA=,j3wg/b2YFuKecDDcDsCrP84rp+8=
-30,-40,afjbDh/6MmckDlkAM7oRwf/u5nA=,z00FGJJu+uWaJ7HINL+jQYzRI8U=
-17,-40,afjbDh/6MmckDlkAM7oRwf/u5nA=,pvNkCRKNR690XzrSiD1GlrMDLvU=
-21,-33,afjbDh/6MmckDlkAM7oRwf/u5nA=,VPIctUxHK4GoWYrkj9T7DJbLPDQ=
-29,-34,afjbDh/6MmckDlkAM7oRwf/u5nA=,zoWISVymE+QSzylx3j0f604xA9s=
-22,-33,afjbDh/6MmckDlkAM7oRwf/u5nA=,VPIctUxHK4GoWYrkj9T7DJbLPDQ=
-28,-40,afjbDh/6MmckDlkAM7oRwf/u5nA=,Au+9d52jrNyK/aZq6BvCMQQ/Gkw=
-18,-34,afjbDh/6MmckDlkAM7oRwf/u5nA=,j3wg/b2YFuKecDDcDsCrP84rp+8=
-21,-39,afjbDh/6MmckDlkAM7oRwf/u5nA=,AQLoYJhH/U/JID9jX8bhYXUYDbE=
-18,-35,afjbDh/6MmckDlkAM7oRwf/u5nA=,j3wg/b2YFuKecDDcDsCrP84rp+8=
-17,-38,afjbDh/6MmckDlkAM7oRwf/u5nA=,pvNkCRKNR690XzrSiD1GlrMDLvU=
-29,-33,afjbDh/6MmckDlkAM7oRwf/u5nA=,zoWISVymE+QSzylx3j0f604xA9s=
-22,-34,afjbDh/6MmckDlkAM7oRwf/u5nA=,VPIctUxHK4GoWYrkj9T7DJbLPDQ=
-17,-34,afjbDh/6MmckDlkAM7oRwf/u5nA=,j3wg/b2YFuKecDDcDsCrP84rp+8=
-20,-34,afjbDh/6MmckDlkAM7oRwf/u5nA=,j3wg/b2YFuKecDDcDsCrP84rp+8=
-17,-39,afjbDh/6MmckDlkAM7oRwf/u5nA=,pvNkCRKNR690XzrSiD1GlrMDLvU=
-30,-34,afjbDh/6MmckDlkAM7oRwf/u5nA=,zoWISVymE+QSzylx3j0f604xA9s=
-23,-48,afjbDh/6MmckDlkAM7oRwf/u5nA=,AQLoYJhH/U/JID9jX8bhYXUYDbE=
-25,-48,afjbDh/6MmckDlkAM7oRwf/u5nA=,pZHSEBeZc1f4DbMnkGYLLwyyTVY=
-18,-40,afjbDh/6MmckDlkAM7oRwf/u5nA=,pvNkCRKNR690XzrSiD1GlrMDLvU=
-30,-33,afjbDh/6MmckDlkAM7oRwf/u5nA=,zoWISVymE+QSzylx3j0f604xA9s=
-28,-33,afjbDh/6MmckDlkAM7oRwf/u5nA=,7e4g7IOvsnAaIf3X4okyjHeHg20=
-19,-34,afjbDh/6MmckDlkAM7oRwf/u5nA=,j3wg/b2YFuKecDDcDsCrP84rp+8=
-29,-48,afjbDh/6MmckDlkAM7oRwf/u5nA=,z00FGJJu+uWaJ7HINL+jQYzRI8U=
-28,-34,afjbDh/6MmckDlkAM7oRwf/u5nA=,7e4g7IOvsnAaIf3X4okyjHeHg20=
-32,-44,afjbDh/6MmckDlkAM7oRwf/u5nA=,z00FGJJu+uWaJ7HINL+jQYzRI8U=
-18,-37,afjbDh/6MmckDlkAM7oRwf/u5nA=,pvNkCRKNR690XzrSiD1GlrMDLvU=
-27,-33,afjbDh/6MmckDlkAM7oRwf/u5nA=,7e4g7IOvsnAaIf3X4okyjHeHg20=
-24,-48,afjbDh/6MmckDlkAM7oRwf/u5nA=,AQLoYJhH/U/JID9jX8bhYXUYDbE=
-23,-47,afjbDh/6MmckDlkAM7oRwf/u5nA=,AQLoYJhH/U/JID9jX8bhYXUYDbE=
-27,-48,afjbDh/6MmckDlkAM7oRwf/u5nA=,pZHSEBeZc1f4DbMnkGYLLwyyTVY=
-31,-43,afjbDh/6MmckDlkAM7oRwf/u5nA=,z00FGJJu+uWaJ7HINL+jQYzRI8U=
-26,-47,afjbDh/6MmckDlkAM7oRwf/u5nA=,pZHSEBeZc1f4DbMnkGYLLwyyTVY=
-24,-34,afjbDh/6MmckDlkAM7oRwf/u5nA=,VPIctUxHK4GoWYrkj9T7DJbLPDQ=
-21,-34,afjbDh/6MmckDlkAM7oRwf/u5nA=,VPIctUxHK4GoWYrkj9T7DJbLPDQ=
-28,-48,afjbDh/6MmckDlkAM7oRwf/u5nA=,pZHSEBeZc1f4DbMnkGYLLwyyTVY=
-24,-47,afjbDh/6MmckDlkAM7oRwf/u5nA=,AQLoYJhH/U/JID9jX8bhYXUYDbE=
-25,-47,afjbDh/6MmckDlkAM7oRwf/u5nA=,pZHSEBeZc1f4DbMnkGYLLwyyTVY=
-23,-34,afjbDh/6MmckDlkAM7oRwf/u5nA=,VPIctUxHK4GoWYrkj9T7DJbLPDQ=
-32,-40,afjbDh/6MmckDlkAM7oRwf/u5nA=,z00FGJJu+uWaJ7HINL+jQYzRI8U=
-31,-41,afjbDh/6MmckDlkAM7oRwf/u5nA=,z00FGJJu+uWaJ7HINL+jQYzRI8U=
-31,-46,afjbDh/6MmckDlkAM7oRwf/u5nA=,z00FGJJu+uWaJ7HINL+jQYzRI8U=
-24,-33,afjbDh/6MmckDlkAM7oRwf/u5nA=,VPIctUxHK4GoWYrkj9T7DJbLPDQ=
-27,-34,afjbDh/6MmckDlkAM7oRwf/u5nA=,7e4g7IOvsnAaIf3X4okyjHeHg20=
-18,-36,afjbDh/6MmckDlkAM7oRwf/u5nA=,j3wg/b2YFuKecDDcDsCrP84rp+8=
-32,-42,afjbDh/6MmckDlkAM7oRwf/u5nA=,z00FGJJu+uWaJ7HINL+jQYzRI8U=
-32,-45,afjbDh/6MmckDlkAM7oRwf/u5nA=,z00FGJJu+uWaJ7HINL+jQYzRI8U=
-32,-43,afjbDh/6MmckDlkAM7oRwf/u5nA=,z00FGJJu+uWaJ7HINL+jQYzRI8U=
-31,-42,afjbDh/6MmckDlkAM7oRwf/u5nA=,z00FGJJu+uWaJ7HINL+jQYzRI8U=
-32,-41,afjbDh/6MmckDlkAM7oRwf/u5nA=,z00FGJJu+uWaJ7HINL+jQYzRI8U=
-32,-38,afjbDh/6MmckDlkAM7oRwf/u5nA=,z00FGJJu+uWaJ7HINL+jQYzRI8U=
-31,-44,afjbDh/6MmckDlkAM7oRwf/u5nA=,z00FGJJu+uWaJ7HINL+jQYzRI8U=
-22,-48,afjbDh/6MmckDlkAM7oRwf/u5nA=,AQLoYJhH/U/JID9jX8bhYXUYDbE=
-26,-33,afjbDh/6MmckDlkAM7oRwf/u5nA=,7e4g7IOvsnAaIf3X4okyjHeHg20=
-21,-47,afjbDh/6MmckDlkAM7oRwf/u5nA=,AQLoYJhH/U/JID9jX8bhYXUYDbE=
-31,-36,afjbDh/6MmckDlkAM7oRwf/u5nA=,zoWISVymE+QSzylx3j0f604xA9s=
-27,-47,afjbDh/6MmckDlkAM7oRwf/u5nA=,pZHSEBeZc1f4DbMnkGYLLwyyTVY=
-22,-47,afjbDh/6MmckDlkAM7oRwf/u5nA=,AQLoYJhH/U/JID9jX8bhYXUYDbE=
-26,-48,afjbDh/6MmckDlkAM7oRwf/u5nA=,pZHSEBeZc1f4DbMnkGYLLwyyTVY=
-21,-48,afjbDh/6MmckDlkAM7oRwf/u5nA=,AQLoYJhH/U/JID9jX8bhYXUYDbE=
-25,-34,afjbDh/6MmckDlkAM7oRwf/u5nA=,7e4g7IOvsnAaIf3X4okyjHeHg20=
-31,-45,afjbDh/6MmckDlkAM7oRwf/u5nA=,z00FGJJu+uWaJ7HINL+jQYzRI8U=
-28,-47,afjbDh/6MmckDlkAM7oRwf/u5nA=,pZHSEBeZc1f4DbMnkGYLLwyyTVY=
-26,-34,afjbDh/6MmckDlkAM7oRwf/u5nA=,7e4g7IOvsnAaIf3X4okyjHeHg20=
-23,-33,afjbDh/6MmckDlkAM7oRwf/u5nA=,VPIctUxHK4GoWYrkj9T7DJbLPDQ=
-30,-48,afjbDh/6MmckDlkAM7oRwf/u5nA=,z00FGJJu+uWaJ7HINL+jQYzRI8U=
-32,-46,afjbDh/6MmckDlkAM7oRwf/u5nA=,z00FGJJu+uWaJ7HINL+jQYzRI8U=
-19,-48,afjbDh/6MmckDlkAM7oRwf/u5nA=,pvNkCRKNR690XzrSiD1GlrMDLvU=
-19,-47,afjbDh/6MmckDlkAM7oRwf/u5nA=,pvNkCRKNR690XzrSiD1GlrMDLvU=
-20,-47,afjbDh/6MmckDlkAM7oRwf/u5nA=,pvNkCRKNR690XzrSiD1GlrMDLvU=
-20,-48,afjbDh/6MmckDlkAM7oRwf/u5nA=,pvNkCRKNR690XzrSiD1GlrMDLvU=
-29,-47,afjbDh/6MmckDlkAM7oRwf/u5nA=,z00FGJJu+uWaJ7HINL+jQYzRI8U=
-17,-47,afjbDh/6MmckDlkAM7oRwf/u5nA=,pvNkCRKNR690XzrSiD1GlrMDLvU=
-17,-48,afjbDh/6MmckDlkAM7oRwf/u5nA=,pvNkCRKNR690XzrSiD1GlrMDLvU=
-30,-47,afjbDh/6MmckDlkAM7oRwf/u5nA=,z00FGJJu+uWaJ7HINL+jQYzRI8U=
-32,-48,afjbDh/6MmckDlkAM7oRwf/u5nA=,z00FGJJu+uWaJ7HINL+jQYzRI8U=
-18,-47,afjbDh/6MmckDlkAM7oRwf/u5nA=,pvNkCRKNR690XzrSiD1GlrMDLvU=
-31,-37,afjbDh/6MmckDlkAM7oRwf/u5nA=,z00FGJJu+uWaJ7HINL+jQYzRI8U=
-31,-38,afjbDh/6MmckDlkAM7oRwf/u5nA=,z00FGJJu+uWaJ7HINL+jQYzRI8U=
-18,-48,afjbDh/6MmckDlkAM7oRwf/u5nA=,pvNkCRKNR690XzrSiD1GlrMDLvU=
-31,-33,afjbDh/6MmckDlkAM7oRwf/u5nA=,zoWISVymE+QSzylx3j0f604xA9s=
-32,-33,afjbDh/6MmckDlkAM7oRwf/u5nA=,zoWISVymE+QSzylx3j0f604xA9s=
-31,-48,afjbDh/6MmckDlkAM7oRwf/u5nA=,z00FGJJu+uWaJ7HINL+jQYzRI8U=
-31,-47,afjbDh/6MmckDlkAM7oRwf/u5nA=,z00FGJJu+uWaJ7HINL+jQYzRI8U=
-32,-35,afjbDh/6MmckDlkAM7oRwf/u5nA=,zoWISVymE+QSzylx3j0f604xA9s=
-32,-47,afjbDh/6MmckDlkAM7oRwf/u5nA=,z00FGJJu+uWaJ7HINL+jQYzRI8U=
-31,-35,afjbDh/6MmckDlkAM7oRwf/u5nA=,zoWISVymE+QSzylx3j0f604xA9s=
-31,-34,afjbDh/6MmckDlkAM7oRwf/u5nA=,zoWISVymE+QSzylx3j0f604xA9s=
-32,-34,afjbDh/6MmckDlkAM7oRwf/u5nA=,zoWISVymE+QSzylx3j0f604xA9s=
-32,-39,afjbDh/6MmckDlkAM7oRwf/u5nA=,z00FGJJu+uWaJ7HINL+jQYzRI8U=
-31,-39,afjbDh/6MmckDlkAM7oRwf/u5nA=,z00FGJJu+uWaJ7HINL+jQYzRI8U=
-31,-40,afjbDh/6MmckDlkAM7oRwf/u5nA=,z00FGJJu+uWaJ7HINL+jQYzRI8U=
-25,-33,afjbDh/6MmckDlkAM7oRwf/u5nA=,7e4g7IOvsnAaIf3X4okyjHeHg20=
-32,-37,afjbDh/6MmckDlkAM7oRwf/u5nA=,z00FGJJu+uWaJ7HINL+jQYzRI8U=
-32,-36,afjbDh/6MmckDlkAM7oRwf/u5nA=,zoWISVymE+QSzylx3j0f604xA9s=
