-54,3,X9GNJ1ypLCSkETyOxqcWS1nMC+Q=,nf1J4gqYmt5VjEeNEMeVaj7S3Qs=
-54,5,X9GNJ1ypLCSkETyOxqcWS1nMC+Q=,nf1J4gqYmt5VjEeNEMeVaj7S3Qs=
-53,5,bACHPIsVcqLBOZRAxttaMh1wfCQ=,nf1J4gqYmt5VjEeNEMeVaj7S3Qs=
-52,4,bACHPIsVcqLBOZRAxttaMh1wfCQ=,qvvtUY23waySFtFWYopq8L+Pzyo=
-54,4,bACHPIsVcqLBOZRAxttaMh1wfCQ=,nf1J4gqYmt5VjEeNEMeVaj7S3Qs=
-53,4,bACHPIsVcqLBOZRAxttaMh1wfCQ=,nf1J4gqYmt5VjEeNEMeVaj7S3Qs=
-53,3,bACHPIsVcqLBOZRAxttaMh1wfCQ=,nf1J4gqYmt5VjEeNEMeVaj7S3Qs=
-51,4,bACHPIsVcqLBOZRAxttaMh1wfCQ=,qvvtUY23waySFtFWYopq8L+Pzyo=
-52,5,bACHPIsVcqLBOZRAxttaMh1wfCQ=,qvvtUY23waySFtFWYopq8L+Pzyo=
-54,2,bACHPIsVcqLBOZRAxttaMh1wfCQ=,nf1J4gqYmt5VjEeNEMeVaj7S3Qs=
-51,5,NGP4Si11w0d1RxHAy5mEyTrNXjQ=,qvvtUY23waySFtFWYopq8L+Pzyo=
-52,3,NGP4Si11w0d1RxHAy5mEyTrNXjQ=,qvvtUY23waySFtFWYopq8L+Pzyo=
-52,2,NGP4Si11w0d1RxHAy5mEyTrNXjQ=,qvvtUY23waySFtFWYopq8L+Pzyo=
-51,3,1xOoJ7U8dkqSRLb/vmoLDBVK3iM=,qvvtUY23waySFtFWYopq8L+Pzyo=
-53,2,1xOoJ7U8dkqSRLb/vmoLDBVK3iM=,nf1J4gqYmt5VjEeNEMeVaj7S3Qs=
-51,2,/y6ZY4wrf3s21v3+uoHt1xRaKWM=,qvvtUY23waySFtFWYopq8L+Pzyo=
-54,6,/y6ZY4wrf3s21v3+uoHt1xRaKWM=,nf1J4gqYmt5VjEeNEMeVaj7S3Qs=
-53,6,/y6ZY4wrf3s21v3+uoHt1xRaKWM=,nf1J4gqYmt5VjEeNEMeVaj7S3Qs=
-53,7,/y6ZY4wrf3s21v3+uoHt1xRaKWM=,nf1J4gqYmt5VjEeNEMeVaj7S3Qs=
-54,7,/y6ZY4wrf3s21v3+uoHt1xRaKWM=,nf1J4gqYmt5VjEeNEMeVaj7S3Qs=
-52,6,uMcNqEhi2rnhEbdbfamoV4YTdT8=,qvvtUY23waySFtFWYopq8L+Pzyo=
-51,6,uMcNqEhi2rnhEbdbfamoV4YTdT8=,qvvtUY23waySFtFWYopq8L+Pzyo=
-53,9,c27KsOCNpTaOz+SwiGtidkW5yCg=,4EozU00Ii1iiM6ZMiTcoBVzg2W8=
-52,7,c27KsOCNpTaOz+SwiGtidkW5yCg=,qvvtUY23waySFtFWYopq8L+Pzyo=
-57,7,c27KsOCNpTaOz+SwiGtidkW5yCg=,TYa+vk8iQsm3wSq7/YuPYoR1Mw0=
-51,8,BhFeymSUFCgwFEf8WXnwjHIZo2g=,PqPNIRHBYokiD9YHa+Pr0Nn89GM=
-57,3,BhFeymSUFCgwFEf8WXnwjHIZo2g=,/R84a7XV368dPs1qv9m2JPTwwRg=
-57,5,BhFeymSUFCgwFEf8WXnwjHIZo2g=,TYa+vk8iQsm3wSq7/YuPYoR1Mw0=
-51,7,BhFeymSUFCgwFEf8WXnwjHIZo2g=,qvvtUY23waySFtFWYopq8L+Pzyo=
-56,4,BhFeymSUFCgwFEf8WXnwjHIZo2g=,nf1J4gqYmt5VjEeNEMeVaj7S3Qs=
-54,8,ztnWoQmV+w82HIL3cMBTHY7euCU=,4EozU00Ii1iiM6ZMiTcoBVzg2W8=
-54,9,ztnWoQmV+w82HIL3cMBTHY7euCU=,4EozU00Ii1iiM6ZMiTcoBVzg2W8=
-55,3,ztnWoQmV+w82HIL3cMBTHY7euCU=,nf1J4gqYmt5VjEeNEMeVaj7S3Qs=
-58,7,ztnWoQmV+w82HIL3cMBTHY7euCU=,TYa+vk8iQsm3wSq7/YuPYoR1Mw0=
-58,5,ztnWoQmV+w82HIL3cMBTHY7euCU=,TYa+vk8iQsm3wSq7/YuPYoR1Mw0=
-52,8,ztnWoQmV+w82HIL3cMBTHY7euCU=,PqPNIRHBYokiD9YHa+Pr0Nn89GM=
-57,6,PCFg4lQ051dO9nyg/7CZtcK3aVc=,TYa+vk8iQsm3wSq7/YuPYoR1Mw0=
-58,4,PCFg4lQ051dO9nyg/7CZtcK3aVc=,TYa+vk8iQsm3wSq7/YuPYoR1Mw0=
-55,5,PCFg4lQ051dO9nyg/7CZtcK3aVc=,nf1J4gqYmt5VjEeNEMeVaj7S3Qs=
-55,4,PCFg4lQ051dO9nyg/7CZtcK3aVc=,nf1J4gqYmt5VjEeNEMeVaj7S3Qs=
-55,6,PCFg4lQ051dO9nyg/7CZtcK3aVc=,nf1J4gqYmt5VjEeNEMeVaj7S3Qs=
-51,9,PCFg4lQ051dO9nyg/7CZtcK3aVc=,PqPNIRHBYokiD9YHa+Pr0Nn89GM=
-55,2,PCFg4lQ051dO9nyg/7CZtcK3aVc=,nf1J4gqYmt5VjEeNEMeVaj7S3Qs=
-56,3,PCFg4lQ051dO9nyg/7CZtcK3aVc=,nf1J4gqYmt5VjEeNEMeVaj7S3Qs=
-53,8,PCFg4lQ051dO9nyg/7CZtcK3aVc=,4EozU00Ii1iiM6ZMiTcoBVzg2W8=
-58,3,TxmypziwdTSOYbvEx1MNqioQBkY=,/R84a7XV368dPs1qv9m2JPTwwRg=
-56,2,TxmypziwdTSOYbvEx1MNqioQBkY=,nf1J4gqYmt5VjEeNEMeVaj7S3Qs=
-52,9,TxmypziwdTSOYbvEx1MNqioQBkY=,PqPNIRHBYokiD9YHa+Pr0Nn89GM=
-56,5,TxmypziwdTSOYbvEx1MNqioQBkY=,nf1J4gqYmt5VjEeNEMeVaj7S3Qs=
-57,2,TxmypziwdTSOYbvEx1MNqioQBkY=,/R84a7XV368dPs1qv9m2JPTwwRg=
-57,4,mcniS/ttOok9wWDmzPlT7DTYaT8=,TYa+vk8iQsm3wSq7/YuPYoR1Mw0=
-57,8,mcniS/ttOok9wWDmzPlT7DTYaT8=,qbz91rUzctXKbPUW3vbQmXGiW/M=
-55,8,dt5gf+VcUQIIPO9GHsipWCGuU9Q=,4EozU00Ii1iiM6ZMiTcoBVzg2W8=
-56,7,Myq7e8kkaTiNL3tz+jKVd1pb8Iw=,nf1J4gqYmt5VjEeNEMeVaj7S3Qs=
-58,6,Myq7e8kkaTiNL3tz+jKVd1pb8Iw=,TYa+vk8iQsm3wSq7/YuPYoR1Mw0=
-60,11,Myq7e8kkaTiNL3tz+jKVd1pb8Iw=,qbz91rUzctXKbPUW3vbQmXGiW/M=
-56,6,Myq7e8kkaTiNL3tz+jKVd1pb8Iw=,nf1J4gqYmt5VjEeNEMeVaj7S3Qs=
-55,9,Myq7e8kkaTiNL3tz+jKVd1pb8Iw=,4EozU00Ii1iiM6ZMiTcoBVzg2W8=
-60,13,Myq7e8kkaTiNL3tz+jKVd1pb8Iw=,qbz91rUzctXKbPUW3vbQmXGiW/M=
-59,10,Myq7e8kkaTiNL3tz+jKVd1pb8Iw=,qbz91rUzctXKbPUW3vbQmXGiW/M=
-56,9,Myq7e8kkaTiNL3tz+jKVd1pb8Iw=,4EozU00Ii1iiM6ZMiTcoBVzg2W8=
-59,12,Myq7e8kkaTiNL3tz+jKVd1pb8Iw=,qbz91rUzctXKbPUW3vbQmXGiW/M=
-61,3,Myq7e8kkaTiNL3tz+jKVd1pb8Iw=,m50maCCCT3vZwDjsXXFJaCo1pDw=
-60,8,Myq7e8kkaTiNL3tz+jKVd1pb8Iw=,qbz91rUzctXKbPUW3vbQmXGiW/M=
-60,7,Myq7e8kkaTiNL3tz+jKVd1pb8Iw=,TYa+vk8iQsm3wSq7/YuPYoR1Mw0=
-55,7,Myq7e8kkaTiNL3tz+jKVd1pb8Iw=,nf1J4gqYmt5VjEeNEMeVaj7S3Qs=
-64,13,Myq7e8kkaTiNL3tz+jKVd1pb8Iw=,WSEbBjl/xPo9gldaj7aUAHbHlRk=
-58,2,Myq7e8kkaTiNL3tz+jKVd1pb8Iw=,/R84a7XV368dPs1qv9m2JPTwwRg=
-62,8,Myq7e8kkaTiNL3tz+jKVd1pb8Iw=,WSEbBjl/xPo9gldaj7aUAHbHlRk=
-56,8,Myq7e8kkaTiNL3tz+jKVd1pb8Iw=,4EozU00Ii1iiM6ZMiTcoBVzg2W8=
-62,4,Myq7e8kkaTiNL3tz+jKVd1pb8Iw=,m50maCCCT3vZwDjsXXFJaCo1pDw=
-61,2,Myq7e8kkaTiNL3tz+jKVd1pb8Iw=,m50maCCCT3vZwDjsXXFJaCo1pDw=
-61,8,Myq7e8kkaTiNL3tz+jKVd1pb8Iw=,WSEbBjl/xPo9gldaj7aUAHbHlRk=
-63,10,Myq7e8kkaTiNL3tz+jKVd1pb8Iw=,WSEbBjl/xPo9gldaj7aUAHbHlRk=
-61,4,Myq7e8kkaTiNL3tz+jKVd1pb8Iw=,m50maCCCT3vZwDjsXXFJaCo1pDw=
-60,2,Myq7e8kkaTiNL3tz+jKVd1pb8Iw=,/R84a7XV368dPs1qv9m2JPTwwRg=
-59,13,Myq7e8kkaTiNL3tz+jKVd1pb8Iw=,qbz91rUzctXKbPUW3vbQmXGiW/M=
-60,12,Myq7e8kkaTiNL3tz+jKVd1pb8Iw=,qbz91rUzctXKbPUW3vbQmXGiW/M=
-58,9,Myq7e8kkaTiNL3tz+jKVd1pb8Iw=,qbz91rUzctXKbPUW3vbQmXGiW/M=
-57,9,Myq7e8kkaTiNL3tz+jKVd1pb8Iw=,qbz91rUzctXKbPUW3vbQmXGiW/M=
-58,8,Myq7e8kkaTiNL3tz+jKVd1pb8Iw=,qbz91rUzctXKbPUW3vbQmXGiW/M=
-60,4,Myq7e8kkaTiNL3tz+jKVd1pb8Iw=,TYa+vk8iQsm3wSq7/YuPYoR1Mw0=
-59,9,Myq7e8kkaTiNL3tz+jKVd1pb8Iw=,qbz91rUzctXKbPUW3vbQmXGiW/M=
-62,0,Myq7e8kkaTiNL3tz+jKVd1pb8Iw=,m50maCCCT3vZwDjsXXFJaCo1pDw=
-59,11,Myq7e8kkaTiNL3tz+jKVd1pb8Iw=,qbz91rUzctXKbPUW3vbQmXGiW/M=
-59,8,Myq7e8kkaTiNL3tz+jKVd1pb8Iw=,qbz91rUzctXKbPUW3vbQmXGiW/M=
-60,10,Myq7e8kkaTiNL3tz+jKVd1pb8Iw=,qbz91rUzctXKbPUW3vbQmXGiW/M=
-64,11,Myq7e8kkaTiNL3tz+jKVd1pb8Iw=,WSEbBjl/xPo9gldaj7aUAHbHlRk=
-60,5,Myq7e8kkaTiNL3tz+jKVd1pb8Iw=,TYa+vk8iQsm3wSq7/YuPYoR1Mw0=
-61,0,Myq7e8kkaTiNL3tz+jKVd1pb8Iw=,m50maCCCT3vZwDjsXXFJaCo1pDw=
-62,9,Myq7e8kkaTiNL3tz+jKVd1pb8Iw=,WSEbBjl/xPo9gldaj7aUAHbHlRk=
-61,7,Myq7e8kkaTiNL3tz+jKVd1pb8Iw=,m50maCCCT3vZwDjsXXFJaCo1pDw=
-64,10,Myq7e8kkaTiNL3tz+jKVd1pb8Iw=,WSEbBjl/xPo9gldaj7aUAHbHlRk=
-60,0,Myq7e8kkaTiNL3tz+jKVd1pb8Iw=,/R84a7XV368dPs1qv9m2JPTwwRg=
-55,0,Myq7e8kkaTiNL3tz+jKVd1pb8Iw=,nf1J4gqYmt5VjEeNEMeVaj7S3Qs=
-55,1,Myq7e8kkaTiNL3tz+jKVd1pb8Iw=,nf1J4gqYmt5VjEeNEMeVaj7S3Qs=
-64,12,Myq7e8kkaTiNL3tz+jKVd1pb8Iw=,WSEbBjl/xPo9gldaj7aUAHbHlRk=
-57,0,Myq7e8kkaTiNL3tz+jKVd1pb8Iw=,/R84a7XV368dPs1qv9m2JPTwwRg=
-59,0,Myq7e8kkaTiNL3tz+jKVd1pb8Iw=,/R84a7XV368dPs1qv9m2JPTwwRg=
-61,5,Myq7e8kkaTiNL3tz+jKVd1pb8Iw=,m50maCCCT3vZwDjsXXFJaCo1pDw=
-53,0,Myq7e8kkaTiNL3tz+jKVd1pb8Iw=,nf1J4gqYmt5VjEeNEMeVaj7S3Qs=
-62,1,Myq7e8kkaTiNL3tz+jKVd1pb8Iw=,m50maCCCT3vZwDjsXXFJaCo1pDw=
-61,1,Myq7e8kkaTiNL3tz+jKVd1pb8Iw=,m50maCCCT3vZwDjsXXFJaCo1pDw=
-59,1,Myq7e8kkaTiNL3tz+jKVd1pb8Iw=,/R84a7XV368dPs1qv9m2JPTwwRg=
-63,13,Myq7e8kkaTiNL3tz+jKVd1pb8Iw=,WSEbBjl/xPo9gldaj7aUAHbHlRk=
-58,0,Myq7e8kkaTiNL3tz+jKVd1pb8Iw=,/R84a7XV368dPs1qv9m2JPTwwRg=
-49,0,Myq7e8kkaTiNL3tz+jKVd1pb8Iw=,qvvtUY23waySFtFWYopq8L+Pzyo=
-56,1,Myq7e8kkaTiNL3tz+jKVd1pb8Iw=,nf1J4gqYmt5VjEeNEMeVaj7S3Qs=
-56,0,Myq7e8kkaTiNL3tz+jKVd1pb8Iw=,nf1J4gqYmt5VjEeNEMeVaj7S3Qs=
-58,1,Myq7e8kkaTiNL3tz+jKVd1pb8Iw=,/R84a7XV368dPs1qv9m2JPTwwRg=
-57,1,Myq7e8kkaTiNL3tz+jKVd1pb8Iw=,/R84a7XV368dPs1qv9m2JPTwwRg=
-51,0,Myq7e8kkaTiNL3tz+jKVd1pb8Iw=,qvvtUY23waySFtFWYopq8L+Pzyo=
-62,2,Myq7e8kkaTiNL3tz+jKVd1pb8Iw=,m50maCCCT3vZwDjsXXFJaCo1pDw=
-54,0,Myq7e8kkaTiNL3tz+jKVd1pb8Iw=,nf1J4gqYmt5VjEeNEMeVaj7S3Qs=
-61,11,Myq7e8kkaTiNL3tz+jKVd1pb8Iw=,WSEbBjl/xPo9gldaj7aUAHbHlRk=
-62,3,Myq7e8kkaTiNL3tz+jKVd1pb8Iw=,m50maCCCT3vZwDjsXXFJaCo1pDw=
-62,7,Myq7e8kkaTiNL3tz+jKVd1pb8Iw=,m50maCCCT3vZwDjsXXFJaCo1pDw=
-62,5,Myq7e8kkaTiNL3tz+jKVd1pb8Iw=,m50maCCCT3vZwDjsXXFJaCo1pDw=
-50,0,Myq7e8kkaTiNL3tz+jKVd1pb8Iw=,qvvtUY23waySFtFWYopq8L+Pzyo=
-49,3,Myq7e8kkaTiNL3tz+jKVd1pb8Iw=,qvvtUY23waySFtFWYopq8L+Pzyo=
-49,7,Myq7e8kkaTiNL3tz+jKVd1pb8Iw=,qvvtUY23waySFtFWYopq8L+Pzyo=
-54,1,Myq7e8kkaTiNL3tz+jKVd1pb8Iw=,nf1J4gqYmt5VjEeNEMeVaj7S3Qs=
-53,1,Myq7e8kkaTiNL3tz+jKVd1pb8Iw=,nf1J4gqYmt5VjEeNEMeVaj7S3Qs=
-62,11,Myq7e8kkaTiNL3tz+jKVd1pb8Iw=,WSEbBjl/xPo9gldaj7aUAHbHlRk=
-59,4,Myq7e8kkaTiNL3tz+jKVd1pb8Iw=,TYa+vk8iQsm3wSq7/YuPYoR1Mw0=
-60,1,Myq7e8kkaTiNL3tz+jKVd1pb8Iw=,/R84a7XV368dPs1qv9m2JPTwwRg=
-61,9,Myq7e8kkaTiNL3tz+jKVd1pb8Iw=,WSEbBjl/xPo9gldaj7aUAHbHlRk=
-50,9,Myq7e8kkaTiNL3tz+jKVd1pb8Iw=,PqPNIRHBYokiD9YHa+Pr0Nn89GM=
-52,0,Myq7e8kkaTiNL3tz+jKVd1pb8Iw=,qvvtUY23waySFtFWYopq8L+Pzyo=
-49,5,Myq7e8kkaTiNL3tz+jKVd1pb8Iw=,qvvtUY23waySFtFWYopq8L+Pzyo=
-61,12,Myq7e8kkaTiNL3tz+jKVd1pb8Iw=,WSEbBjl/xPo9gldaj7aUAHbHlRk=
-60,3,Myq7e8kkaTiNL3tz+jKVd1pb8Iw=,/R84a7XV368dPs1qv9m2JPTwwRg=
-61,6,Myq7e8kkaTiNL3tz+jKVd1pb8Iw=,m50maCCCT3vZwDjsXXFJaCo1pDw=
-60,9,Myq7e8kkaTiNL3tz+jKVd1pb8Iw=,qbz91rUzctXKbPUW3vbQmXGiW/M=
-59,7,Myq7e8kkaTiNL3tz+jKVd1pb8Iw=,TYa+vk8iQsm3wSq7/YuPYoR1Mw0=
-63,11,Myq7e8kkaTiNL3tz+jKVd1pb8Iw=,WSEbBjl/xPo9gldaj7aUAHbHlRk=
-62,12,Myq7e8kkaTiNL3tz+jKVd1pb8Iw=,WSEbBjl/xPo9gldaj7aUAHbHlRk=
-59,5,Myq7e8kkaTiNL3tz+jKVd1pb8Iw=,TYa+vk8iQsm3wSq7/YuPYoR1Mw0=
-59,6,Myq7e8kkaTiNL3tz+jKVd1pb8Iw=,TYa+vk8iQsm3wSq7/YuPYoR1Mw0=
-49,1,Myq7e8kkaTiNL3tz+jKVd1pb8Iw=,qvvtUY23waySFtFWYopq8L+Pzyo=
-63,12,Myq7e8kkaTiNL3tz+jKVd1pb8Iw=,WSEbBjl/xPo9gldaj7aUAHbHlRk=
-59,2,Myq7e8kkaTiNL3tz+jKVd1pb8Iw=,/R84a7XV368dPs1qv9m2JPTwwRg=
-49,6,Myq7e8kkaTiNL3tz+jKVd1pb8Iw=,qvvtUY23waySFtFWYopq8L+Pzyo=
-59,3,Myq7e8kkaTiNL3tz+jKVd1pb8Iw=,/R84a7XV368dPs1qv9m2JPTwwRg=
-61,13,Myq7e8kkaTiNL3tz+jKVd1pb8Iw=,WSEbBjl/xPo9gldaj7aUAHbHlRk=
-49,4,Myq7e8kkaTiNL3tz+jKVd1pb8Iw=,qvvtUY23waySFtFWYopq8L+Pzyo=
-62,13,Myq7e8kkaTiNL3tz+jKVd1pb8Iw=,WSEbBjl/xPo9gldaj7aUAHbHlRk=
-50,11,Myq7e8kkaTiNL3tz+jKVd1pb8Iw=,PqPNIRHBYokiD9YHa+Pr0Nn89GM=
-50,8,Myq7e8kkaTiNL3tz+jKVd1pb8Iw=,PqPNIRHBYokiD9YHa+Pr0Nn89GM=
-51,11,Myq7e8kkaTiNL3tz+jKVd1pb8Iw=,PqPNIRHBYokiD9YHa+Pr0Nn89GM=
-52,1,Myq7e8kkaTiNL3tz+jKVd1pb8Iw=,qvvtUY23waySFtFWYopq8L+Pzyo=
-61,10,Myq7e8kkaTiNL3tz+jKVd1pb8Iw=,WSEbBjl/xPo9gldaj7aUAHbHlRk=
-49,10,Myq7e8kkaTiNL3tz+jKVd1pb8Iw=,PqPNIRHBYokiD9YHa+Pr0Nn89GM=
-62,10,Myq7e8kkaTiNL3tz+jKVd1pb8Iw=,WSEbBjl/xPo9gldaj7aUAHbHlRk=
-50,1,Myq7e8kkaTiNL3tz+jKVd1pb8Iw=,qvvtUY23waySFtFWYopq8L+Pzyo=
-50,4,Myq7e8kkaTiNL3tz+jKVd1pb8Iw=,qvvtUY23waySFtFWYopq8L+Pzyo=
-52,10,Myq7e8kkaTiNL3tz+jKVd1pb8Iw=,PqPNIRHBYokiD9YHa+Pr0Nn89GM=
-60,6,Myq7e8kkaTiNL3tz+jKVd1pb8Iw=,TYa+vk8iQsm3wSq7/YuPYoR1Mw0=
-50,10,Myq7e8kkaTiNL3tz+jKVd1pb8Iw=,PqPNIRHBYokiD9YHa+Pr0Nn89GM=
-50,2,Myq7e8kkaTiNL3tz+jKVd1pb8Iw=,qvvtUY23waySFtFWYopq8L+Pzyo=
-62,6,Myq7e8kkaTiNL3tz+jKVd1pb8Iw=,m50maCCCT3vZwDjsXXFJaCo1pDw=
-62,15,Myq7e8kkaTiNL3tz+jKVd1pb8Iw=,WSEbBjl/xPo9gldaj7aUAHbHlRk=
-50,3,Myq7e8kkaTiNL3tz+jKVd1pb8Iw=,qvvtUY23waySFtFWYopq8L+Pzyo=
-49,9,Myq7e8kkaTiNL3tz+jKVd1pb8Iw=,PqPNIRHBYokiD9YHa+Pr0Nn89GM=
-50,5,Myq7e8kkaTiNL3tz+jKVd1pb8Iw=,qvvtUY23waySFtFWYopq8L+Pzyo=
-61,14,Myq7e8kkaTiNL3tz+jKVd1pb8Iw=,WSEbBjl/xPo9gldaj7aUAHbHlRk=
-49,12,Myq7e8kkaTiNL3tz+jKVd1pb8Iw=,PqPNIRHBYokiD9YHa+Pr0Nn89GM=
-50,12,Myq7e8kkaTiNL3tz+jKVd1pb8Iw=,PqPNIRHBYokiD9YHa+Pr0Nn89GM=
-50,7,Myq7e8kkaTiNL3tz+jKVd1pb8Iw=,qvvtUY23waySFtFWYopq8L+Pzyo=
-49,13,Myq7e8kkaTiNL3tz+jKVd1pb8Iw=,PqPNIRHBYokiD9YHa+Pr0Nn89GM=
-57,11,Myq7e8kkaTiNL3tz+jKVd1pb8Iw=,qbz91rUzctXKbPUW3vbQmXGiW/M=
-51,10,Myq7e8kkaTiNL3tz+jKVd1pb8Iw=,PqPNIRHBYokiD9YHa+Pr0Nn89GM=
-49,11,Myq7e8kkaTiNL3tz+jKVd1pb8Iw=,PqPNIRHBYokiD9YHa+Pr0Nn89GM=
-62,14,Myq7e8kkaTiNL3tz+jKVd1pb8Iw=,WSEbBjl/xPo9gldaj7aUAHbHlRk=
-49,8,Myq7e8kkaTiNL3tz+jKVd1pb8Iw=,PqPNIRHBYokiD9YHa+Pr0Nn89GM=
-64,15,Myq7e8kkaTiNL3tz+jKVd1pb8Iw=,WSEbBjl/xPo9gldaj7aUAHbHlRk=
-50,13,Myq7e8kkaTiNL3tz+jKVd1pb8Iw=,PqPNIRHBYokiD9YHa+Pr0Nn89GM=
-61,15,Myq7e8kkaTiNL3tz+jKVd1pb8Iw=,WSEbBjl/xPo9gldaj7aUAHbHlRk=
-51,1,Myq7e8kkaTiNL3tz+jKVd1pb8Iw=,qvvtUY23waySFtFWYopq8L+Pzyo=
-57,15,Myq7e8kkaTiNL3tz+jKVd1pb8Iw=,qbz91rUzctXKbPUW3vbQmXGiW/M=
-58,15,Myq7e8kkaTiNL3tz+jKVd1pb8Iw=,qbz91rUzctXKbPUW3vbQmXGiW/M=
-49,15,Myq7e8kkaTiNL3tz+jKVd1pb8Iw=,PqPNIRHBYokiD9YHa+Pr0Nn89GM=
-49,2,Myq7e8kkaTiNL3tz+jKVd1pb8Iw=,qvvtUY23waySFtFWYopq8L+Pzyo=
-50,6,Myq7e8kkaTiNL3tz+jKVd1pb8Iw=,qvvtUY23waySFtFWYopq8L+Pzyo=
-56,11,Myq7e8kkaTiNL3tz+jKVd1pb8Iw=,4EozU00Ii1iiM6ZMiTcoBVzg2W8=
-55,11,Myq7e8kkaTiNL3tz+jKVd1pb8Iw=,4EozU00Ii1iiM6ZMiTcoBVzg2W8=
-63,15,Myq7e8kkaTiNL3tz+jKVd1pb8Iw=,WSEbBjl/xPo9gldaj7aUAHbHlRk=
-64,7,Myq7e8kkaTiNL3tz+jKVd1pb8Iw=,m50maCCCT3vZwDjsXXFJaCo1pDw=
-59,15,Myq7e8kkaTiNL3tz+jKVd1pb8Iw=,qbz91rUzctXKbPUW3vbQmXGiW/M=
-59,14,Myq7e8kkaTiNL3tz+jKVd1pb8Iw=,qbz91rUzctXKbPUW3vbQmXGiW/M=
-60,15,Myq7e8kkaTiNL3tz+jKVd1pb8Iw=,qbz91rUzctXKbPUW3vbQmXGiW/M=
-58,14,Myq7e8kkaTiNL3tz+jKVd1pb8Iw=,qbz91rUzctXKbPUW3vbQmXGiW/M=
-60,14,Myq7e8kkaTiNL3tz+jKVd1pb8Iw=,qbz91rUzctXKbPUW3vbQmXGiW/M=
-63,7,Myq7e8kkaTiNL3tz+jKVd1pb8Iw=,m50maCCCT3vZwDjsXXFJaCo1pDw=
-57,14,Myq7e8kkaTiNL3tz+jKVd1pb8Iw=,qbz91rUzctXKbPUW3vbQmXGiW/M=
-57,12,Myq7e8kkaTiNL3tz+jKVd1pb8Iw=,qbz91rUzctXKbPUW3vbQmXGiW/M=
-57,13,Myq7e8kkaTiNL3tz+jKVd1pb8Iw=,qbz91rUzctXKbPUW3vbQmXGiW/M=
-49,14,Myq7e8kkaTiNL3tz+jKVd1pb8Iw=,PqPNIRHBYokiD9YHa+Pr0Nn89GM=
-52,11,Myq7e8kkaTiNL3tz+jKVd1pb8Iw=,PqPNIRHBYokiD9YHa+Pr0Nn89GM=
-55,12,Myq7e8kkaTiNL3tz+jKVd1pb8Iw=,4EozU00Ii1iiM6ZMiTcoBVzg2W8=
-63,14,Myq7e8kkaTiNL3tz+jKVd1pb8Iw=,WSEbBjl/xPo9gldaj7aUAHbHlRk=
-50,15,Myq7e8kkaTiNL3tz+jKVd1pb8Iw=,PqPNIRHBYokiD9YHa+Pr0Nn89GM=
-58,11,Myq7e8kkaTiNL3tz+jKVd1pb8Iw=,qbz91rUzctXKbPUW3vbQmXGiW/M=
-64,14,Myq7e8kkaTiNL3tz+jKVd1pb8Iw=,WSEbBjl/xPo9gldaj7aUAHbHlRk=
-64,8,Myq7e8kkaTiNL3tz+jKVd1pb8Iw=,WSEbBjl/xPo9gldaj7aUAHbHlRk=
-54,11,Myq7e8kkaTiNL3tz+jKVd1pb8Iw=,4EozU00Ii1iiM6ZMiTcoBVzg2W8=
-51,12,Myq7e8kkaTiNL3tz+jKVd1pb8Iw=,PqPNIRHBYokiD9YHa+Pr0Nn89GM=
-58,13,Myq7e8kkaTiNL3tz+jKVd1pb8Iw=,qbz91rUzctXKbPUW3vbQmXGiW/M=
-51,13,Myq7e8kkaTiNL3tz+jKVd1pb8Iw=,PqPNIRHBYokiD9YHa+Pr0Nn89GM=
-64,6,Myq7e8kkaTiNL3tz+jKVd1pb8Iw=,m50maCCCT3vZwDjsXXFJaCo1pDw=
-51,14,Myq7e8kkaTiNL3tz+jKVd1pb8Iw=,PqPNIRHBYokiD9YHa+Pr0Nn89GM=
-63,9,Myq7e8kkaTiNL3tz+jKVd1pb8Iw=,WSEbBjl/xPo9gldaj7aUAHbHlRk=
-56,12,Myq7e8kkaTiNL3tz+jKVd1pb8Iw=,4EozU00Ii1iiM6ZMiTcoBVzg2W8=
-50,14,Myq7e8kkaTiNL3tz+jKVd1pb8Iw=,PqPNIRHBYokiD9YHa+Pr0Nn89GM=
-53,11,Myq7e8kkaTiNL3tz+jKVd1pb8Iw=,4EozU00Ii1iiM6ZMiTcoBVzg2W8=
-56,15,Myq7e8kkaTiNL3tz+jKVd1pb8Iw=,4EozU00Ii1iiM6ZMiTcoBVzg2W8=
-55,15,Myq7e8kkaTiNL3tz+jKVd1pb8Iw=,4EozU00Ii1iiM6ZMiTcoBVzg2W8=
-63,6,Myq7e8kkaTiNL3tz+jKVd1pb8Iw=,m50maCCCT3vZwDjsXXFJaCo1pDw=
-52,14,Myq7e8kkaTiNL3tz+jKVd1pb8Iw=,PqPNIRHBYokiD9YHa+Pr0Nn89GM=
-54,14,Myq7e8kkaTiNL3tz+jKVd1pb8Iw=,4EozU00Ii1iiM6ZMiTcoBVzg2W8=
-58,12,Myq7e8kkaTiNL3tz+jKVd1pb8Iw=,qbz91rUzctXKbPUW3vbQmXGiW/M=
-56,14,Myq7e8kkaTiNL3tz+jKVd1pb8Iw=,4EozU00Ii1iiM6ZMiTcoBVzg2W8=
-52,13,Myq7e8kkaTiNL3tz+jKVd1pb8Iw=,PqPNIRHBYokiD9YHa+Pr0Nn89GM=
-54,15,Myq7e8kkaTiNL3tz+jKVd1pb8Iw=,4EozU00Ii1iiM6ZMiTcoBVzg2W8=
-54,12,Myq7e8kkaTiNL3tz+jKVd1pb8Iw=,4EozU00Ii1iiM6ZMiTcoBVzg2W8=
-63,8,Myq7e8kkaTiNL3tz+jKVd1pb8Iw=,WSEbBjl/xPo9gldaj7aUAHbHlRk=
-64,9,Myq7e8kkaTiNL3tz+jKVd1pb8Iw=,WSEbBjl/xPo9gldaj7aUAHbHlRk=
-57,10,Myq7e8kkaTiNL3tz+jKVd1pb8Iw=,qbz91rUzctXKbPUW3vbQmXGiW/M=
-55,10,Myq7e8kkaTiNL3tz+jKVd1pb8Iw=,4EozU00Ii1iiM6ZMiTcoBVzg2W8=
-53,14,Myq7e8kkaTiNL3tz+jKVd1pb8Iw=,4EozU00Ii1iiM6ZMiTcoBVzg2W8=
-54,10,Myq7e8kkaTiNL3tz+jKVd1pb8Iw=,4EozU00Ii1iiM6ZMiTcoBVzg2W8=
-56,13,Myq7e8kkaTiNL3tz+jKVd1pb8Iw=,4EozU00Ii1iiM6ZMiTcoBVzg2W8=
-64,1,Myq7e8kkaTiNL3tz+jKVd1pb8Iw=,m50maCCCT3vZwDjsXXFJaCo1pDw=
-64,3,Myq7e8kkaTiNL3tz+jKVd1pb8Iw=,m50maCCCT3vZwDjsXXFJaCo1pDw=
-52,15,Myq7e8kkaTiNL3tz+jKVd1pb8Iw=,PqPNIRHBYokiD9YHa+Pr0Nn89GM=
-55,14,Myq7e8kkaTiNL3tz+jKVd1pb8Iw=,4EozU00Ii1iiM6ZMiTcoBVzg2W8=
-51,15,Myq7e8kkaTiNL3tz+jKVd1pb8Iw=,PqPNIRHBYokiD9YHa+Pr0Nn89GM=
-54,13,Myq7e8kkaTiNL3tz+jKVd1pb8Iw=,4EozU00Ii1iiM6ZMiTcoBVzg2W8=
-63,2,Myq7e8kkaTiNL3tz+jKVd1pb8Iw=,m50maCCCT3vZwDjsXXFJaCo1pDw=
-64,5,Myq7e8kkaTiNL3tz+jKVd1pb8Iw=,m50maCCCT3vZwDjsXXFJaCo1pDw=
-53,15,Myq7e8kkaTiNL3tz+jKVd1pb8Iw=,4EozU00Ii1iiM6ZMiTcoBVzg2W8=
-64,0,Myq7e8kkaTiNL3tz+jKVd1pb8Iw=,m50maCCCT3vZwDjsXXFJaCo1pDw=
-52,12,Myq7e8kkaTiNL3tz+jKVd1pb8Iw=,PqPNIRHBYokiD9YHa+Pr0Nn89GM=
-53,13,Myq7e8kkaTiNL3tz+jKVd1pb8Iw=,4EozU00Ii1iiM6ZMiTcoBVzg2W8=
-55,13,Myq7e8kkaTiNL3tz+jKVd1pb8Iw=,4EozU00Ii1iiM6ZMiTcoBVzg2W8=
-58,10,Myq7e8kkaTiNL3tz+jKVd1pb8Iw=,qbz91rUzctXKbPUW3vbQmXGiW/M=
-53,10,Myq7e8kkaTiNL3tz+jKVd1pb8Iw=,4EozU00Ii1iiM6ZMiTcoBVzg2W8=
-56,10,Myq7e8kkaTiNL3tz+jKVd1pb8Iw=,4EozU00Ii1iiM6ZMiTcoBVzg2W8=
-53,12,Myq7e8kkaTiNL3tz+jKVd1pb8Iw=,4EozU00Ii1iiM6ZMiTcoBVzg2W8=
-63,0,Myq7e8kkaTiNL3tz+jKVd1pb8Iw=,m50maCCCT3vZwDjsXXFJaCo1pDw=
-64,2,Myq7e8kkaTiNL3tz+jKVd1pb8Iw=,m50maCCCT3vZwDjsXXFJaCo1pDw=
-63,3,Myq7e8kkaTiNL3tz+jKVd1pb8Iw=,m50maCCCT3vZwDjsXXFJaCo1pDw=
-63,1,Myq7e8kkaTiNL3tz+jKVd1pb8Iw=,m50maCCCT3vZwDjsXXFJaCo1pDw=
-63,5,Myq7e8kkaTiNL3tz+jKVd1pb8Iw=,m50maCCCT3vZwDjsXXFJaCo1pDw=
-64,4,Myq7e8kkaTiNL3tz+jKVd1pb8Iw=,m50maCCCT3vZwDjsXXFJaCo1pDw=
-63,4,Myq7e8kkaTiNL3tz+jKVd1pb8Iw=,m50maCCCT3vZwDjsXXFJaCo1pDw=
-52,19,Myq7e8kkaTiNL3tz+jKVd1pb8Iw=,PqPNIRHBYokiD9YHa+Pr0Nn89GM=
-53,18,Myq7e8kkaTiNL3tz+jKVd1pb8Iw=,4EozU00Ii1iiM6ZMiTcoBVzg2W8=
-51,18,Myq7e8kkaTiNL3tz+jKVd1pb8Iw=,PqPNIRHBYokiD9YHa+Pr0Nn89GM=
-54,18,DRimEYsQuu59tBMh67pqggS3Byo=,4EozU00Ii1iiM6ZMiTcoBVzg2W8=
-53,20,DRimEYsQuu59tBMh67pqggS3Byo=,4EozU00Ii1iiM6ZMiTcoBVzg2W8=
-54,20,DRimEYsQuu59tBMh67pqggS3Byo=,4EozU00Ii1iiM6ZMiTcoBVzg2W8=
-51,20,DRimEYsQuu59tBMh67pqggS3Byo=,PqPNIRHBYokiD9YHa+Pr0Nn89GM=
-53,19,DRimEYsQuu59tBMh67pqggS3Byo=,4EozU00Ii1iiM6ZMiTcoBVzg2W8=
-51,19,SE64rQOgJp3/ZKn73n7cZfaNHBo=,PqPNIRHBYokiD9YHa+Pr0Nn89GM=
-54,19,SE64rQOgJp3/ZKn73n7cZfaNHBo=,4EozU00Ii1iiM6ZMiTcoBVzg2W8=
-54,23,SE64rQOgJp3/ZKn73n7cZfaNHBo=,4EozU00Ii1iiM6ZMiTcoBVzg2W8=
-54,21,SE64rQOgJp3/ZKn73n7cZfaNHBo=,4EozU00Ii1iiM6ZMiTcoBVzg2W8=
-53,21,SE64rQOgJp3/ZKn73n7cZfaNHBo=,4EozU00Ii1iiM6ZMiTcoBVzg2W8=
-52,18,SE64rQOgJp3/ZKn73n7cZfaNHBo=,PqPNIRHBYokiD9YHa+Pr0Nn89GM=
-52,21,SE64rQOgJp3/ZKn73n7cZfaNHBo=,PqPNIRHBYokiD9YHa+Pr0Nn89GM=
-54,22,SE64rQOgJp3/ZKn73n7cZfaNHBo=,4EozU00Ii1iiM6ZMiTcoBVzg2W8=
-51,21,vWcv60uQxbqZIt/2PBdL67Pwnn4=,PqPNIRHBYokiD9YHa+Pr0Nn89GM=
-53,23,vWcv60uQxbqZIt/2PBdL67Pwnn4=,4EozU00Ii1iiM6ZMiTcoBVzg2W8=
-54,24,vWcv60uQxbqZIt/2PBdL67Pwnn4=,4EozU00Ii1iiM6ZMiTcoBVzg2W8=
-53,24,vWcv60uQxbqZIt/2PBdL67Pwnn4=,4EozU00Ii1iiM6ZMiTcoBVzg2W8=
-53,25,vWcv60uQxbqZIt/2PBdL67Pwnn4=,4EozU00Ii1iiM6ZMiTcoBVzg2W8=
-52,22,vWcv60uQxbqZIt/2PBdL67Pwnn4=,PqPNIRHBYokiD9YHa+Pr0Nn89GM=
-54,25,vWcv60uQxbqZIt/2PBdL67Pwnn4=,4EozU00Ii1iiM6ZMiTcoBVzg2W8=
-53,22,vWcv60uQxbqZIt/2PBdL67Pwnn4=,4EozU00Ii1iiM6ZMiTcoBVzg2W8=
-51,22,vWcv60uQxbqZIt/2PBdL67Pwnn4=,PqPNIRHBYokiD9YHa+Pr0Nn89GM=
-52,20,vWcv60uQxbqZIt/2PBdL67Pwnn4=,PqPNIRHBYokiD9YHa+Pr0Nn89GM=
-51,23,vWcv60uQxbqZIt/2PBdL67Pwnn4=,PqPNIRHBYokiD9YHa+Pr0Nn89GM=
-51,25,vWcv60uQxbqZIt/2PBdL67Pwnn4=,PqPNIRHBYokiD9YHa+Pr0Nn89GM=
-52,25,vWcv60uQxbqZIt/2PBdL67Pwnn4=,PqPNIRHBYokiD9YHa+Pr0Nn89GM=
-52,24,vWcv60uQxbqZIt/2PBdL67Pwnn4=,PqPNIRHBYokiD9YHa+Pr0Nn89GM=
-51,24,vWcv60uQxbqZIt/2PBdL67Pwnn4=,PqPNIRHBYokiD9YHa+Pr0Nn89GM=
-52,23,viOvaBJmQIgQK110pYgTStQK+nU=,PqPNIRHBYokiD9YHa+Pr0Nn89GM=
-57,24,viOvaBJmQIgQK110pYgTStQK+nU=,qbz91rUzctXKbPUW3vbQmXGiW/M=
-56,22,viOvaBJmQIgQK110pYgTStQK+nU=,4EozU00Ii1iiM6ZMiTcoBVzg2W8=
-56,23,viOvaBJmQIgQK110pYgTStQK+nU=,4EozU00Ii1iiM6ZMiTcoBVzg2W8=
-57,23,viOvaBJmQIgQK110pYgTStQK+nU=,qbz91rUzctXKbPUW3vbQmXGiW/M=
-58,23,viOvaBJmQIgQK110pYgTStQK+nU=,qbz91rUzctXKbPUW3vbQmXGiW/M=
-58,24,viOvaBJmQIgQK110pYgTStQK+nU=,qbz91rUzctXKbPUW3vbQmXGiW/M=
-57,22,viOvaBJmQIgQK110pYgTStQK+nU=,qbz91rUzctXKbPUW3vbQmXGiW/M=
-56,24,viOvaBJmQIgQK110pYgTStQK+nU=,4EozU00Ii1iiM6ZMiTcoBVzg2W8=
-58,22,viOvaBJmQIgQK110pYgTStQK+nU=,qbz91rUzctXKbPUW3vbQmXGiW/M=
-57,25,viOvaBJmQIgQK110pYgTStQK+nU=,qbz91rUzctXKbPUW3vbQmXGiW/M=
-58,25,viOvaBJmQIgQK110pYgTStQK+nU=,qbz91rUzctXKbPUW3vbQmXGiW/M=
-56,25,viOvaBJmQIgQK110pYgTStQK+nU=,4EozU00Ii1iiM6ZMiTcoBVzg2W8=
-55,23,yvH2pMSNr8QByUTl/csm6QxeS2s=,4EozU00Ii1iiM6ZMiTcoBVzg2W8=
-55,22,yvH2pMSNr8QByUTl/csm6QxeS2s=,4EozU00Ii1iiM6ZMiTcoBVzg2W8=
-55,24,yvH2pMSNr8QByUTl/csm6QxeS2s=,4EozU00Ii1iiM6ZMiTcoBVzg2W8=
-55,25,yvH2pMSNr8QByUTl/csm6QxeS2s=,4EozU00Ii1iiM6ZMiTcoBVzg2W8=
-55,27,yvH2pMSNr8QByUTl/csm6QxeS2s=,4EozU00Ii1iiM6ZMiTcoBVzg2W8=
-56,27,yvH2pMSNr8QByUTl/csm6QxeS2s=,4EozU00Ii1iiM6ZMiTcoBVzg2W8=
-58,27,yvH2pMSNr8QByUTl/csm6QxeS2s=,qbz91rUzctXKbPUW3vbQmXGiW/M=
-57,27,yvH2pMSNr8QByUTl/csm6QxeS2s=,qbz91rUzctXKbPUW3vbQmXGiW/M=
-57,26,yvH2pMSNr8QByUTl/csm6QxeS2s=,qbz91rUzctXKbPUW3vbQmXGiW/M=
-56,26,yvH2pMSNr8QByUTl/csm6QxeS2s=,4EozU00Ii1iiM6ZMiTcoBVzg2W8=
-58,26,yvH2pMSNr8QByUTl/csm6QxeS2s=,qbz91rUzctXKbPUW3vbQmXGiW/M=
-55,26,yvH2pMSNr8QByUTl/csm6QxeS2s=,4EozU00Ii1iiM6ZMiTcoBVzg2W8=
-55,29,yvH2pMSNr8QByUTl/csm6QxeS2s=,4EozU00Ii1iiM6ZMiTcoBVzg2W8=
-56,29,yvH2pMSNr8QByUTl/csm6QxeS2s=,4EozU00Ii1iiM6ZMiTcoBVzg2W8=
-57,29,yvH2pMSNr8QByUTl/csm6QxeS2s=,qbz91rUzctXKbPUW3vbQmXGiW/M=
-56,18,EHHiIpgp66+EX0W217clllL+uXE=,4EozU00Ii1iiM6ZMiTcoBVzg2W8=
-58,28,EHHiIpgp66+EX0W217clllL+uXE=,qbz91rUzctXKbPUW3vbQmXGiW/M=
-56,20,EHHiIpgp66+EX0W217clllL+uXE=,4EozU00Ii1iiM6ZMiTcoBVzg2W8=
-58,29,EHHiIpgp66+EX0W217clllL+uXE=,qbz91rUzctXKbPUW3vbQmXGiW/M=
-56,28,EHHiIpgp66+EX0W217clllL+uXE=,4EozU00Ii1iiM6ZMiTcoBVzg2W8=
-55,28,EHHiIpgp66+EX0W217clllL+uXE=,4EozU00Ii1iiM6ZMiTcoBVzg2W8=
-56,19,EHHiIpgp66+EX0W217clllL+uXE=,4EozU00Ii1iiM6ZMiTcoBVzg2W8=
-57,20,EHHiIpgp66+EX0W217clllL+uXE=,qbz91rUzctXKbPUW3vbQmXGiW/M=
-58,21,EHHiIpgp66+EX0W217clllL+uXE=,qbz91rUzctXKbPUW3vbQmXGiW/M=
-56,21,qRh8+O96MjwANcY5w3tiPSBY/h4=,4EozU00Ii1iiM6ZMiTcoBVzg2W8=
-57,28,qRh8+O96MjwANcY5w3tiPSBY/h4=,qbz91rUzctXKbPUW3vbQmXGiW/M=
-57,21,q6V39J1hMol5B53J39zZBq24zak=,qbz91rUzctXKbPUW3vbQmXGiW/M=
-55,18,q6V39J1hMol5B53J39zZBq24zak=,4EozU00Ii1iiM6ZMiTcoBVzg2W8=
-57,19,q6V39J1hMol5B53J39zZBq24zak=,qbz91rUzctXKbPUW3vbQmXGiW/M=
-58,18,q6V39J1hMol5B53J39zZBq24zak=,qbz91rUzctXKbPUW3vbQmXGiW/M=
-58,20,q6V39J1hMol5B53J39zZBq24zak=,qbz91rUzctXKbPUW3vbQmXGiW/M=
-55,20,q6V39J1hMol5B53J39zZBq24zak=,4EozU00Ii1iiM6ZMiTcoBVzg2W8=
-61,19,q6V39J1hMol5B53J39zZBq24zak=,WSEbBjl/xPo9gldaj7aUAHbHlRk=
-57,18,q6V39J1hMol5B53J39zZBq24zak=,qbz91rUzctXKbPUW3vbQmXGiW/M=
-55,19,q6V39J1hMol5B53J39zZBq24zak=,4EozU00Ii1iiM6ZMiTcoBVzg2W8=
-60,20,q6V39J1hMol5B53J39zZBq24zak=,qbz91rUzctXKbPUW3vbQmXGiW/M=
-62,21,q6V39J1hMol5B53J39zZBq24zak=,WSEbBjl/xPo9gldaj7aUAHbHlRk=
-58,19,q6V39J1hMol5B53J39zZBq24zak=,qbz91rUzctXKbPUW3vbQmXGiW/M=
-61,21,q6V39J1hMol5B53J39zZBq24zak=,WSEbBjl/xPo9gldaj7aUAHbHlRk=
-59,19,q6V39J1hMol5B53J39zZBq24zak=,qbz91rUzctXKbPUW3vbQmXGiW/M=
-61,20,q6V39J1hMol5B53J39zZBq24zak=,WSEbBjl/xPo9gldaj7aUAHbHlRk=
-62,20,q6V39J1hMol5B53J39zZBq24zak=,WSEbBjl/xPo9gldaj7aUAHbHlRk=
-59,18,q6V39J1hMol5B53J39zZBq24zak=,qbz91rUzctXKbPUW3vbQmXGiW/M=
-55,21,q6V39J1hMol5B53J39zZBq24zak=,4EozU00Ii1iiM6ZMiTcoBVzg2W8=
-59,20,q6V39J1hMol5B53J39zZBq24zak=,qbz91rUzctXKbPUW3vbQmXGiW/M=
-60,21,q6V39J1hMol5B53J39zZBq24zak=,qbz91rUzctXKbPUW3vbQmXGiW/M=
-59,21,q6V39J1hMol5B53J39zZBq24zak=,qbz91rUzctXKbPUW3vbQmXGiW/M=
-60,18,q6V39J1hMol5B53J39zZBq24zak=,qbz91rUzctXKbPUW3vbQmXGiW/M=
-60,19,q6V39J1hMol5B53J39zZBq24zak=,qbz91rUzctXKbPUW3vbQmXGiW/M=
-62,19,q6V39J1hMol5B53J39zZBq24zak=,WSEbBjl/xPo9gldaj7aUAHbHlRk=
-61,18,q6V39J1hMol5B53J39zZBq24zak=,WSEbBjl/xPo9gldaj7aUAHbHlRk=
-62,18,q6V39J1hMol5B53J39zZBq24zak=,WSEbBjl/xPo9gldaj7aUAHbHlRk=
-54,27,q6V39J1hMol5B53J39zZBq24zak=,4EozU00Ii1iiM6ZMiTcoBVzg2W8=
-54,26,q6V39J1hMol5B53J39zZBq24zak=,4EozU00Ii1iiM6ZMiTcoBVzg2W8=
-54,28,q6V39J1hMol5B53J39zZBq24zak=,4EozU00Ii1iiM6ZMiTcoBVzg2W8=
-53,29,q6V39J1hMol5B53J39zZBq24zak=,4EozU00Ii1iiM6ZMiTcoBVzg2W8=
-53,26,q6V39J1hMol5B53J39zZBq24zak=,4EozU00Ii1iiM6ZMiTcoBVzg2W8=
-53,27,q6V39J1hMol5B53J39zZBq24zak=,4EozU00Ii1iiM6ZMiTcoBVzg2W8=
-53,28,q6V39J1hMol5B53J39zZBq24zak=,4EozU00Ii1iiM6ZMiTcoBVzg2W8=
-54,29,q6V39J1hMol5B53J39zZBq24zak=,4EozU00Ii1iiM6ZMiTcoBVzg2W8=
-51,28,q6V39J1hMol5B53J39zZBq24zak=,PqPNIRHBYokiD9YHa+Pr0Nn89GM=
-52,28,q6V39J1hMol5B53J39zZBq24zak=,PqPNIRHBYokiD9YHa+Pr0Nn89GM=
-52,29,q6V39J1hMol5B53J39zZBq24zak=,PqPNIRHBYokiD9YHa+Pr0Nn89GM=
-61,23,q6V39J1hMol5B53J39zZBq24zak=,WSEbBjl/xPo9gldaj7aUAHbHlRk=
-60,22,q6V39J1hMol5B53J39zZBq24zak=,qbz91rUzctXKbPUW3vbQmXGiW/M=
-62,23,q6V39J1hMol5B53J39zZBq24zak=,WSEbBjl/xPo9gldaj7aUAHbHlRk=
-51,29,q6V39J1hMol5B53J39zZBq24zak=,PqPNIRHBYokiD9YHa+Pr0Nn89GM=
-51,26,q6V39J1hMol5B53J39zZBq24zak=,PqPNIRHBYokiD9YHa+Pr0Nn89GM=
-61,22,q6V39J1hMol5B53J39zZBq24zak=,WSEbBjl/xPo9gldaj7aUAHbHlRk=
-62,22,q6V39J1hMol5B53J39zZBq24zak=,WSEbBjl/xPo9gldaj7aUAHbHlRk=
-52,26,q6V39J1hMol5B53J39zZBq24zak=,PqPNIRHBYokiD9YHa+Pr0Nn89GM=
-59,22,q6V39J1hMol5B53J39zZBq24zak=,qbz91rUzctXKbPUW3vbQmXGiW/M=
-60,23,q6V39J1hMol5B53J39zZBq24zak=,qbz91rUzctXKbPUW3vbQmXGiW/M=
-51,27,q6V39J1hMol5B53J39zZBq24zak=,PqPNIRHBYokiD9YHa+Pr0Nn89GM=
-52,27,q6V39J1hMol5B53J39zZBq24zak=,PqPNIRHBYokiD9YHa+Pr0Nn89GM=
-60,26,q6V39J1hMol5B53J39zZBq24zak=,qbz91rUzctXKbPUW3vbQmXGiW/M=
-59,25,q6V39J1hMol5B53J39zZBq24zak=,qbz91rUzctXKbPUW3vbQmXGiW/M=
-59,24,q6V39J1hMol5B53J39zZBq24zak=,qbz91rUzctXKbPUW3vbQmXGiW/M=
-60,25,q6V39J1hMol5B53J39zZBq24zak=,qbz91rUzctXKbPUW3vbQmXGiW/M=
-61,26,q6V39J1hMol5B53J39zZBq24zak=,WSEbBjl/xPo9gldaj7aUAHbHlRk=
-59,23,q6V39J1hMol5B53J39zZBq24zak=,qbz91rUzctXKbPUW3vbQmXGiW/M=
-62,25,q6V39J1hMol5B53J39zZBq24zak=,WSEbBjl/xPo9gldaj7aUAHbHlRk=
-62,27,q6V39J1hMol5B53J39zZBq24zak=,WSEbBjl/xPo9gldaj7aUAHbHlRk=
-59,26,q6V39J1hMol5B53J39zZBq24zak=,qbz91rUzctXKbPUW3vbQmXGiW/M=
-62,26,q6V39J1hMol5B53J39zZBq24zak=,WSEbBjl/xPo9gldaj7aUAHbHlRk=
-62,28,q6V39J1hMol5B53J39zZBq24zak=,WSEbBjl/xPo9gldaj7aUAHbHlRk=
-61,25,q6V39J1hMol5B53J39zZBq24zak=,WSEbBjl/xPo9gldaj7aUAHbHlRk=
-60,28,q6V39J1hMol5B53J39zZBq24zak=,qbz91rUzctXKbPUW3vbQmXGiW/M=
-61,27,q6V39J1hMol5B53J39zZBq24zak=,WSEbBjl/xPo9gldaj7aUAHbHlRk=
-59,29,q6V39J1hMol5B53J39zZBq24zak=,qbz91rUzctXKbPUW3vbQmXGiW/M=
-62,24,q6V39J1hMol5B53J39zZBq24zak=,WSEbBjl/xPo9gldaj7aUAHbHlRk=
-61,28,q6V39J1hMol5B53J39zZBq24zak=,WSEbBjl/xPo9gldaj7aUAHbHlRk=
-61,24,q6V39J1hMol5B53J39zZBq24zak=,WSEbBjl/xPo9gldaj7aUAHbHlRk=
-60,27,q6V39J1hMol5B53J39zZBq24zak=,qbz91rUzctXKbPUW3vbQmXGiW/M=
-60,29,q6V39J1hMol5B53J39zZBq24zak=,qbz91rUzctXKbPUW3vbQmXGiW/M=
-60,24,q6V39J1hMol5B53J39zZBq24zak=,qbz91rUzctXKbPUW3vbQmXGiW/M=
-61,29,q6V39J1hMol5B53J39zZBq24zak=,WSEbBjl/xPo9gldaj7aUAHbHlRk=
-59,28,q6V39J1hMol5B53J39zZBq24zak=,qbz91rUzctXKbPUW3vbQmXGiW/M=
-59,27,q6V39J1hMol5B53J39zZBq24zak=,qbz91rUzctXKbPUW3vbQmXGiW/M=
-64,29,q6V39J1hMol5B53J39zZBq24zak=,WSEbBjl/xPo9gldaj7aUAHbHlRk=
-62,29,q6V39J1hMol5B53J39zZBq24zak=,WSEbBjl/xPo9gldaj7aUAHbHlRk=
-49,28,q6V39J1hMol5B53J39zZBq24zak=,PqPNIRHBYokiD9YHa+Pr0Nn89GM=
-49,25,q6V39J1hMol5B53J39zZBq24zak=,PqPNIRHBYokiD9YHa+Pr0Nn89GM=
-49,27,q6V39J1hMol5B53J39zZBq24zak=,PqPNIRHBYokiD9YHa+Pr0Nn89GM=
-64,27,q6V39J1hMol5B53J39zZBq24zak=,WSEbBjl/xPo9gldaj7aUAHbHlRk=
-52,31,q6V39J1hMol5B53J39zZBq24zak=,PqPNIRHBYokiD9YHa+Pr0Nn89GM=
-63,28,q6V39J1hMol5B53J39zZBq24zak=,WSEbBjl/xPo9gldaj7aUAHbHlRk=
-51,31,q6V39J1hMol5B53J39zZBq24zak=,PqPNIRHBYokiD9YHa+Pr0Nn89GM=
-51,30,q6V39J1hMol5B53J39zZBq24zak=,PqPNIRHBYokiD9YHa+Pr0Nn89GM=
-63,29,q6V39J1hMol5B53J39zZBq24zak=,WSEbBjl/xPo9gldaj7aUAHbHlRk=
-49,29,q6V39J1hMol5B53J39zZBq24zak=,PqPNIRHBYokiD9YHa+Pr0Nn89GM=
-52,30,q6V39J1hMol5B53J39zZBq24zak=,PqPNIRHBYokiD9YHa+Pr0Nn89GM=
-50,24,q6V39J1hMol5B53J39zZBq24zak=,PqPNIRHBYokiD9YHa+Pr0Nn89GM=
-64,28,q6V39J1hMol5B53J39zZBq24zak=,WSEbBjl/xPo9gldaj7aUAHbHlRk=
-61,31,q6V39J1hMol5B53J39zZBq24zak=,WSEbBjl/xPo9gldaj7aUAHbHlRk=
-63,27,q6V39J1hMol5B53J39zZBq24zak=,WSEbBjl/xPo9gldaj7aUAHbHlRk=
-59,31,q6V39J1hMol5B53J39zZBq24zak=,qbz91rUzctXKbPUW3vbQmXGiW/M=
-64,26,q6V39J1hMol5B53J39zZBq24zak=,WSEbBjl/xPo9gldaj7aUAHbHlRk=
-49,26,q6V39J1hMol5B53J39zZBq24zak=,PqPNIRHBYokiD9YHa+Pr0Nn89GM=
-50,26,q6V39J1hMol5B53J39zZBq24zak=,PqPNIRHBYokiD9YHa+Pr0Nn89GM=
-63,26,q6V39J1hMol5B53J39zZBq24zak=,WSEbBjl/xPo9gldaj7aUAHbHlRk=
-50,27,q6V39J1hMol5B53J39zZBq24zak=,PqPNIRHBYokiD9YHa+Pr0Nn89GM=
-53,16,q6V39J1hMol5B53J39zZBq24zak=,4EozU00Ii1iiM6ZMiTcoBVzg2W8=
-50,25,q6V39J1hMol5B53J39zZBq24zak=,PqPNIRHBYokiD9YHa+Pr0Nn89GM=
-60,31,q6V39J1hMol5B53J39zZBq24zak=,qbz91rUzctXKbPUW3vbQmXGiW/M=
-57,31,q6V39J1hMol5B53J39zZBq24zak=,qbz91rUzctXKbPUW3vbQmXGiW/M=
-53,31,q6V39J1hMol5B53J39zZBq24zak=,4EozU00Ii1iiM6ZMiTcoBVzg2W8=
-54,31,q6V39J1hMol5B53J39zZBq24zak=,4EozU00Ii1iiM6ZMiTcoBVzg2W8=
-58,30,q6V39J1hMol5B53J39zZBq24zak=,qbz91rUzctXKbPUW3vbQmXGiW/M=
-62,31,q6V39J1hMol5B53J39zZBq24zak=,WSEbBjl/xPo9gldaj7aUAHbHlRk=
-55,16,q6V39J1hMol5B53J39zZBq24zak=,4EozU00Ii1iiM6ZMiTcoBVzg2W8=
-50,29,q6V39J1hMol5B53J39zZBq24zak=,PqPNIRHBYokiD9YHa+Pr0Nn89GM=
-56,17,q6V39J1hMol5B53J39zZBq24zak=,4EozU00Ii1iiM6ZMiTcoBVzg2W8=
-54,16,q6V39J1hMol5B53J39zZBq24zak=,4EozU00Ii1iiM6ZMiTcoBVzg2W8=
-52,16,q6V39J1hMol5B53J39zZBq24zak=,PqPNIRHBYokiD9YHa+Pr0Nn89GM=
-49,24,q6V39J1hMol5B53J39zZBq24zak=,PqPNIRHBYokiD9YHa+Pr0Nn89GM=
-60,30,q6V39J1hMol5B53J39zZBq24zak=,qbz91rUzctXKbPUW3vbQmXGiW/M=
-55,31,q6V39J1hMol5B53J39zZBq24zak=,4EozU00Ii1iiM6ZMiTcoBVzg2W8=
-50,18,q6V39J1hMol5B53J39zZBq24zak=,PqPNIRHBYokiD9YHa+Pr0Nn89GM=
-50,28,q6V39J1hMol5B53J39zZBq24zak=,PqPNIRHBYokiD9YHa+Pr0Nn89GM=
-55,17,q6V39J1hMol5B53J39zZBq24zak=,4EozU00Ii1iiM6ZMiTcoBVzg2W8=
-56,16,q6V39J1hMol5B53J39zZBq24zak=,4EozU00Ii1iiM6ZMiTcoBVzg2W8=
-51,16,q6V39J1hMol5B53J39zZBq24zak=,PqPNIRHBYokiD9YHa+Pr0Nn89GM=
-58,16,q6V39J1hMol5B53J39zZBq24zak=,qbz91rUzctXKbPUW3vbQmXGiW/M=
-59,16,q6V39J1hMol5B53J39zZBq24zak=,qbz91rUzctXKbPUW3vbQmXGiW/M=
-49,21,q6V39J1hMol5B53J39zZBq24zak=,PqPNIRHBYokiD9YHa+Pr0Nn89GM=
-59,30,q6V39J1hMol5B53J39zZBq24zak=,qbz91rUzctXKbPUW3vbQmXGiW/M=
-53,17,q6V39J1hMol5B53J39zZBq24zak=,4EozU00Ii1iiM6ZMiTcoBVzg2W8=
-54,30,q6V39J1hMol5B53J39zZBq24zak=,4EozU00Ii1iiM6ZMiTcoBVzg2W8=
-53,30,q6V39J1hMol5B53J39zZBq24zak=,4EozU00Ii1iiM6ZMiTcoBVzg2W8=
-57,16,q6V39J1hMol5B53J39zZBq24zak=,qbz91rUzctXKbPUW3vbQmXGiW/M=
-56,31,q6V39J1hMol5B53J39zZBq24zak=,4EozU00Ii1iiM6ZMiTcoBVzg2W8=
-59,17,q6V39J1hMol5B53J39zZBq24zak=,qbz91rUzctXKbPUW3vbQmXGiW/M=
-58,17,q6V39J1hMol5B53J39zZBq24zak=,qbz91rUzctXKbPUW3vbQmXGiW/M=
-61,30,q6V39J1hMol5B53J39zZBq24zak=,WSEbBjl/xPo9gldaj7aUAHbHlRk=
-54,17,q6V39J1hMol5B53J39zZBq24zak=,4EozU00Ii1iiM6ZMiTcoBVzg2W8=
-57,17,q6V39J1hMol5B53J39zZBq24zak=,qbz91rUzctXKbPUW3vbQmXGiW/M=
-51,17,q6V39J1hMol5B53J39zZBq24zak=,PqPNIRHBYokiD9YHa+Pr0Nn89GM=
-49,19,q6V39J1hMol5B53J39zZBq24zak=,PqPNIRHBYokiD9YHa+Pr0Nn89GM=
-62,16,q6V39J1hMol5B53J39zZBq24zak=,WSEbBjl/xPo9gldaj7aUAHbHlRk=
-52,17,q6V39J1hMol5B53J39zZBq24zak=,PqPNIRHBYokiD9YHa+Pr0Nn89GM=
-61,17,q6V39J1hMol5B53J39zZBq24zak=,WSEbBjl/xPo9gldaj7aUAHbHlRk=
-60,17,q6V39J1hMol5B53J39zZBq24zak=,qbz91rUzctXKbPUW3vbQmXGiW/M=
-61,16,q6V39J1hMol5B53J39zZBq24zak=,WSEbBjl/xPo9gldaj7aUAHbHlRk=
-60,16,q6V39J1hMol5B53J39zZBq24zak=,qbz91rUzctXKbPUW3vbQmXGiW/M=
-56,30,q6V39J1hMol5B53J39zZBq24zak=,4EozU00Ii1iiM6ZMiTcoBVzg2W8=
-64,16,q6V39J1hMol5B53J39zZBq24zak=,WSEbBjl/xPo9gldaj7aUAHbHlRk=
-64,22,q6V39J1hMol5B53J39zZBq24zak=,WSEbBjl/xPo9gldaj7aUAHbHlRk=
-62,17,q6V39J1hMol5B53J39zZBq24zak=,WSEbBjl/xPo9gldaj7aUAHbHlRk=
-64,18,q6V39J1hMol5B53J39zZBq24zak=,WSEbBjl/xPo9gldaj7aUAHbHlRk=
-49,16,q6V39J1hMol5B53J39zZBq24zak=,PqPNIRHBYokiD9YHa+Pr0Nn89GM=
-58,31,q6V39J1hMol5B53J39zZBq24zak=,qbz91rUzctXKbPUW3vbQmXGiW/M=
-55,30,q6V39J1hMol5B53J39zZBq24zak=,4EozU00Ii1iiM6ZMiTcoBVzg2W8=
-49,18,q6V39J1hMol5B53J39zZBq24zak=,PqPNIRHBYokiD9YHa+Pr0Nn89GM=
-49,31,q6V39J1hMol5B53J39zZBq24zak=,PqPNIRHBYokiD9YHa+Pr0Nn89GM=
-49,20,q6V39J1hMol5B53J39zZBq24zak=,PqPNIRHBYokiD9YHa+Pr0Nn89GM=
-64,19,q6V39J1hMol5B53J39zZBq24zak=,WSEbBjl/xPo9gldaj7aUAHbHlRk=
-64,24,q6V39J1hMol5B53J39zZBq24zak=,WSEbBjl/xPo9gldaj7aUAHbHlRk=
-57,30,q6V39J1hMol5B53J39zZBq24zak=,qbz91rUzctXKbPUW3vbQmXGiW/M=
-50,16,q6V39J1hMol5B53J39zZBq24zak=,PqPNIRHBYokiD9YHa+Pr0Nn89GM=
-63,18,q6V39J1hMol5B53J39zZBq24zak=,WSEbBjl/xPo9gldaj7aUAHbHlRk=
-63,16,q6V39J1hMol5B53J39zZBq24zak=,WSEbBjl/xPo9gldaj7aUAHbHlRk=
-50,20,q6V39J1hMol5B53J39zZBq24zak=,PqPNIRHBYokiD9YHa+Pr0Nn89GM=
-50,21,q6V39J1hMol5B53J39zZBq24zak=,PqPNIRHBYokiD9YHa+Pr0Nn89GM=
-64,31,q6V39J1hMol5B53J39zZBq24zak=,WSEbBjl/xPo9gldaj7aUAHbHlRk=
-50,31,q6V39J1hMol5B53J39zZBq24zak=,PqPNIRHBYokiD9YHa+Pr0Nn89GM=
-62,30,q6V39J1hMol5B53J39zZBq24zak=,WSEbBjl/xPo9gldaj7aUAHbHlRk=
-64,17,q6V39J1hMol5B53J39zZBq24zak=,WSEbBjl/xPo9gldaj7aUAHbHlRk=
-50,19,q6V39J1hMol5B53J39zZBq24zak=,PqPNIRHBYokiD9YHa+Pr0Nn89GM=
-63,17,q6V39J1hMol5B53J39zZBq24zak=,WSEbBjl/xPo9gldaj7aUAHbHlRk=
-50,30,q6V39J1hMol5B53J39zZBq24zak=,PqPNIRHBYokiD9YHa+Pr0Nn89GM=
-63,30,q6V39J1hMol5B53J39zZBq24zak=,WSEbBjl/xPo9gldaj7aUAHbHlRk=
-63,22,q6V39J1hMol5B53J39zZBq24zak=,WSEbBjl/xPo9gldaj7aUAHbHlRk=
-63,19,q6V39J1hMol5B53J39zZBq24zak=,WSEbBjl/xPo9gldaj7aUAHbHlRk=
-49,17,q6V39J1hMol5B53J39zZBq24zak=,PqPNIRHBYokiD9YHa+Pr0Nn89GM=
-49,22,q6V39J1hMol5B53J39zZBq24zak=,PqPNIRHBYokiD9YHa+Pr0Nn89GM=
-49,23,q6V39J1hMol5B53J39zZBq24zak=,PqPNIRHBYokiD9YHa+Pr0Nn89GM=
-49,30,q6V39J1hMol5B53J39zZBq24zak=,PqPNIRHBYokiD9YHa+Pr0Nn89GM=
-63,23,q6V39J1hMol5B53J39zZBq24zak=,WSEbBjl/xPo9gldaj7aUAHbHlRk=
-64,20,q6V39J1hMol5B53J39zZBq24zak=,WSEbBjl/xPo9gldaj7aUAHbHlRk=
-50,23,q6V39J1hMol5B53J39zZBq24zak=,PqPNIRHBYokiD9YHa+Pr0Nn89GM=
-50,17,q6V39J1hMol5B53J39zZBq24zak=,PqPNIRHBYokiD9YHa+Pr0Nn89GM=
-64,30,q6V39J1hMol5B53J39zZBq24zak=,WSEbBjl/xPo9gldaj7aUAHbHlRk=
-64,25,q6V39J1hMol5B53J39zZBq24zak=,WSEbBjl/xPo9gldaj7aUAHbHlRk=
-64,23,q6V39J1hMol5B53J39zZBq24zak=,WSEbBjl/xPo9gldaj7aUAHbHlRk=
-63,21,q6V39J1hMol5B53J39zZBq24zak=,WSEbBjl/xPo9gldaj7aUAHbHlRk=
-50,22,q6V39J1hMol5B53J39zZBq24zak=,PqPNIRHBYokiD9YHa+Pr0Nn89GM=
-63,25,q6V39J1hMol5B53J39zZBq24zak=,WSEbBjl/xPo9gldaj7aUAHbHlRk=
-63,24,q6V39J1hMol5B53J39zZBq24zak=,WSEbBjl/xPo9gldaj7aUAHbHlRk=
-63,20,q6V39J1hMol5B53J39zZBq24zak=,WSEbBjl/xPo9gldaj7aUAHbHlRk=
-64,21,q6V39J1hMol5B53J39zZBq24zak=,WSEbBjl/xPo9gldaj7aUAHbHlRk=
-63,31,q6V39J1hMol5B53J39zZBq24zak=,WSEbBjl/xPo9gldaj7aUAHbHlRk=
-37,21,HQ9M5EI4os9/hzBlpC45pfnt9T0=,t+9UyGcp5ukKlEVIuJUlu2sYcT0=
-36,21,oY1bKQb8KZDP+RkWrYd8mCC5v8k=,JaN6lvQV9/g7zMFOpc+E7u0ToI4=
-36,20,oY1bKQb8KZDP+RkWrYd8mCC5v8k=,JaN6lvQV9/g7zMFOpc+E7u0ToI4=
-36,19,VOnGnoU+1K9FiTW+xpNGeJA1CuU=,JaN6lvQV9/g7zMFOpc+E7u0ToI4=
-37,20,VOnGnoU+1K9FiTW+xpNGeJA1CuU=,t+9UyGcp5ukKlEVIuJUlu2sYcT0=
-35,21,NoGseQcWCN6fJtVV34ThfGsxdM4=,JaN6lvQV9/g7zMFOpc+E7u0ToI4=
-35,18,NoGseQcWCN6fJtVV34ThfGsxdM4=,JaN6lvQV9/g7zMFOpc+E7u0ToI4=
-38,21,NoGseQcWCN6fJtVV34ThfGsxdM4=,t+9UyGcp5ukKlEVIuJUlu2sYcT0=
-35,20,4cBmCjnZQ/beIg4TlytbNaHmqW4=,JaN6lvQV9/g7zMFOpc+E7u0ToI4=
-35,19,4cBmCjnZQ/beIg4TlytbNaHmqW4=,JaN6lvQV9/g7zMFOpc+E7u0ToI4=
-36,18,4cBmCjnZQ/beIg4TlytbNaHmqW4=,JaN6lvQV9/g7zMFOpc+E7u0ToI4=
-38,20,OkyVoVIgVfLQ/x2H6qaJDIrs5Mc=,t+9UyGcp5ukKlEVIuJUlu2sYcT0=
-38,19,OkyVoVIgVfLQ/x2H6qaJDIrs5Mc=,t+9UyGcp5ukKlEVIuJUlu2sYcT0=
-37,18,OQP4DtzznJlMh9//18BovI1k2Vk=,t+9UyGcp5ukKlEVIuJUlu2sYcT0=
-37,19,XFjOxQeSF3qDtKZOkuMPLIuz8Bc=,t+9UyGcp5ukKlEVIuJUlu2sYcT0=
-42,18,XFjOxQeSF3qDtKZOkuMPLIuz8Bc=,9CmAsDuwfRNnBUpshm3I3/sxZPU=
-38,18,XFjOxQeSF3qDtKZOkuMPLIuz8Bc=,t+9UyGcp5ukKlEVIuJUlu2sYcT0=
-42,19,XFjOxQeSF3qDtKZOkuMPLIuz8Bc=,9CmAsDuwfRNnBUpshm3I3/sxZPU=
-42,20,XFjOxQeSF3qDtKZOkuMPLIuz8Bc=,9CmAsDuwfRNnBUpshm3I3/sxZPU=
-41,21,HuUU2YpDLdKr55e5iWS2RzVpfMc=,9CmAsDuwfRNnBUpshm3I3/sxZPU=
-39,20,HuUU2YpDLdKr55e5iWS2RzVpfMc=,t+9UyGcp5ukKlEVIuJUlu2sYcT0=
-41,18,HuUU2YpDLdKr55e5iWS2RzVpfMc=,9CmAsDuwfRNnBUpshm3I3/sxZPU=
-40,18,HuUU2YpDLdKr55e5iWS2RzVpfMc=,t+9UyGcp5ukKlEVIuJUlu2sYcT0=
-41,19,HuUU2YpDLdKr55e5iWS2RzVpfMc=,9CmAsDuwfRNnBUpshm3I3/sxZPU=
-42,21,HuUU2YpDLdKr55e5iWS2RzVpfMc=,9CmAsDuwfRNnBUpshm3I3/sxZPU=
-39,21,HuUU2YpDLdKr55e5iWS2RzVpfMc=,t+9UyGcp5ukKlEVIuJUlu2sYcT0=
-40,20,Jl1kH1I14otMD66XxW3pEzq8gB0=,t+9UyGcp5ukKlEVIuJUlu2sYcT0=
-39,18,RyUHo+E39KqeB7KipNoeO21Vz+0=,t+9UyGcp5ukKlEVIuJUlu2sYcT0=
-41,20,RyUHo+E39KqeB7KipNoeO21Vz+0=,9CmAsDuwfRNnBUpshm3I3/sxZPU=
-40,19,VZ0wz2yR/s82K9amW6ByH68cRSM=,t+9UyGcp5ukKlEVIuJUlu2sYcT0=
-39,19,VZ0wz2yR/s82K9amW6ByH68cRSM=,t+9UyGcp5ukKlEVIuJUlu2sYcT0=
-40,21,VZ0wz2yR/s82K9amW6ByH68cRSM=,t+9UyGcp5ukKlEVIuJUlu2sYcT0=
-39,22,TSVb09ylmnwDN39yJDyCjhsPrdQ=,t+9UyGcp5ukKlEVIuJUlu2sYcT0=
-39,25,TSVb09ylmnwDN39yJDyCjhsPrdQ=,t+9UyGcp5ukKlEVIuJUlu2sYcT0=
-40,22,TSVb09ylmnwDN39yJDyCjhsPrdQ=,t+9UyGcp5ukKlEVIuJUlu2sYcT0=
-41,22,TSVb09ylmnwDN39yJDyCjhsPrdQ=,9CmAsDuwfRNnBUpshm3I3/sxZPU=
-39,27,TSVb09ylmnwDN39yJDyCjhsPrdQ=,t+9UyGcp5ukKlEVIuJUlu2sYcT0=
-39,26,TSVb09ylmnwDN39yJDyCjhsPrdQ=,t+9UyGcp5ukKlEVIuJUlu2sYcT0=
-42,25,TSVb09ylmnwDN39yJDyCjhsPrdQ=,9CmAsDuwfRNnBUpshm3I3/sxZPU=
-41,23,TSVb09ylmnwDN39yJDyCjhsPrdQ=,9CmAsDuwfRNnBUpshm3I3/sxZPU=
-39,24,TSVb09ylmnwDN39yJDyCjhsPrdQ=,t+9UyGcp5ukKlEVIuJUlu2sYcT0=
-40,24,TSVb09ylmnwDN39yJDyCjhsPrdQ=,t+9UyGcp5ukKlEVIuJUlu2sYcT0=
-42,24,TSVb09ylmnwDN39yJDyCjhsPrdQ=,9CmAsDuwfRNnBUpshm3I3/sxZPU=
-39,23,TSVb09ylmnwDN39yJDyCjhsPrdQ=,t+9UyGcp5ukKlEVIuJUlu2sYcT0=
-39,28,TSVb09ylmnwDN39yJDyCjhsPrdQ=,t+9UyGcp5ukKlEVIuJUlu2sYcT0=
-40,25,TSVb09ylmnwDN39yJDyCjhsPrdQ=,t+9UyGcp5ukKlEVIuJUlu2sYcT0=
-40,23,TSVb09ylmnwDN39yJDyCjhsPrdQ=,t+9UyGcp5ukKlEVIuJUlu2sYcT0=
-41,26,TSVb09ylmnwDN39yJDyCjhsPrdQ=,9CmAsDuwfRNnBUpshm3I3/sxZPU=
-42,27,TSVb09ylmnwDN39yJDyCjhsPrdQ=,9CmAsDuwfRNnBUpshm3I3/sxZPU=
-40,28,TSVb09ylmnwDN39yJDyCjhsPrdQ=,t+9UyGcp5ukKlEVIuJUlu2sYcT0=
-40,26,TSVb09ylmnwDN39yJDyCjhsPrdQ=,t+9UyGcp5ukKlEVIuJUlu2sYcT0=
-42,22,TSVb09ylmnwDN39yJDyCjhsPrdQ=,9CmAsDuwfRNnBUpshm3I3/sxZPU=
-42,28,TSVb09ylmnwDN39yJDyCjhsPrdQ=,9CmAsDuwfRNnBUpshm3I3/sxZPU=
-40,27,TSVb09ylmnwDN39yJDyCjhsPrdQ=,t+9UyGcp5ukKlEVIuJUlu2sYcT0=
-41,27,TSVb09ylmnwDN39yJDyCjhsPrdQ=,9CmAsDuwfRNnBUpshm3I3/sxZPU=
-42,26,TSVb09ylmnwDN39yJDyCjhsPrdQ=,9CmAsDuwfRNnBUpshm3I3/sxZPU=
-41,24,TSVb09ylmnwDN39yJDyCjhsPrdQ=,9CmAsDuwfRNnBUpshm3I3/sxZPU=
-41,25,TSVb09ylmnwDN39yJDyCjhsPrdQ=,9CmAsDuwfRNnBUpshm3I3/sxZPU=
-39,29,TSVb09ylmnwDN39yJDyCjhsPrdQ=,t+9UyGcp5ukKlEVIuJUlu2sYcT0=
-42,23,TSVb09ylmnwDN39yJDyCjhsPrdQ=,9CmAsDuwfRNnBUpshm3I3/sxZPU=
-42,29,TSVb09ylmnwDN39yJDyCjhsPrdQ=,9CmAsDuwfRNnBUpshm3I3/sxZPU=
-45,19,TSVb09ylmnwDN39yJDyCjhsPrdQ=,kDSc1Vrq94LBqHhbRDndGH/UkRM=
-46,19,TSVb09ylmnwDN39yJDyCjhsPrdQ=,kDSc1Vrq94LBqHhbRDndGH/UkRM=
-44,23,TSVb09ylmnwDN39yJDyCjhsPrdQ=,9CmAsDuwfRNnBUpshm3I3/sxZPU=
-40,29,TSVb09ylmnwDN39yJDyCjhsPrdQ=,t+9UyGcp5ukKlEVIuJUlu2sYcT0=
-44,18,TSVb09ylmnwDN39yJDyCjhsPrdQ=,9CmAsDuwfRNnBUpshm3I3/sxZPU=
-41,29,TSVb09ylmnwDN39yJDyCjhsPrdQ=,9CmAsDuwfRNnBUpshm3I3/sxZPU=
-45,23,TSVb09ylmnwDN39yJDyCjhsPrdQ=,kDSc1Vrq94LBqHhbRDndGH/UkRM=
-44,27,TSVb09ylmnwDN39yJDyCjhsPrdQ=,9CmAsDuwfRNnBUpshm3I3/sxZPU=
-44,26,TSVb09ylmnwDN39yJDyCjhsPrdQ=,9CmAsDuwfRNnBUpshm3I3/sxZPU=
-41,28,TSVb09ylmnwDN39yJDyCjhsPrdQ=,9CmAsDuwfRNnBUpshm3I3/sxZPU=
-46,24,TSVb09ylmnwDN39yJDyCjhsPrdQ=,kDSc1Vrq94LBqHhbRDndGH/UkRM=
-44,20,TSVb09ylmnwDN39yJDyCjhsPrdQ=,9CmAsDuwfRNnBUpshm3I3/sxZPU=
-43,26,TSVb09ylmnwDN39yJDyCjhsPrdQ=,9CmAsDuwfRNnBUpshm3I3/sxZPU=
-48,30,TSVb09ylmnwDN39yJDyCjhsPrdQ=,kDSc1Vrq94LBqHhbRDndGH/UkRM=
-44,22,TSVb09ylmnwDN39yJDyCjhsPrdQ=,9CmAsDuwfRNnBUpshm3I3/sxZPU=
-43,25,TSVb09ylmnwDN39yJDyCjhsPrdQ=,9CmAsDuwfRNnBUpshm3I3/sxZPU=
-48,31,TSVb09ylmnwDN39yJDyCjhsPrdQ=,kDSc1Vrq94LBqHhbRDndGH/UkRM=
-44,25,TSVb09ylmnwDN39yJDyCjhsPrdQ=,9CmAsDuwfRNnBUpshm3I3/sxZPU=
-47,30,TSVb09ylmnwDN39yJDyCjhsPrdQ=,kDSc1Vrq94LBqHhbRDndGH/UkRM=
-48,27,TSVb09ylmnwDN39yJDyCjhsPrdQ=,kDSc1Vrq94LBqHhbRDndGH/UkRM=
-45,20,TSVb09ylmnwDN39yJDyCjhsPrdQ=,kDSc1Vrq94LBqHhbRDndGH/UkRM=
-45,22,TSVb09ylmnwDN39yJDyCjhsPrdQ=,kDSc1Vrq94LBqHhbRDndGH/UkRM=
-45,24,TSVb09ylmnwDN39yJDyCjhsPrdQ=,kDSc1Vrq94LBqHhbRDndGH/UkRM=
-44,28,TSVb09ylmnwDN39yJDyCjhsPrdQ=,9CmAsDuwfRNnBUpshm3I3/sxZPU=
-47,31,TSVb09ylmnwDN39yJDyCjhsPrdQ=,kDSc1Vrq94LBqHhbRDndGH/UkRM=
-43,28,TSVb09ylmnwDN39yJDyCjhsPrdQ=,9CmAsDuwfRNnBUpshm3I3/sxZPU=
-43,24,TSVb09ylmnwDN39yJDyCjhsPrdQ=,9CmAsDuwfRNnBUpshm3I3/sxZPU=
-43,29,TSVb09ylmnwDN39yJDyCjhsPrdQ=,9CmAsDuwfRNnBUpshm3I3/sxZPU=
-44,24,TSVb09ylmnwDN39yJDyCjhsPrdQ=,9CmAsDuwfRNnBUpshm3I3/sxZPU=
-43,23,TSVb09ylmnwDN39yJDyCjhsPrdQ=,9CmAsDuwfRNnBUpshm3I3/sxZPU=
-43,22,TSVb09ylmnwDN39yJDyCjhsPrdQ=,9CmAsDuwfRNnBUpshm3I3/sxZPU=
-46,20,TSVb09ylmnwDN39yJDyCjhsPrdQ=,kDSc1Vrq94LBqHhbRDndGH/UkRM=
-44,16,TSVb09ylmnwDN39yJDyCjhsPrdQ=,9CmAsDuwfRNnBUpshm3I3/sxZPU=
-46,22,TSVb09ylmnwDN39yJDyCjhsPrdQ=,kDSc1Vrq94LBqHhbRDndGH/UkRM=
-44,19,TSVb09ylmnwDN39yJDyCjhsPrdQ=,9CmAsDuwfRNnBUpshm3I3/sxZPU=
-45,18,TSVb09ylmnwDN39yJDyCjhsPrdQ=,kDSc1Vrq94LBqHhbRDndGH/UkRM=
-45,16,TSVb09ylmnwDN39yJDyCjhsPrdQ=,kDSc1Vrq94LBqHhbRDndGH/UkRM=
-48,28,TSVb09ylmnwDN39yJDyCjhsPrdQ=,kDSc1Vrq94LBqHhbRDndGH/UkRM=
-45,29,TSVb09ylmnwDN39yJDyCjhsPrdQ=,kDSc1Vrq94LBqHhbRDndGH/UkRM=
-46,27,TSVb09ylmnwDN39yJDyCjhsPrdQ=,kDSc1Vrq94LBqHhbRDndGH/UkRM=
-47,19,TSVb09ylmnwDN39yJDyCjhsPrdQ=,kDSc1Vrq94LBqHhbRDndGH/UkRM=
-46,23,TSVb09ylmnwDN39yJDyCjhsPrdQ=,kDSc1Vrq94LBqHhbRDndGH/UkRM=
-43,27,TSVb09ylmnwDN39yJDyCjhsPrdQ=,9CmAsDuwfRNnBUpshm3I3/sxZPU=
-45,26,TSVb09ylmnwDN39yJDyCjhsPrdQ=,kDSc1Vrq94LBqHhbRDndGH/UkRM=
-44,29,TSVb09ylmnwDN39yJDyCjhsPrdQ=,9CmAsDuwfRNnBUpshm3I3/sxZPU=
-46,29,TSVb09ylmnwDN39yJDyCjhsPrdQ=,kDSc1Vrq94LBqHhbRDndGH/UkRM=
-44,17,TSVb09ylmnwDN39yJDyCjhsPrdQ=,9CmAsDuwfRNnBUpshm3I3/sxZPU=
-43,17,TSVb09ylmnwDN39yJDyCjhsPrdQ=,9CmAsDuwfRNnBUpshm3I3/sxZPU=
-43,16,TSVb09ylmnwDN39yJDyCjhsPrdQ=,9CmAsDuwfRNnBUpshm3I3/sxZPU=
-46,18,TSVb09ylmnwDN39yJDyCjhsPrdQ=,kDSc1Vrq94LBqHhbRDndGH/UkRM=
-45,17,TSVb09ylmnwDN39yJDyCjhsPrdQ=,kDSc1Vrq94LBqHhbRDndGH/UkRM=
-46,17,TSVb09ylmnwDN39yJDyCjhsPrdQ=,kDSc1Vrq94LBqHhbRDndGH/UkRM=
-45,28,TSVb09ylmnwDN39yJDyCjhsPrdQ=,kDSc1Vrq94LBqHhbRDndGH/UkRM=
-46,16,TSVb09ylmnwDN39yJDyCjhsPrdQ=,kDSc1Vrq94LBqHhbRDndGH/UkRM=
-47,29,TSVb09ylmnwDN39yJDyCjhsPrdQ=,kDSc1Vrq94LBqHhbRDndGH/UkRM=
-46,26,TSVb09ylmnwDN39yJDyCjhsPrdQ=,kDSc1Vrq94LBqHhbRDndGH/UkRM=
-45,21,TSVb09ylmnwDN39yJDyCjhsPrdQ=,kDSc1Vrq94LBqHhbRDndGH/UkRM=
-48,18,TSVb09ylmnwDN39yJDyCjhsPrdQ=,kDSc1Vrq94LBqHhbRDndGH/UkRM=
-46,25,TSVb09ylmnwDN39yJDyCjhsPrdQ=,kDSc1Vrq94LBqHhbRDndGH/UkRM=
-43,19,TSVb09ylmnwDN39yJDyCjhsPrdQ=,9CmAsDuwfRNnBUpshm3I3/sxZPU=
-45,27,TSVb09ylmnwDN39yJDyCjhsPrdQ=,kDSc1Vrq94LBqHhbRDndGH/UkRM=
-42,16,TSVb09ylmnwDN39yJDyCjhsPrdQ=,9CmAsDuwfRNnBUpshm3I3/sxZPU=
-45,25,TSVb09ylmnwDN39yJDyCjhsPrdQ=,kDSc1Vrq94LBqHhbRDndGH/UkRM=
-47,18,TSVb09ylmnwDN39yJDyCjhsPrdQ=,kDSc1Vrq94LBqHhbRDndGH/UkRM=
-43,18,TSVb09ylmnwDN39yJDyCjhsPrdQ=,9CmAsDuwfRNnBUpshm3I3/sxZPU=
-46,28,TSVb09ylmnwDN39yJDyCjhsPrdQ=,kDSc1Vrq94LBqHhbRDndGH/UkRM=
-48,26,TSVb09ylmnwDN39yJDyCjhsPrdQ=,kDSc1Vrq94LBqHhbRDndGH/UkRM=
-46,21,TSVb09ylmnwDN39yJDyCjhsPrdQ=,kDSc1Vrq94LBqHhbRDndGH/UkRM=
-48,29,TSVb09ylmnwDN39yJDyCjhsPrdQ=,kDSc1Vrq94LBqHhbRDndGH/UkRM=
-43,20,TSVb09ylmnwDN39yJDyCjhsPrdQ=,9CmAsDuwfRNnBUpshm3I3/sxZPU=
-41,17,TSVb09ylmnwDN39yJDyCjhsPrdQ=,9CmAsDuwfRNnBUpshm3I3/sxZPU=
-44,21,TSVb09ylmnwDN39yJDyCjhsPrdQ=,9CmAsDuwfRNnBUpshm3I3/sxZPU=
-47,27,TSVb09ylmnwDN39yJDyCjhsPrdQ=,kDSc1Vrq94LBqHhbRDndGH/UkRM=
-37,16,TSVb09ylmnwDN39yJDyCjhsPrdQ=,t+9UyGcp5ukKlEVIuJUlu2sYcT0=
-39,17,TSVb09ylmnwDN39yJDyCjhsPrdQ=,t+9UyGcp5ukKlEVIuJUlu2sYcT0=
-43,21,TSVb09ylmnwDN39yJDyCjhsPrdQ=,9CmAsDuwfRNnBUpshm3I3/sxZPU=
-48,19,TSVb09ylmnwDN39yJDyCjhsPrdQ=,kDSc1Vrq94LBqHhbRDndGH/UkRM=
-47,28,TSVb09ylmnwDN39yJDyCjhsPrdQ=,kDSc1Vrq94LBqHhbRDndGH/UkRM=
-48,24,TSVb09ylmnwDN39yJDyCjhsPrdQ=,kDSc1Vrq94LBqHhbRDndGH/UkRM=
-42,17,TSVb09ylmnwDN39yJDyCjhsPrdQ=,9CmAsDuwfRNnBUpshm3I3/sxZPU=
-47,26,TSVb09ylmnwDN39yJDyCjhsPrdQ=,kDSc1Vrq94LBqHhbRDndGH/UkRM=
-48,20,TSVb09ylmnwDN39yJDyCjhsPrdQ=,kDSc1Vrq94LBqHhbRDndGH/UkRM=
-48,23,TSVb09ylmnwDN39yJDyCjhsPrdQ=,kDSc1Vrq94LBqHhbRDndGH/UkRM=
-40,17,TSVb09ylmnwDN39yJDyCjhsPrdQ=,t+9UyGcp5ukKlEVIuJUlu2sYcT0=
-41,16,TSVb09ylmnwDN39yJDyCjhsPrdQ=,9CmAsDuwfRNnBUpshm3I3/sxZPU=
-37,17,TSVb09ylmnwDN39yJDyCjhsPrdQ=,t+9UyGcp5ukKlEVIuJUlu2sYcT0=
-38,16,TSVb09ylmnwDN39yJDyCjhsPrdQ=,t+9UyGcp5ukKlEVIuJUlu2sYcT0=
-35,16,TSVb09ylmnwDN39yJDyCjhsPrdQ=,JaN6lvQV9/g7zMFOpc+E7u0ToI4=
-39,16,TSVb09ylmnwDN39yJDyCjhsPrdQ=,t+9UyGcp5ukKlEVIuJUlu2sYcT0=
-33,16,TSVb09ylmnwDN39yJDyCjhsPrdQ=,JaN6lvQV9/g7zMFOpc+E7u0ToI4=
-36,16,TSVb09ylmnwDN39yJDyCjhsPrdQ=,JaN6lvQV9/g7zMFOpc+E7u0ToI4=
-40,16,TSVb09ylmnwDN39yJDyCjhsPrdQ=,t+9UyGcp5ukKlEVIuJUlu2sYcT0=
-38,17,TSVb09ylmnwDN39yJDyCjhsPrdQ=,t+9UyGcp5ukKlEVIuJUlu2sYcT0=
-35,17,TSVb09ylmnwDN39yJDyCjhsPrdQ=,JaN6lvQV9/g7zMFOpc+E7u0ToI4=
-47,21,TSVb09ylmnwDN39yJDyCjhsPrdQ=,kDSc1Vrq94LBqHhbRDndGH/UkRM=
-36,17,TSVb09ylmnwDN39yJDyCjhsPrdQ=,JaN6lvQV9/g7zMFOpc+E7u0ToI4=
-48,22,TSVb09ylmnwDN39yJDyCjhsPrdQ=,kDSc1Vrq94LBqHhbRDndGH/UkRM=
-47,24,TSVb09ylmnwDN39yJDyCjhsPrdQ=,kDSc1Vrq94LBqHhbRDndGH/UkRM=
-47,20,TSVb09ylmnwDN39yJDyCjhsPrdQ=,kDSc1Vrq94LBqHhbRDndGH/UkRM=
-47,23,TSVb09ylmnwDN39yJDyCjhsPrdQ=,kDSc1Vrq94LBqHhbRDndGH/UkRM=
-48,25,TSVb09ylmnwDN39yJDyCjhsPrdQ=,kDSc1Vrq94LBqHhbRDndGH/UkRM=
-47,25,TSVb09ylmnwDN39yJDyCjhsPrdQ=,kDSc1Vrq94LBqHhbRDndGH/UkRM=
-34,16,TSVb09ylmnwDN39yJDyCjhsPrdQ=,JaN6lvQV9/g7zMFOpc+E7u0ToI4=
-48,21,TSVb09ylmnwDN39yJDyCjhsPrdQ=,kDSc1Vrq94LBqHhbRDndGH/UkRM=
-33,17,TSVb09ylmnwDN39yJDyCjhsPrdQ=,JaN6lvQV9/g7zMFOpc+E7u0ToI4=
-47,22,TSVb09ylmnwDN39yJDyCjhsPrdQ=,kDSc1Vrq94LBqHhbRDndGH/UkRM=
-34,17,TSVb09ylmnwDN39yJDyCjhsPrdQ=,JaN6lvQV9/g7zMFOpc+E7u0ToI4=
-37,23,TSVb09ylmnwDN39yJDyCjhsPrdQ=,t+9UyGcp5ukKlEVIuJUlu2sYcT0=
-36,22,TSVb09ylmnwDN39yJDyCjhsPrdQ=,JaN6lvQV9/g7zMFOpc+E7u0ToI4=
-37,28,TSVb09ylmnwDN39yJDyCjhsPrdQ=,t+9UyGcp5ukKlEVIuJUlu2sYcT0=
-38,27,TSVb09ylmnwDN39yJDyCjhsPrdQ=,t+9UyGcp5ukKlEVIuJUlu2sYcT0=
-36,29,TSVb09ylmnwDN39yJDyCjhsPrdQ=,jy0pl6thmQCHsvXRZTtlx/xg3hg=
-38,25,TSVb09ylmnwDN39yJDyCjhsPrdQ=,t+9UyGcp5ukKlEVIuJUlu2sYcT0=
-35,22,TSVb09ylmnwDN39yJDyCjhsPrdQ=,JaN6lvQV9/g7zMFOpc+E7u0ToI4=
-36,23,TSVb09ylmnwDN39yJDyCjhsPrdQ=,JaN6lvQV9/g7zMFOpc+E7u0ToI4=
-35,23,TSVb09ylmnwDN39yJDyCjhsPrdQ=,JaN6lvQV9/g7zMFOpc+E7u0ToI4=
-38,26,TSVb09ylmnwDN39yJDyCjhsPrdQ=,t+9UyGcp5ukKlEVIuJUlu2sYcT0=
-38,24,TSVb09ylmnwDN39yJDyCjhsPrdQ=,t+9UyGcp5ukKlEVIuJUlu2sYcT0=
-38,23,TSVb09ylmnwDN39yJDyCjhsPrdQ=,t+9UyGcp5ukKlEVIuJUlu2sYcT0=
-33,22,TSVb09ylmnwDN39yJDyCjhsPrdQ=,JaN6lvQV9/g7zMFOpc+E7u0ToI4=
-34,24,TSVb09ylmnwDN39yJDyCjhsPrdQ=,jy0pl6thmQCHsvXRZTtlx/xg3hg=
-33,21,TSVb09ylmnwDN39yJDyCjhsPrdQ=,JaN6lvQV9/g7zMFOpc+E7u0ToI4=
-33,19,TSVb09ylmnwDN39yJDyCjhsPrdQ=,JaN6lvQV9/g7zMFOpc+E7u0ToI4=
-36,25,TSVb09ylmnwDN39yJDyCjhsPrdQ=,jy0pl6thmQCHsvXRZTtlx/xg3hg=
-37,22,TSVb09ylmnwDN39yJDyCjhsPrdQ=,t+9UyGcp5ukKlEVIuJUlu2sYcT0=
-47,16,TSVb09ylmnwDN39yJDyCjhsPrdQ=,kDSc1Vrq94LBqHhbRDndGH/UkRM=
-37,24,TSVb09ylmnwDN39yJDyCjhsPrdQ=,t+9UyGcp5ukKlEVIuJUlu2sYcT0=
-38,22,TSVb09ylmnwDN39yJDyCjhsPrdQ=,t+9UyGcp5ukKlEVIuJUlu2sYcT0=
-37,31,TSVb09ylmnwDN39yJDyCjhsPrdQ=,t+9UyGcp5ukKlEVIuJUlu2sYcT0=
-36,24,TSVb09ylmnwDN39yJDyCjhsPrdQ=,jy0pl6thmQCHsvXRZTtlx/xg3hg=
-35,29,TSVb09ylmnwDN39yJDyCjhsPrdQ=,jy0pl6thmQCHsvXRZTtlx/xg3hg=
-37,30,TSVb09ylmnwDN39yJDyCjhsPrdQ=,t+9UyGcp5ukKlEVIuJUlu2sYcT0=
-38,28,TSVb09ylmnwDN39yJDyCjhsPrdQ=,t+9UyGcp5ukKlEVIuJUlu2sYcT0=
-34,26,TSVb09ylmnwDN39yJDyCjhsPrdQ=,jy0pl6thmQCHsvXRZTtlx/xg3hg=
-36,28,TSVb09ylmnwDN39yJDyCjhsPrdQ=,jy0pl6thmQCHsvXRZTtlx/xg3hg=
-34,30,TSVb09ylmnwDN39yJDyCjhsPrdQ=,jy0pl6thmQCHsvXRZTtlx/xg3hg=
-38,29,TSVb09ylmnwDN39yJDyCjhsPrdQ=,t+9UyGcp5ukKlEVIuJUlu2sYcT0=
-33,24,TSVb09ylmnwDN39yJDyCjhsPrdQ=,jy0pl6thmQCHsvXRZTtlx/xg3hg=
-36,30,TSVb09ylmnwDN39yJDyCjhsPrdQ=,jy0pl6thmQCHsvXRZTtlx/xg3hg=
-37,27,TSVb09ylmnwDN39yJDyCjhsPrdQ=,t+9UyGcp5ukKlEVIuJUlu2sYcT0=
-37,29,TSVb09ylmnwDN39yJDyCjhsPrdQ=,t+9UyGcp5ukKlEVIuJUlu2sYcT0=
-34,28,TSVb09ylmnwDN39yJDyCjhsPrdQ=,jy0pl6thmQCHsvXRZTtlx/xg3hg=
-48,17,TSVb09ylmnwDN39yJDyCjhsPrdQ=,kDSc1Vrq94LBqHhbRDndGH/UkRM=
-34,31,TSVb09ylmnwDN39yJDyCjhsPrdQ=,jy0pl6thmQCHsvXRZTtlx/xg3hg=
-47,17,TSVb09ylmnwDN39yJDyCjhsPrdQ=,kDSc1Vrq94LBqHhbRDndGH/UkRM=
-35,31,TSVb09ylmnwDN39yJDyCjhsPrdQ=,jy0pl6thmQCHsvXRZTtlx/xg3hg=
-34,18,TSVb09ylmnwDN39yJDyCjhsPrdQ=,JaN6lvQV9/g7zMFOpc+E7u0ToI4=
-38,30,TSVb09ylmnwDN39yJDyCjhsPrdQ=,t+9UyGcp5ukKlEVIuJUlu2sYcT0=
-33,28,TSVb09ylmnwDN39yJDyCjhsPrdQ=,jy0pl6thmQCHsvXRZTtlx/xg3hg=
-48,16,TSVb09ylmnwDN39yJDyCjhsPrdQ=,kDSc1Vrq94LBqHhbRDndGH/UkRM=
-40,31,TSVb09ylmnwDN39yJDyCjhsPrdQ=,t+9UyGcp5ukKlEVIuJUlu2sYcT0=
-33,27,TSVb09ylmnwDN39yJDyCjhsPrdQ=,jy0pl6thmQCHsvXRZTtlx/xg3hg=
-33,23,TSVb09ylmnwDN39yJDyCjhsPrdQ=,JaN6lvQV9/g7zMFOpc+E7u0ToI4=
-34,29,TSVb09ylmnwDN39yJDyCjhsPrdQ=,jy0pl6thmQCHsvXRZTtlx/xg3hg=
-37,26,TSVb09ylmnwDN39yJDyCjhsPrdQ=,t+9UyGcp5ukKlEVIuJUlu2sYcT0=
-34,27,TSVb09ylmnwDN39yJDyCjhsPrdQ=,jy0pl6thmQCHsvXRZTtlx/xg3hg=
-35,25,TSVb09ylmnwDN39yJDyCjhsPrdQ=,jy0pl6thmQCHsvXRZTtlx/xg3hg=
-35,24,TSVb09ylmnwDN39yJDyCjhsPrdQ=,jy0pl6thmQCHsvXRZTtlx/xg3hg=
-33,26,TSVb09ylmnwDN39yJDyCjhsPrdQ=,jy0pl6thmQCHsvXRZTtlx/xg3hg=
-36,31,TSVb09ylmnwDN39yJDyCjhsPrdQ=,jy0pl6thmQCHsvXRZTtlx/xg3hg=
-35,30,TSVb09ylmnwDN39yJDyCjhsPrdQ=,jy0pl6thmQCHsvXRZTtlx/xg3hg=
-45,31,TSVb09ylmnwDN39yJDyCjhsPrdQ=,kDSc1Vrq94LBqHhbRDndGH/UkRM=
-37,25,TSVb09ylmnwDN39yJDyCjhsPrdQ=,t+9UyGcp5ukKlEVIuJUlu2sYcT0=
-41,30,TSVb09ylmnwDN39yJDyCjhsPrdQ=,9CmAsDuwfRNnBUpshm3I3/sxZPU=
-38,31,TSVb09ylmnwDN39yJDyCjhsPrdQ=,t+9UyGcp5ukKlEVIuJUlu2sYcT0=
-35,27,TSVb09ylmnwDN39yJDyCjhsPrdQ=,jy0pl6thmQCHsvXRZTtlx/xg3hg=
-33,31,TSVb09ylmnwDN39yJDyCjhsPrdQ=,jy0pl6thmQCHsvXRZTtlx/xg3hg=
-34,25,TSVb09ylmnwDN39yJDyCjhsPrdQ=,jy0pl6thmQCHsvXRZTtlx/xg3hg=
-42,30,TSVb09ylmnwDN39yJDyCjhsPrdQ=,9CmAsDuwfRNnBUpshm3I3/sxZPU=
-33,30,TSVb09ylmnwDN39yJDyCjhsPrdQ=,jy0pl6thmQCHsvXRZTtlx/xg3hg=
-36,27,TSVb09ylmnwDN39yJDyCjhsPrdQ=,jy0pl6thmQCHsvXRZTtlx/xg3hg=
-45,30,TSVb09ylmnwDN39yJDyCjhsPrdQ=,kDSc1Vrq94LBqHhbRDndGH/UkRM=
-46,30,TSVb09ylmnwDN39yJDyCjhsPrdQ=,kDSc1Vrq94LBqHhbRDndGH/UkRM=
-34,22,TSVb09ylmnwDN39yJDyCjhsPrdQ=,JaN6lvQV9/g7zMFOpc+E7u0ToI4=
-39,30,TSVb09ylmnwDN39yJDyCjhsPrdQ=,t+9UyGcp5ukKlEVIuJUlu2sYcT0=
-39,31,TSVb09ylmnwDN39yJDyCjhsPrdQ=,t+9UyGcp5ukKlEVIuJUlu2sYcT0=
-43,30,TSVb09ylmnwDN39yJDyCjhsPrdQ=,9CmAsDuwfRNnBUpshm3I3/sxZPU=
-34,23,TSVb09ylmnwDN39yJDyCjhsPrdQ=,JaN6lvQV9/g7zMFOpc+E7u0ToI4=
-44,31,TSVb09ylmnwDN39yJDyCjhsPrdQ=,9CmAsDuwfRNnBUpshm3I3/sxZPU=
-33,20,TSVb09ylmnwDN39yJDyCjhsPrdQ=,JaN6lvQV9/g7zMFOpc+E7u0ToI4=
-33,18,TSVb09ylmnwDN39yJDyCjhsPrdQ=,JaN6lvQV9/g7zMFOpc+E7u0ToI4=
-40,30,TSVb09ylmnwDN39yJDyCjhsPrdQ=,t+9UyGcp5ukKlEVIuJUlu2sYcT0=
-35,28,TSVb09ylmnwDN39yJDyCjhsPrdQ=,jy0pl6thmQCHsvXRZTtlx/xg3hg=
-33,25,TSVb09ylmnwDN39yJDyCjhsPrdQ=,jy0pl6thmQCHsvXRZTtlx/xg3hg=
-33,29,TSVb09ylmnwDN39yJDyCjhsPrdQ=,jy0pl6thmQCHsvXRZTtlx/xg3hg=
-46,31,TSVb09ylmnwDN39yJDyCjhsPrdQ=,kDSc1Vrq94LBqHhbRDndGH/UkRM=
-44,30,TSVb09ylmnwDN39yJDyCjhsPrdQ=,9CmAsDuwfRNnBUpshm3I3/sxZPU=
-35,26,TSVb09ylmnwDN39yJDyCjhsPrdQ=,jy0pl6thmQCHsvXRZTtlx/xg3hg=
-43,31,TSVb09ylmnwDN39yJDyCjhsPrdQ=,9CmAsDuwfRNnBUpshm3I3/sxZPU=
-34,21,TSVb09ylmnwDN39yJDyCjhsPrdQ=,JaN6lvQV9/g7zMFOpc+E7u0ToI4=
-42,31,TSVb09ylmnwDN39yJDyCjhsPrdQ=,9CmAsDuwfRNnBUpshm3I3/sxZPU=
-34,19,TSVb09ylmnwDN39yJDyCjhsPrdQ=,JaN6lvQV9/g7zMFOpc+E7u0ToI4=
-41,31,TSVb09ylmnwDN39yJDyCjhsPrdQ=,9CmAsDuwfRNnBUpshm3I3/sxZPU=
-36,26,TSVb09ylmnwDN39yJDyCjhsPrdQ=,jy0pl6thmQCHsvXRZTtlx/xg3hg=
-34,20,TSVb09ylmnwDN39yJDyCjhsPrdQ=,JaN6lvQV9/g7zMFOpc+E7u0ToI4=
-38,2,ox6GUdD7HoOipYn5Zyi60IJgX2k=,1RSo74iTyZ8pdaHP7WHGDL/ca0k=
-38,3,ox6GUdD7HoOipYn5Zyi60IJgX2k=,1RSo74iTyZ8pdaHP7WHGDL/ca0k=
-37,3,ox6GUdD7HoOipYn5Zyi60IJgX2k=,1RSo74iTyZ8pdaHP7WHGDL/ca0k=
-35,5,vKsVopo6CEU9LvarSz8P3d/MjKc=,vWDiMCYfCdOF8Tg1jMUO+7m4OnQ=
-37,2,vKsVopo6CEU9LvarSz8P3d/MjKc=,1RSo74iTyZ8pdaHP7WHGDL/ca0k=
-35,2,vKsVopo6CEU9LvarSz8P3d/MjKc=,vWDiMCYfCdOF8Tg1jMUO+7m4OnQ=
-35,3,vKsVopo6CEU9LvarSz8P3d/MjKc=,vWDiMCYfCdOF8Tg1jMUO+7m4OnQ=
-36,5,SUvwcjW4tF6mp3gmVcMHmDltP0w=,vWDiMCYfCdOF8Tg1jMUO+7m4OnQ=
-37,4,SUvwcjW4tF6mp3gmVcMHmDltP0w=,1RSo74iTyZ8pdaHP7WHGDL/ca0k=
-38,5,ZCe7et55zHD0sJGuEii6BLJejRo=,1RSo74iTyZ8pdaHP7WHGDL/ca0k=
-36,2,ZCe7et55zHD0sJGuEii6BLJejRo=,vWDiMCYfCdOF8Tg1jMUO+7m4OnQ=
-36,3,ZCe7et55zHD0sJGuEii6BLJejRo=,vWDiMCYfCdOF8Tg1jMUO+7m4OnQ=
-36,4,ZCe7et55zHD0sJGuEii6BLJejRo=,vWDiMCYfCdOF8Tg1jMUO+7m4OnQ=
-35,4,ZCe7et55zHD0sJGuEii6BLJejRo=,vWDiMCYfCdOF8Tg1jMUO+7m4OnQ=
-38,4,ZCe7et55zHD0sJGuEii6BLJejRo=,1RSo74iTyZ8pdaHP7WHGDL/ca0k=
-37,5,ZCe7et55zHD0sJGuEii6BLJejRo=,1RSo74iTyZ8pdaHP7WHGDL/ca0k=
-42,5,o96zpyK9RqhXmvq9oOh+zvNmDcs=,6aWw29AuDw4B07yHsKfYxSaX6l4=
-39,5,o96zpyK9RqhXmvq9oOh+zvNmDcs=,1RSo74iTyZ8pdaHP7WHGDL/ca0k=
-41,4,o96zpyK9RqhXmvq9oOh+zvNmDcs=,6aWw29AuDw4B07yHsKfYxSaX6l4=
-42,2,o96zpyK9RqhXmvq9oOh+zvNmDcs=,6aWw29AuDw4B07yHsKfYxSaX6l4=
-42,3,o96zpyK9RqhXmvq9oOh+zvNmDcs=,6aWw29AuDw4B07yHsKfYxSaX6l4=
-39,2,HtRdcqJ8A8ME3+UlheEWdbOqQyQ=,1RSo74iTyZ8pdaHP7WHGDL/ca0k=
-40,2,HGK3sm64Osk6mQ4MsFcyjsM46ZA=,1RSo74iTyZ8pdaHP7WHGDL/ca0k=
-40,5,HGK3sm64Osk6mQ4MsFcyjsM46ZA=,1RSo74iTyZ8pdaHP7WHGDL/ca0k=
-39,3,HGK3sm64Osk6mQ4MsFcyjsM46ZA=,1RSo74iTyZ8pdaHP7WHGDL/ca0k=
-41,2,HGK3sm64Osk6mQ4MsFcyjsM46ZA=,6aWw29AuDw4B07yHsKfYxSaX6l4=
-42,4,HGK3sm64Osk6mQ4MsFcyjsM46ZA=,6aWw29AuDw4B07yHsKfYxSaX6l4=
-41,5,BRTB4hmqv3LAkmrnf1xrwfn6c7A=,6aWw29AuDw4B07yHsKfYxSaX6l4=
-39,4,BRTB4hmqv3LAkmrnf1xrwfn6c7A=,1RSo74iTyZ8pdaHP7WHGDL/ca0k=
-40,4,BRTB4hmqv3LAkmrnf1xrwfn6c7A=,1RSo74iTyZ8pdaHP7WHGDL/ca0k=
-41,3,BRTB4hmqv3LAkmrnf1xrwfn6c7A=,6aWw29AuDw4B07yHsKfYxSaX6l4=
-40,3,HR8RCyppKUqwjlLHwBcZu9CQVuU=,1RSo74iTyZ8pdaHP7WHGDL/ca0k=
-39,6,HR8RCyppKUqwjlLHwBcZu9CQVuU=,1RSo74iTyZ8pdaHP7WHGDL/ca0k=
-42,7,HR8RCyppKUqwjlLHwBcZu9CQVuU=,6aWw29AuDw4B07yHsKfYxSaX6l4=
-41,7,HR8RCyppKUqwjlLHwBcZu9CQVuU=,6aWw29AuDw4B07yHsKfYxSaX6l4=
-40,6,c2hrnAt6y4632BW5xq+VaZ9ETg4=,1RSo74iTyZ8pdaHP7WHGDL/ca0k=
-41,8,c2hrnAt6y4632BW5xq+VaZ9ETg4=,9CmAsDuwfRNnBUpshm3I3/sxZPU=
-40,7,c2hrnAt6y4632BW5xq+VaZ9ETg4=,1RSo74iTyZ8pdaHP7WHGDL/ca0k=
-39,7,c2hrnAt6y4632BW5xq+VaZ9ETg4=,1RSo74iTyZ8pdaHP7WHGDL/ca0k=
-41,6,c2hrnAt6y4632BW5xq+VaZ9ETg4=,6aWw29AuDw4B07yHsKfYxSaX6l4=
-42,9,0epgQhzOVtJD2ylsWUKK2TAdMeI=,9CmAsDuwfRNnBUpshm3I3/sxZPU=
-40,9,0epgQhzOVtJD2ylsWUKK2TAdMeI=,fHKDTUzAATTJYDyZJo6WzNweF5U=
-39,9,0epgQhzOVtJD2ylsWUKK2TAdMeI=,fHKDTUzAATTJYDyZJo6WzNweF5U=
-42,8,0epgQhzOVtJD2ylsWUKK2TAdMeI=,9CmAsDuwfRNnBUpshm3I3/sxZPU=
-41,9,0epgQhzOVtJD2ylsWUKK2TAdMeI=,9CmAsDuwfRNnBUpshm3I3/sxZPU=
-39,8,0epgQhzOVtJD2ylsWUKK2TAdMeI=,fHKDTUzAATTJYDyZJo6WzNweF5U=
-42,6,0epgQhzOVtJD2ylsWUKK2TAdMeI=,6aWw29AuDw4B07yHsKfYxSaX6l4=
-40,8,0epgQhzOVtJD2ylsWUKK2TAdMeI=,fHKDTUzAATTJYDyZJo6WzNweF5U=
-44,8,0epgQhzOVtJD2ylsWUKK2TAdMeI=,9CmAsDuwfRNnBUpshm3I3/sxZPU=
-45,7,0epgQhzOVtJD2ylsWUKK2TAdMeI=,uPwgklrgHiIXYB3syrOcZ3Su/Kk=
-44,9,0epgQhzOVtJD2ylsWUKK2TAdMeI=,9CmAsDuwfRNnBUpshm3I3/sxZPU=
-43,9,0epgQhzOVtJD2ylsWUKK2TAdMeI=,9CmAsDuwfRNnBUpshm3I3/sxZPU=
-44,7,0epgQhzOVtJD2ylsWUKK2TAdMeI=,6aWw29AuDw4B07yHsKfYxSaX6l4=
-43,8,0epgQhzOVtJD2ylsWUKK2TAdMeI=,9CmAsDuwfRNnBUpshm3I3/sxZPU=
-46,7,0epgQhzOVtJD2ylsWUKK2TAdMeI=,uPwgklrgHiIXYB3syrOcZ3Su/Kk=
-45,9,0epgQhzOVtJD2ylsWUKK2TAdMeI=,kDSc1Vrq94LBqHhbRDndGH/UkRM=
-46,9,0epgQhzOVtJD2ylsWUKK2TAdMeI=,kDSc1Vrq94LBqHhbRDndGH/UkRM=
-44,6,0epgQhzOVtJD2ylsWUKK2TAdMeI=,6aWw29AuDw4B07yHsKfYxSaX6l4=
-43,6,0epgQhzOVtJD2ylsWUKK2TAdMeI=,6aWw29AuDw4B07yHsKfYxSaX6l4=
-43,7,0epgQhzOVtJD2ylsWUKK2TAdMeI=,6aWw29AuDw4B07yHsKfYxSaX6l4=
-42,11,0epgQhzOVtJD2ylsWUKK2TAdMeI=,9CmAsDuwfRNnBUpshm3I3/sxZPU=
-46,8,0epgQhzOVtJD2ylsWUKK2TAdMeI=,kDSc1Vrq94LBqHhbRDndGH/UkRM=
-40,11,0epgQhzOVtJD2ylsWUKK2TAdMeI=,fHKDTUzAATTJYDyZJo6WzNweF5U=
-41,10,0epgQhzOVtJD2ylsWUKK2TAdMeI=,9CmAsDuwfRNnBUpshm3I3/sxZPU=
-45,13,0epgQhzOVtJD2ylsWUKK2TAdMeI=,kDSc1Vrq94LBqHhbRDndGH/UkRM=
-46,6,0epgQhzOVtJD2ylsWUKK2TAdMeI=,uPwgklrgHiIXYB3syrOcZ3Su/Kk=
-45,8,0epgQhzOVtJD2ylsWUKK2TAdMeI=,kDSc1Vrq94LBqHhbRDndGH/UkRM=
-42,10,0epgQhzOVtJD2ylsWUKK2TAdMeI=,9CmAsDuwfRNnBUpshm3I3/sxZPU=
-44,11,0epgQhzOVtJD2ylsWUKK2TAdMeI=,9CmAsDuwfRNnBUpshm3I3/sxZPU=
-41,11,0epgQhzOVtJD2ylsWUKK2TAdMeI=,9CmAsDuwfRNnBUpshm3I3/sxZPU=
-39,11,0epgQhzOVtJD2ylsWUKK2TAdMeI=,fHKDTUzAATTJYDyZJo6WzNweF5U=
-42,12,0epgQhzOVtJD2ylsWUKK2TAdMeI=,9CmAsDuwfRNnBUpshm3I3/sxZPU=
-45,6,0epgQhzOVtJD2ylsWUKK2TAdMeI=,uPwgklrgHiIXYB3syrOcZ3Su/Kk=
-46,13,0epgQhzOVtJD2ylsWUKK2TAdMeI=,kDSc1Vrq94LBqHhbRDndGH/UkRM=
-40,10,0epgQhzOVtJD2ylsWUKK2TAdMeI=,fHKDTUzAATTJYDyZJo6WzNweF5U=
-41,12,0epgQhzOVtJD2ylsWUKK2TAdMeI=,9CmAsDuwfRNnBUpshm3I3/sxZPU=
-39,10,0epgQhzOVtJD2ylsWUKK2TAdMeI=,fHKDTUzAATTJYDyZJo6WzNweF5U=
-44,12,0epgQhzOVtJD2ylsWUKK2TAdMeI=,9CmAsDuwfRNnBUpshm3I3/sxZPU=
-45,12,0epgQhzOVtJD2ylsWUKK2TAdMeI=,kDSc1Vrq94LBqHhbRDndGH/UkRM=
-40,13,0epgQhzOVtJD2ylsWUKK2TAdMeI=,fHKDTUzAATTJYDyZJo6WzNweF5U=
-43,10,0epgQhzOVtJD2ylsWUKK2TAdMeI=,9CmAsDuwfRNnBUpshm3I3/sxZPU=
-44,10,0epgQhzOVtJD2ylsWUKK2TAdMeI=,9CmAsDuwfRNnBUpshm3I3/sxZPU=
-46,12,0epgQhzOVtJD2ylsWUKK2TAdMeI=,kDSc1Vrq94LBqHhbRDndGH/UkRM=
-44,13,0epgQhzOVtJD2ylsWUKK2TAdMeI=,9CmAsDuwfRNnBUpshm3I3/sxZPU=
-43,11,0epgQhzOVtJD2ylsWUKK2TAdMeI=,9CmAsDuwfRNnBUpshm3I3/sxZPU=
-45,10,0epgQhzOVtJD2ylsWUKK2TAdMeI=,kDSc1Vrq94LBqHhbRDndGH/UkRM=
-39,12,0epgQhzOVtJD2ylsWUKK2TAdMeI=,fHKDTUzAATTJYDyZJo6WzNweF5U=
-46,10,0epgQhzOVtJD2ylsWUKK2TAdMeI=,kDSc1Vrq94LBqHhbRDndGH/UkRM=
-46,11,0epgQhzOVtJD2ylsWUKK2TAdMeI=,kDSc1Vrq94LBqHhbRDndGH/UkRM=
-40,12,0epgQhzOVtJD2ylsWUKK2TAdMeI=,fHKDTUzAATTJYDyZJo6WzNweF5U=
-43,12,0epgQhzOVtJD2ylsWUKK2TAdMeI=,9CmAsDuwfRNnBUpshm3I3/sxZPU=
-45,11,0epgQhzOVtJD2ylsWUKK2TAdMeI=,kDSc1Vrq94LBqHhbRDndGH/UkRM=
-38,7,0epgQhzOVtJD2ylsWUKK2TAdMeI=,1RSo74iTyZ8pdaHP7WHGDL/ca0k=
-41,13,0epgQhzOVtJD2ylsWUKK2TAdMeI=,9CmAsDuwfRNnBUpshm3I3/sxZPU=
-35,7,0epgQhzOVtJD2ylsWUKK2TAdMeI=,vWDiMCYfCdOF8Tg1jMUO+7m4OnQ=
-35,6,0epgQhzOVtJD2ylsWUKK2TAdMeI=,vWDiMCYfCdOF8Tg1jMUO+7m4OnQ=
-36,12,0epgQhzOVtJD2ylsWUKK2TAdMeI=,JaN6lvQV9/g7zMFOpc+E7u0ToI4=
-33,10,0epgQhzOVtJD2ylsWUKK2TAdMeI=,JaN6lvQV9/g7zMFOpc+E7u0ToI4=
-43,13,0epgQhzOVtJD2ylsWUKK2TAdMeI=,9CmAsDuwfRNnBUpshm3I3/sxZPU=
-42,13,0epgQhzOVtJD2ylsWUKK2TAdMeI=,9CmAsDuwfRNnBUpshm3I3/sxZPU=
-36,7,0epgQhzOVtJD2ylsWUKK2TAdMeI=,vWDiMCYfCdOF8Tg1jMUO+7m4OnQ=
-39,13,0epgQhzOVtJD2ylsWUKK2TAdMeI=,fHKDTUzAATTJYDyZJo6WzNweF5U=
-37,7,0epgQhzOVtJD2ylsWUKK2TAdMeI=,1RSo74iTyZ8pdaHP7WHGDL/ca0k=
-38,11,0epgQhzOVtJD2ylsWUKK2TAdMeI=,fHKDTUzAATTJYDyZJo6WzNweF5U=
-37,9,0epgQhzOVtJD2ylsWUKK2TAdMeI=,fHKDTUzAATTJYDyZJo6WzNweF5U=
-34,11,0epgQhzOVtJD2ylsWUKK2TAdMeI=,JaN6lvQV9/g7zMFOpc+E7u0ToI4=
-34,10,0epgQhzOVtJD2ylsWUKK2TAdMeI=,JaN6lvQV9/g7zMFOpc+E7u0ToI4=
-37,6,0epgQhzOVtJD2ylsWUKK2TAdMeI=,1RSo74iTyZ8pdaHP7WHGDL/ca0k=
-38,6,0epgQhzOVtJD2ylsWUKK2TAdMeI=,1RSo74iTyZ8pdaHP7WHGDL/ca0k=
-33,13,0epgQhzOVtJD2ylsWUKK2TAdMeI=,JaN6lvQV9/g7zMFOpc+E7u0ToI4=
-38,10,0epgQhzOVtJD2ylsWUKK2TAdMeI=,fHKDTUzAATTJYDyZJo6WzNweF5U=
-38,9,0epgQhzOVtJD2ylsWUKK2TAdMeI=,fHKDTUzAATTJYDyZJo6WzNweF5U=
-38,8,0epgQhzOVtJD2ylsWUKK2TAdMeI=,fHKDTUzAATTJYDyZJo6WzNweF5U=
-36,13,0epgQhzOVtJD2ylsWUKK2TAdMeI=,JaN6lvQV9/g7zMFOpc+E7u0ToI4=
-33,12,0epgQhzOVtJD2ylsWUKK2TAdMeI=,JaN6lvQV9/g7zMFOpc+E7u0ToI4=
-33,11,0epgQhzOVtJD2ylsWUKK2TAdMeI=,JaN6lvQV9/g7zMFOpc+E7u0ToI4=
-36,8,0epgQhzOVtJD2ylsWUKK2TAdMeI=,JaN6lvQV9/g7zMFOpc+E7u0ToI4=
-33,8,0epgQhzOVtJD2ylsWUKK2TAdMeI=,JaN6lvQV9/g7zMFOpc+E7u0ToI4=
-44,15,0epgQhzOVtJD2ylsWUKK2TAdMeI=,9CmAsDuwfRNnBUpshm3I3/sxZPU=
-36,15,0epgQhzOVtJD2ylsWUKK2TAdMeI=,JaN6lvQV9/g7zMFOpc+E7u0ToI4=
-41,15,0epgQhzOVtJD2ylsWUKK2TAdMeI=,9CmAsDuwfRNnBUpshm3I3/sxZPU=
-43,15,0epgQhzOVtJD2ylsWUKK2TAdMeI=,9CmAsDuwfRNnBUpshm3I3/sxZPU=
-36,6,0epgQhzOVtJD2ylsWUKK2TAdMeI=,vWDiMCYfCdOF8Tg1jMUO+7m4OnQ=
-38,13,0epgQhzOVtJD2ylsWUKK2TAdMeI=,fHKDTUzAATTJYDyZJo6WzNweF5U=
-40,14,0epgQhzOVtJD2ylsWUKK2TAdMeI=,fHKDTUzAATTJYDyZJo6WzNweF5U=
-37,15,0epgQhzOVtJD2ylsWUKK2TAdMeI=,fHKDTUzAATTJYDyZJo6WzNweF5U=
-34,13,0epgQhzOVtJD2ylsWUKK2TAdMeI=,JaN6lvQV9/g7zMFOpc+E7u0ToI4=
-38,12,0epgQhzOVtJD2ylsWUKK2TAdMeI=,fHKDTUzAATTJYDyZJo6WzNweF5U=
-43,14,0epgQhzOVtJD2ylsWUKK2TAdMeI=,9CmAsDuwfRNnBUpshm3I3/sxZPU=
-34,12,0epgQhzOVtJD2ylsWUKK2TAdMeI=,JaN6lvQV9/g7zMFOpc+E7u0ToI4=
-35,13,0epgQhzOVtJD2ylsWUKK2TAdMeI=,JaN6lvQV9/g7zMFOpc+E7u0ToI4=
-35,12,0epgQhzOVtJD2ylsWUKK2TAdMeI=,JaN6lvQV9/g7zMFOpc+E7u0ToI4=
-42,15,0epgQhzOVtJD2ylsWUKK2TAdMeI=,9CmAsDuwfRNnBUpshm3I3/sxZPU=
-38,14,0epgQhzOVtJD2ylsWUKK2TAdMeI=,fHKDTUzAATTJYDyZJo6WzNweF5U=
-45,14,0epgQhzOVtJD2ylsWUKK2TAdMeI=,kDSc1Vrq94LBqHhbRDndGH/UkRM=
-36,14,0epgQhzOVtJD2ylsWUKK2TAdMeI=,JaN6lvQV9/g7zMFOpc+E7u0ToI4=
-46,15,0epgQhzOVtJD2ylsWUKK2TAdMeI=,kDSc1Vrq94LBqHhbRDndGH/UkRM=
-42,14,0epgQhzOVtJD2ylsWUKK2TAdMeI=,9CmAsDuwfRNnBUpshm3I3/sxZPU=
-34,8,0epgQhzOVtJD2ylsWUKK2TAdMeI=,JaN6lvQV9/g7zMFOpc+E7u0ToI4=
-35,8,0epgQhzOVtJD2ylsWUKK2TAdMeI=,JaN6lvQV9/g7zMFOpc+E7u0ToI4=
-46,14,0epgQhzOVtJD2ylsWUKK2TAdMeI=,kDSc1Vrq94LBqHhbRDndGH/UkRM=
-38,15,0epgQhzOVtJD2ylsWUKK2TAdMeI=,fHKDTUzAATTJYDyZJo6WzNweF5U=
-35,14,0epgQhzOVtJD2ylsWUKK2TAdMeI=,JaN6lvQV9/g7zMFOpc+E7u0ToI4=
-48,12,0epgQhzOVtJD2ylsWUKK2TAdMeI=,kDSc1Vrq94LBqHhbRDndGH/UkRM=
-44,14,0epgQhzOVtJD2ylsWUKK2TAdMeI=,9CmAsDuwfRNnBUpshm3I3/sxZPU=
-39,14,0epgQhzOVtJD2ylsWUKK2TAdMeI=,fHKDTUzAATTJYDyZJo6WzNweF5U=
-45,15,0epgQhzOVtJD2ylsWUKK2TAdMeI=,kDSc1Vrq94LBqHhbRDndGH/UkRM=
-33,6,0epgQhzOVtJD2ylsWUKK2TAdMeI=,vWDiMCYfCdOF8Tg1jMUO+7m4OnQ=
-35,15,0epgQhzOVtJD2ylsWUKK2TAdMeI=,JaN6lvQV9/g7zMFOpc+E7u0ToI4=
-41,14,0epgQhzOVtJD2ylsWUKK2TAdMeI=,9CmAsDuwfRNnBUpshm3I3/sxZPU=
-37,10,0epgQhzOVtJD2ylsWUKK2TAdMeI=,fHKDTUzAATTJYDyZJo6WzNweF5U=
-48,11,0epgQhzOVtJD2ylsWUKK2TAdMeI=,kDSc1Vrq94LBqHhbRDndGH/UkRM=
-33,3,0epgQhzOVtJD2ylsWUKK2TAdMeI=,vWDiMCYfCdOF8Tg1jMUO+7m4OnQ=
-37,14,0epgQhzOVtJD2ylsWUKK2TAdMeI=,fHKDTUzAATTJYDyZJo6WzNweF5U=
-40,15,0epgQhzOVtJD2ylsWUKK2TAdMeI=,fHKDTUzAATTJYDyZJo6WzNweF5U=
-36,9,0epgQhzOVtJD2ylsWUKK2TAdMeI=,JaN6lvQV9/g7zMFOpc+E7u0ToI4=
-34,9,0epgQhzOVtJD2ylsWUKK2TAdMeI=,JaN6lvQV9/g7zMFOpc+E7u0ToI4=
-47,9,0epgQhzOVtJD2ylsWUKK2TAdMeI=,kDSc1Vrq94LBqHhbRDndGH/UkRM=
-48,10,0epgQhzOVtJD2ylsWUKK2TAdMeI=,kDSc1Vrq94LBqHhbRDndGH/UkRM=
-34,5,0epgQhzOVtJD2ylsWUKK2TAdMeI=,vWDiMCYfCdOF8Tg1jMUO+7m4OnQ=
-33,5,0epgQhzOVtJD2ylsWUKK2TAdMeI=,vWDiMCYfCdOF8Tg1jMUO+7m4OnQ=
-35,9,0epgQhzOVtJD2ylsWUKK2TAdMeI=,JaN6lvQV9/g7zMFOpc+E7u0ToI4=
-39,15,0epgQhzOVtJD2ylsWUKK2TAdMeI=,fHKDTUzAATTJYDyZJo6WzNweF5U=
-34,6,0epgQhzOVtJD2ylsWUKK2TAdMeI=,vWDiMCYfCdOF8Tg1jMUO+7m4OnQ=
-33,9,0epgQhzOVtJD2ylsWUKK2TAdMeI=,JaN6lvQV9/g7zMFOpc+E7u0ToI4=
-48,9,0epgQhzOVtJD2ylsWUKK2TAdMeI=,kDSc1Vrq94LBqHhbRDndGH/UkRM=
-33,4,0epgQhzOVtJD2ylsWUKK2TAdMeI=,vWDiMCYfCdOF8Tg1jMUO+7m4OnQ=
-47,11,0epgQhzOVtJD2ylsWUKK2TAdMeI=,kDSc1Vrq94LBqHhbRDndGH/UkRM=
-48,13,0epgQhzOVtJD2ylsWUKK2TAdMeI=,kDSc1Vrq94LBqHhbRDndGH/UkRM=
-36,10,0epgQhzOVtJD2ylsWUKK2TAdMeI=,JaN6lvQV9/g7zMFOpc+E7u0ToI4=
-47,8,0epgQhzOVtJD2ylsWUKK2TAdMeI=,kDSc1Vrq94LBqHhbRDndGH/UkRM=
-47,12,0epgQhzOVtJD2ylsWUKK2TAdMeI=,kDSc1Vrq94LBqHhbRDndGH/UkRM=
-47,13,0epgQhzOVtJD2ylsWUKK2TAdMeI=,kDSc1Vrq94LBqHhbRDndGH/UkRM=
-43,0,0epgQhzOVtJD2ylsWUKK2TAdMeI=,6aWw29AuDw4B07yHsKfYxSaX6l4=
-47,10,0epgQhzOVtJD2ylsWUKK2TAdMeI=,kDSc1Vrq94LBqHhbRDndGH/UkRM=
-33,2,0epgQhzOVtJD2ylsWUKK2TAdMeI=,vWDiMCYfCdOF8Tg1jMUO+7m4OnQ=
-45,0,0epgQhzOVtJD2ylsWUKK2TAdMeI=,uPwgklrgHiIXYB3syrOcZ3Su/Kk=
-33,7,0epgQhzOVtJD2ylsWUKK2TAdMeI=,vWDiMCYfCdOF8Tg1jMUO+7m4OnQ=
-37,11,0epgQhzOVtJD2ylsWUKK2TAdMeI=,fHKDTUzAATTJYDyZJo6WzNweF5U=
-37,8,0epgQhzOVtJD2ylsWUKK2TAdMeI=,fHKDTUzAATTJYDyZJo6WzNweF5U=
-37,13,0epgQhzOVtJD2ylsWUKK2TAdMeI=,fHKDTUzAATTJYDyZJo6WzNweF5U=
-41,0,0epgQhzOVtJD2ylsWUKK2TAdMeI=,6aWw29AuDw4B07yHsKfYxSaX6l4=
-34,2,0epgQhzOVtJD2ylsWUKK2TAdMeI=,vWDiMCYfCdOF8Tg1jMUO+7m4OnQ=
-34,3,0epgQhzOVtJD2ylsWUKK2TAdMeI=,vWDiMCYfCdOF8Tg1jMUO+7m4OnQ=
-37,0,0epgQhzOVtJD2ylsWUKK2TAdMeI=,1RSo74iTyZ8pdaHP7WHGDL/ca0k=
-34,4,0epgQhzOVtJD2ylsWUKK2TAdMeI=,vWDiMCYfCdOF8Tg1jMUO+7m4OnQ=
-38,0,0epgQhzOVtJD2ylsWUKK2TAdMeI=,1RSo74iTyZ8pdaHP7WHGDL/ca0k=
-44,0,0epgQhzOVtJD2ylsWUKK2TAdMeI=,6aWw29AuDw4B07yHsKfYxSaX6l4=
-41,1,0epgQhzOVtJD2ylsWUKK2TAdMeI=,6aWw29AuDw4B07yHsKfYxSaX6l4=
-37,1,0epgQhzOVtJD2ylsWUKK2TAdMeI=,1RSo74iTyZ8pdaHP7WHGDL/ca0k=
-48,8,0epgQhzOVtJD2ylsWUKK2TAdMeI=,kDSc1Vrq94LBqHhbRDndGH/UkRM=
-34,7,0epgQhzOVtJD2ylsWUKK2TAdMeI=,vWDiMCYfCdOF8Tg1jMUO+7m4OnQ=
-37,12,0epgQhzOVtJD2ylsWUKK2TAdMeI=,fHKDTUzAATTJYDyZJo6WzNweF5U=
-47,7,0epgQhzOVtJD2ylsWUKK2TAdMeI=,uPwgklrgHiIXYB3syrOcZ3Su/Kk=
-42,1,0epgQhzOVtJD2ylsWUKK2TAdMeI=,6aWw29AuDw4B07yHsKfYxSaX6l4=
-35,10,0epgQhzOVtJD2ylsWUKK2TAdMeI=,JaN6lvQV9/g7zMFOpc+E7u0ToI4=
-39,0,0epgQhzOVtJD2ylsWUKK2TAdMeI=,1RSo74iTyZ8pdaHP7WHGDL/ca0k=
-36,11,0epgQhzOVtJD2ylsWUKK2TAdMeI=,JaN6lvQV9/g7zMFOpc+E7u0ToI4=
-38,1,0epgQhzOVtJD2ylsWUKK2TAdMeI=,1RSo74iTyZ8pdaHP7WHGDL/ca0k=
-42,0,0epgQhzOVtJD2ylsWUKK2TAdMeI=,6aWw29AuDw4B07yHsKfYxSaX6l4=
-39,1,0epgQhzOVtJD2ylsWUKK2TAdMeI=,1RSo74iTyZ8pdaHP7WHGDL/ca0k=
-43,1,0epgQhzOVtJD2ylsWUKK2TAdMeI=,6aWw29AuDw4B07yHsKfYxSaX6l4=
-40,1,0epgQhzOVtJD2ylsWUKK2TAdMeI=,1RSo74iTyZ8pdaHP7WHGDL/ca0k=
-40,0,0epgQhzOVtJD2ylsWUKK2TAdMeI=,1RSo74iTyZ8pdaHP7WHGDL/ca0k=
-45,1,0epgQhzOVtJD2ylsWUKK2TAdMeI=,uPwgklrgHiIXYB3syrOcZ3Su/Kk=
-48,3,0epgQhzOVtJD2ylsWUKK2TAdMeI=,uPwgklrgHiIXYB3syrOcZ3Su/Kk=
-47,2,0epgQhzOVtJD2ylsWUKK2TAdMeI=,uPwgklrgHiIXYB3syrOcZ3Su/Kk=
-48,5,0epgQhzOVtJD2ylsWUKK2TAdMeI=,uPwgklrgHiIXYB3syrOcZ3Su/Kk=
-35,11,0epgQhzOVtJD2ylsWUKK2TAdMeI=,JaN6lvQV9/g7zMFOpc+E7u0ToI4=
-45,4,0epgQhzOVtJD2ylsWUKK2TAdMeI=,uPwgklrgHiIXYB3syrOcZ3Su/Kk=
-44,3,0epgQhzOVtJD2ylsWUKK2TAdMeI=,6aWw29AuDw4B07yHsKfYxSaX6l4=
-33,0,0epgQhzOVtJD2ylsWUKK2TAdMeI=,vWDiMCYfCdOF8Tg1jMUO+7m4OnQ=
-46,0,0epgQhzOVtJD2ylsWUKK2TAdMeI=,uPwgklrgHiIXYB3syrOcZ3Su/Kk=
-44,4,0epgQhzOVtJD2ylsWUKK2TAdMeI=,6aWw29AuDw4B07yHsKfYxSaX6l4=
-48,7,0epgQhzOVtJD2ylsWUKK2TAdMeI=,uPwgklrgHiIXYB3syrOcZ3Su/Kk=
-46,4,0epgQhzOVtJD2ylsWUKK2TAdMeI=,uPwgklrgHiIXYB3syrOcZ3Su/Kk=
-44,1,0epgQhzOVtJD2ylsWUKK2TAdMeI=,6aWw29AuDw4B07yHsKfYxSaX6l4=
-46,1,0epgQhzOVtJD2ylsWUKK2TAdMeI=,uPwgklrgHiIXYB3syrOcZ3Su/Kk=
-46,3,0epgQhzOVtJD2ylsWUKK2TAdMeI=,uPwgklrgHiIXYB3syrOcZ3Su/Kk=
-43,5,0epgQhzOVtJD2ylsWUKK2TAdMeI=,6aWw29AuDw4B07yHsKfYxSaX6l4=
-34,0,0epgQhzOVtJD2ylsWUKK2TAdMeI=,vWDiMCYfCdOF8Tg1jMUO+7m4OnQ=
-48,14,0epgQhzOVtJD2ylsWUKK2TAdMeI=,kDSc1Vrq94LBqHhbRDndGH/UkRM=
-33,15,0epgQhzOVtJD2ylsWUKK2TAdMeI=,JaN6lvQV9/g7zMFOpc+E7u0ToI4=
-45,3,0epgQhzOVtJD2ylsWUKK2TAdMeI=,uPwgklrgHiIXYB3syrOcZ3Su/Kk=
-35,0,0epgQhzOVtJD2ylsWUKK2TAdMeI=,vWDiMCYfCdOF8Tg1jMUO+7m4OnQ=
-48,15,0epgQhzOVtJD2ylsWUKK2TAdMeI=,kDSc1Vrq94LBqHhbRDndGH/UkRM=
-36,0,0epgQhzOVtJD2ylsWUKK2TAdMeI=,vWDiMCYfCdOF8Tg1jMUO+7m4OnQ=
-43,4,0epgQhzOVtJD2ylsWUKK2TAdMeI=,6aWw29AuDw4B07yHsKfYxSaX6l4=
-43,3,0epgQhzOVtJD2ylsWUKK2TAdMeI=,6aWw29AuDw4B07yHsKfYxSaX6l4=
-44,5,0epgQhzOVtJD2ylsWUKK2TAdMeI=,6aWw29AuDw4B07yHsKfYxSaX6l4=
-36,1,0epgQhzOVtJD2ylsWUKK2TAdMeI=,vWDiMCYfCdOF8Tg1jMUO+7m4OnQ=
-43,2,0epgQhzOVtJD2ylsWUKK2TAdMeI=,6aWw29AuDw4B07yHsKfYxSaX6l4=
-34,14,0epgQhzOVtJD2ylsWUKK2TAdMeI=,JaN6lvQV9/g7zMFOpc+E7u0ToI4=
-47,15,0epgQhzOVtJD2ylsWUKK2TAdMeI=,kDSc1Vrq94LBqHhbRDndGH/UkRM=
-48,6,0epgQhzOVtJD2ylsWUKK2TAdMeI=,uPwgklrgHiIXYB3syrOcZ3Su/Kk=
-47,14,0epgQhzOVtJD2ylsWUKK2TAdMeI=,kDSc1Vrq94LBqHhbRDndGH/UkRM=
-33,1,0epgQhzOVtJD2ylsWUKK2TAdMeI=,vWDiMCYfCdOF8Tg1jMUO+7m4OnQ=
-35,1,0epgQhzOVtJD2ylsWUKK2TAdMeI=,vWDiMCYfCdOF8Tg1jMUO+7m4OnQ=
-46,5,0epgQhzOVtJD2ylsWUKK2TAdMeI=,uPwgklrgHiIXYB3syrOcZ3Su/Kk=
-47,6,0epgQhzOVtJD2ylsWUKK2TAdMeI=,uPwgklrgHiIXYB3syrOcZ3Su/Kk=
-45,5,0epgQhzOVtJD2ylsWUKK2TAdMeI=,uPwgklrgHiIXYB3syrOcZ3Su/Kk=
-48,2,0epgQhzOVtJD2ylsWUKK2TAdMeI=,uPwgklrgHiIXYB3syrOcZ3Su/Kk=
-47,4,0epgQhzOVtJD2ylsWUKK2TAdMeI=,uPwgklrgHiIXYB3syrOcZ3Su/Kk=
-45,2,0epgQhzOVtJD2ylsWUKK2TAdMeI=,uPwgklrgHiIXYB3syrOcZ3Su/Kk=
-44,2,0epgQhzOVtJD2ylsWUKK2TAdMeI=,6aWw29AuDw4B07yHsKfYxSaX6l4=
-34,15,0epgQhzOVtJD2ylsWUKK2TAdMeI=,JaN6lvQV9/g7zMFOpc+E7u0ToI4=
-33,14,0epgQhzOVtJD2ylsWUKK2TAdMeI=,JaN6lvQV9/g7zMFOpc+E7u0ToI4=
-34,1,0epgQhzOVtJD2ylsWUKK2TAdMeI=,vWDiMCYfCdOF8Tg1jMUO+7m4OnQ=
-46,2,0epgQhzOVtJD2ylsWUKK2TAdMeI=,uPwgklrgHiIXYB3syrOcZ3Su/Kk=
-47,0,0epgQhzOVtJD2ylsWUKK2TAdMeI=,uPwgklrgHiIXYB3syrOcZ3Su/Kk=
-47,3,0epgQhzOVtJD2ylsWUKK2TAdMeI=,uPwgklrgHiIXYB3syrOcZ3Su/Kk=
-48,1,0epgQhzOVtJD2ylsWUKK2TAdMeI=,uPwgklrgHiIXYB3syrOcZ3Su/Kk=
-48,0,0epgQhzOVtJD2ylsWUKK2TAdMeI=,uPwgklrgHiIXYB3syrOcZ3Su/Kk=
-48,4,0epgQhzOVtJD2ylsWUKK2TAdMeI=,uPwgklrgHiIXYB3syrOcZ3Su/Kk=
-47,1,0epgQhzOVtJD2ylsWUKK2TAdMeI=,uPwgklrgHiIXYB3syrOcZ3Su/Kk=
-47,5,0epgQhzOVtJD2ylsWUKK2TAdMeI=,uPwgklrgHiIXYB3syrOcZ3Su/Kk=
