10,7,6KE9pWMS64ixgChDlAnX2aBWJoU=,RWli0BsrBJvN7HxF7xoKj4tnSvE=
9,6,6KE9pWMS64ixgChDlAnX2aBWJoU=,RWli0BsrBJvN7HxF7xoKj4tnSvE=
7,9,6KE9pWMS64ixgChDlAnX2aBWJoU=,3GRPCU8AMVJrHZELBujwtHzjZhA=
8,8,6KE9pWMS64ixgChDlAnX2aBWJoU=,3dpV2CjtcIF3NE9zjC2ZskGeU4g=
10,6,6KE9pWMS64ixgChDlAnX2aBWJoU=,RWli0BsrBJvN7HxF7xoKj4tnSvE=
7,7,6KE9pWMS64ixgChDlAnX2aBWJoU=,An7zh8IJa4AKXf5Y1vHDDh/2JXU=
12,6,ggBdkTDnUknCTsiTBt/LRuPJsvQ=,KIPsAIfm1b6Tjy4KebcYOgceeU4=
11,6,ggBdkTDnUknCTsiTBt/LRuPJsvQ=,RWli0BsrBJvN7HxF7xoKj4tnSvE=
10,8,ggBdkTDnUknCTsiTBt/LRuPJsvQ=,3dpV2CjtcIF3NE9zjC2ZskGeU4g=
11,9,ggBdkTDnUknCTsiTBt/LRuPJsvQ=,3dpV2CjtcIF3NE9zjC2ZskGeU4g=
13,6,ggBdkTDnUknCTsiTBt/LRuPJsvQ=,KIPsAIfm1b6Tjy4KebcYOgceeU4=
9,8,ggBdkTDnUknCTsiTBt/LRuPJsvQ=,3dpV2CjtcIF3NE9zjC2ZskGeU4g=
12,7,ggBdkTDnUknCTsiTBt/LRuPJsvQ=,KIPsAIfm1b6Tjy4KebcYOgceeU4=
13,8,ggBdkTDnUknCTsiTBt/LRuPJsvQ=,3KN85LCR0IonoJqlTqxYfiY+yqc=
12,8,ggBdkTDnUknCTsiTBt/LRuPJsvQ=,3KN85LCR0IonoJqlTqxYfiY+yqc=
13,7,ggBdkTDnUknCTsiTBt/LRuPJsvQ=,KIPsAIfm1b6Tjy4KebcYOgceeU4=
7,8,ggBdkTDnUknCTsiTBt/LRuPJsvQ=,3GRPCU8AMVJrHZELBujwtHzjZhA=
8,6,ggBdkTDnUknCTsiTBt/LRuPJsvQ=,RWli0BsrBJvN7HxF7xoKj4tnSvE=
9,7,ggBdkTDnUknCTsiTBt/LRuPJsvQ=,RWli0BsrBJvN7HxF7xoKj4tnSvE=
9,9,hFjW0po+/fJhUu4g/BVV38o+VtM=,3dpV2CjtcIF3NE9zjC2ZskGeU4g=
11,11,hFjW0po+/fJhUu4g/BVV38o+VtM=,3dpV2CjtcIF3NE9zjC2ZskGeU4g=
8,11,hFjW0po+/fJhUu4g/BVV38o+VtM=,3dpV2CjtcIF3NE9zjC2ZskGeU4g=
11,13,hFjW0po+/fJhUu4g/BVV38o+VtM=,3dpV2CjtcIF3NE9zjC2ZskGeU4g=
11,7,hFjW0po+/fJhUu4g/BVV38o+VtM=,RWli0BsrBJvN7HxF7xoKj4tnSvE=
7,6,hFjW0po+/fJhUu4g/BVV38o+VtM=,An7zh8IJa4AKXf5Y1vHDDh/2JXU=
13,9,hFjW0po+/fJhUu4g/BVV38o+VtM=,3KN85LCR0IonoJqlTqxYfiY+yqc=
11,8,hFjW0po+/fJhUu4g/BVV38o+VtM=,3dpV2CjtcIF3NE9zjC2ZskGeU4g=
10,11,hFjW0po+/fJhUu4g/BVV38o+VtM=,3dpV2CjtcIF3NE9zjC2ZskGeU4g=
13,11,fIGro60FnjicaV3GWTLuw2lpCKc=,3KN85LCR0IonoJqlTqxYfiY+yqc=
13,12,fIGro60FnjicaV3GWTLuw2lpCKc=,3KN85LCR0IonoJqlTqxYfiY+yqc=
12,9,fIGro60FnjicaV3GWTLuw2lpCKc=,3KN85LCR0IonoJqlTqxYfiY+yqc=
12,10,fIGro60FnjicaV3GWTLuw2lpCKc=,3KN85LCR0IonoJqlTqxYfiY+yqc=
13,10,mt3UVx3VnwOa0m83aflWybxlGbA=,3KN85LCR0IonoJqlTqxYfiY+yqc=
7,11,mt3UVx3VnwOa0m83aflWybxlGbA=,3GRPCU8AMVJrHZELBujwtHzjZhA=
10,10,mt3UVx3VnwOa0m83aflWybxlGbA=,3dpV2CjtcIF3NE9zjC2ZskGeU4g=
12,11,mt3UVx3VnwOa0m83aflWybxlGbA=,3KN85LCR0IonoJqlTqxYfiY+yqc=
13,13,mt3UVx3VnwOa0m83aflWybxlGbA=,3KN85LCR0IonoJqlTqxYfiY+yqc=
11,10,mt3UVx3VnwOa0m83aflWybxlGbA=,3dpV2CjtcIF3NE9zjC2ZskGeU4g=
4,6,8yH7YjHQL2jbt+oBerXM3OY/d8A=,An7zh8IJa4AKXf5Y1vHDDh/2JXU=
12,12,8yH7YjHQL2jbt+oBerXM3OY/d8A=,3KN85LCR0IonoJqlTqxYfiY+yqc=
10,9,8yH7YjHQL2jbt+oBerXM3OY/d8A=,3dpV2CjtcIF3NE9zjC2ZskGeU4g=
8,9,8yH7YjHQL2jbt+oBerXM3OY/d8A=,3dpV2CjtcIF3NE9zjC2ZskGeU4g=
6,11,8yH7YjHQL2jbt+oBerXM3OY/d8A=,3GRPCU8AMVJrHZELBujwtHzjZhA=
10,13,8yH7YjHQL2jbt+oBerXM3OY/d8A=,3dpV2CjtcIF3NE9zjC2ZskGeU4g=
11,12,8yH7YjHQL2jbt+oBerXM3OY/d8A=,3dpV2CjtcIF3NE9zjC2ZskGeU4g=
6,6,fWj4sgKjWdfgQuvwFPx45LG9zlY=,An7zh8IJa4AKXf5Y1vHDDh/2JXU=
9,12,fWj4sgKjWdfgQuvwFPx45LG9zlY=,3dpV2CjtcIF3NE9zjC2ZskGeU4g=
6,10,fWj4sgKjWdfgQuvwFPx45LG9zlY=,3GRPCU8AMVJrHZELBujwtHzjZhA=
9,13,fWj4sgKjWdfgQuvwFPx45LG9zlY=,3dpV2CjtcIF3NE9zjC2ZskGeU4g=
10,12,fWj4sgKjWdfgQuvwFPx45LG9zlY=,3dpV2CjtcIF3NE9zjC2ZskGeU4g=
8,7,fWj4sgKjWdfgQuvwFPx45LG9zlY=,RWli0BsrBJvN7HxF7xoKj4tnSvE=
9,10,fWj4sgKjWdfgQuvwFPx45LG9zlY=,3dpV2CjtcIF3NE9zjC2ZskGeU4g=
8,10,fWj4sgKjWdfgQuvwFPx45LG9zlY=,3dpV2CjtcIF3NE9zjC2ZskGeU4g=
12,13,fWj4sgKjWdfgQuvwFPx45LG9zlY=,3KN85LCR0IonoJqlTqxYfiY+yqc=
7,12,fWj4sgKjWdfgQuvwFPx45LG9zlY=,3GRPCU8AMVJrHZELBujwtHzjZhA=
9,11,fWj4sgKjWdfgQuvwFPx45LG9zlY=,3dpV2CjtcIF3NE9zjC2ZskGeU4g=
7,10,fWj4sgKjWdfgQuvwFPx45LG9zlY=,3GRPCU8AMVJrHZELBujwtHzjZhA=
6,9,fWj4sgKjWdfgQuvwFPx45LG9zlY=,3GRPCU8AMVJrHZELBujwtHzjZhA=
2,15,fWj4sgKjWdfgQuvwFPx45LG9zlY=,OA60yZZubWsQ64lxpRbBN9lf4rM=
6,8,fWj4sgKjWdfgQuvwFPx45LG9zlY=,3GRPCU8AMVJrHZELBujwtHzjZhA=
3,13,fWj4sgKjWdfgQuvwFPx45LG9zlY=,OA60yZZubWsQ64lxpRbBN9lf4rM=
5,10,1FWEAQfcj40nJrIYSqzG532OKBM=,3GRPCU8AMVJrHZELBujwtHzjZhA=
6,12,1FWEAQfcj40nJrIYSqzG532OKBM=,3GRPCU8AMVJrHZELBujwtHzjZhA=
3,12,1FWEAQfcj40nJrIYSqzG532OKBM=,OA60yZZubWsQ64lxpRbBN9lf4rM=
2,12,1FWEAQfcj40nJrIYSqzG532OKBM=,OA60yZZubWsQ64lxpRbBN9lf4rM=
0,13,1FWEAQfcj40nJrIYSqzG532OKBM=,OA60yZZubWsQ64lxpRbBN9lf4rM=
3,14,1FWEAQfcj40nJrIYSqzG532OKBM=,OA60yZZubWsQ64lxpRbBN9lf4rM=
5,6,1FWEAQfcj40nJrIYSqzG532OKBM=,An7zh8IJa4AKXf5Y1vHDDh/2JXU=
3,15,ac63FN8cRiApOtrSCOtJnoE8M8E=,OA60yZZubWsQ64lxpRbBN9lf4rM=
6,7,ac63FN8cRiApOtrSCOtJnoE8M8E=,An7zh8IJa4AKXf5Y1vHDDh/2JXU=
8,12,ac63FN8cRiApOtrSCOtJnoE8M8E=,3dpV2CjtcIF3NE9zjC2ZskGeU4g=
7,13,ac63FN8cRiApOtrSCOtJnoE8M8E=,3GRPCU8AMVJrHZELBujwtHzjZhA=
2,13,ac63FN8cRiApOtrSCOtJnoE8M8E=,OA60yZZubWsQ64lxpRbBN9lf4rM=
4,9,ac63FN8cRiApOtrSCOtJnoE8M8E=,3GRPCU8AMVJrHZELBujwtHzjZhA=
10,15,ac63FN8cRiApOtrSCOtJnoE8M8E=,3dpV2CjtcIF3NE9zjC2ZskGeU4g=
2,14,ac63FN8cRiApOtrSCOtJnoE8M8E=,OA60yZZubWsQ64lxpRbBN9lf4rM=
6,13,f6pM7GR5n4PYRZyq26Q5w+dr4u8=,3GRPCU8AMVJrHZELBujwtHzjZhA=
5,13,f6pM7GR5n4PYRZyq26Q5w+dr4u8=,3GRPCU8AMVJrHZELBujwtHzjZhA=
5,12,8wZnW28wFQ6E7pDyQmvnYklMaaY=,3GRPCU8AMVJrHZELBujwtHzjZhA=
0,12,8wZnW28wFQ6E7pDyQmvnYklMaaY=,OA60yZZubWsQ64lxpRbBN9lf4rM=
9,14,8wZnW28wFQ6E7pDyQmvnYklMaaY=,3dpV2CjtcIF3NE9zjC2ZskGeU4g=
8,13,8wZnW28wFQ6E7pDyQmvnYklMaaY=,3dpV2CjtcIF3NE9zjC2ZskGeU4g=
11,14,8wZnW28wFQ6E7pDyQmvnYklMaaY=,3dpV2CjtcIF3NE9zjC2ZskGeU4g=
5,11,8wZnW28wFQ6E7pDyQmvnYklMaaY=,3GRPCU8AMVJrHZELBujwtHzjZhA=
4,15,8wZnW28wFQ6E7pDyQmvnYklMaaY=,3GRPCU8AMVJrHZELBujwtHzjZhA=
6,15,8wZnW28wFQ6E7pDyQmvnYklMaaY=,3GRPCU8AMVJrHZELBujwtHzjZhA=
5,9,8wZnW28wFQ6E7pDyQmvnYklMaaY=,3GRPCU8AMVJrHZELBujwtHzjZhA=
4,11,8wZnW28wFQ6E7pDyQmvnYklMaaY=,3GRPCU8AMVJrHZELBujwtHzjZhA=
4,12,8wZnW28wFQ6E7pDyQmvnYklMaaY=,3GRPCU8AMVJrHZELBujwtHzjZhA=
4,8,8wZnW28wFQ6E7pDyQmvnYklMaaY=,3GRPCU8AMVJrHZELBujwtHzjZhA=
1,13,8wZnW28wFQ6E7pDyQmvnYklMaaY=,OA60yZZubWsQ64lxpRbBN9lf4rM=
5,8,8wZnW28wFQ6E7pDyQmvnYklMaaY=,3GRPCU8AMVJrHZELBujwtHzjZhA=
5,15,8wZnW28wFQ6E7pDyQmvnYklMaaY=,3GRPCU8AMVJrHZELBujwtHzjZhA=
15,10,8wZnW28wFQ6E7pDyQmvnYklMaaY=,3KN85LCR0IonoJqlTqxYfiY+yqc=
13,14,8wZnW28wFQ6E7pDyQmvnYklMaaY=,3KN85LCR0IonoJqlTqxYfiY+yqc=
4,13,8wZnW28wFQ6E7pDyQmvnYklMaaY=,3GRPCU8AMVJrHZELBujwtHzjZhA=
10,14,8wZnW28wFQ6E7pDyQmvnYklMaaY=,3dpV2CjtcIF3NE9zjC2ZskGeU4g=
11,15,8wZnW28wFQ6E7pDyQmvnYklMaaY=,3dpV2CjtcIF3NE9zjC2ZskGeU4g=
12,15,8wZnW28wFQ6E7pDyQmvnYklMaaY=,3KN85LCR0IonoJqlTqxYfiY+yqc=
5,7,8wZnW28wFQ6E7pDyQmvnYklMaaY=,An7zh8IJa4AKXf5Y1vHDDh/2JXU=
13,15,8wZnW28wFQ6E7pDyQmvnYklMaaY=,3KN85LCR0IonoJqlTqxYfiY+yqc=
4,10,8wZnW28wFQ6E7pDyQmvnYklMaaY=,3GRPCU8AMVJrHZELBujwtHzjZhA=
1,12,8wZnW28wFQ6E7pDyQmvnYklMaaY=,OA60yZZubWsQ64lxpRbBN9lf4rM=
15,11,8wZnW28wFQ6E7pDyQmvnYklMaaY=,3KN85LCR0IonoJqlTqxYfiY+yqc=
12,14,8wZnW28wFQ6E7pDyQmvnYklMaaY=,3KN85LCR0IonoJqlTqxYfiY+yqc=
9,15,8wZnW28wFQ6E7pDyQmvnYklMaaY=,3dpV2CjtcIF3NE9zjC2ZskGeU4g=
15,12,8wZnW28wFQ6E7pDyQmvnYklMaaY=,3KN85LCR0IonoJqlTqxYfiY+yqc=
8,14,8wZnW28wFQ6E7pDyQmvnYklMaaY=,3dpV2CjtcIF3NE9zjC2ZskGeU4g=
14,11,8wZnW28wFQ6E7pDyQmvnYklMaaY=,3KN85LCR0IonoJqlTqxYfiY+yqc=
15,9,8wZnW28wFQ6E7pDyQmvnYklMaaY=,3KN85LCR0IonoJqlTqxYfiY+yqc=
7,14,8wZnW28wFQ6E7pDyQmvnYklMaaY=,3GRPCU8AMVJrHZELBujwtHzjZhA=
6,14,8wZnW28wFQ6E7pDyQmvnYklMaaY=,3GRPCU8AMVJrHZELBujwtHzjZhA=
14,10,8wZnW28wFQ6E7pDyQmvnYklMaaY=,3KN85LCR0IonoJqlTqxYfiY+yqc=
2,6,8wZnW28wFQ6E7pDyQmvnYklMaaY=,+wGwy2wcFKTdz4aVzuPoPzcz7FE=
14,12,8wZnW28wFQ6E7pDyQmvnYklMaaY=,3KN85LCR0IonoJqlTqxYfiY+yqc=
15,13,8wZnW28wFQ6E7pDyQmvnYklMaaY=,3KN85LCR0IonoJqlTqxYfiY+yqc=
15,8,8wZnW28wFQ6E7pDyQmvnYklMaaY=,3KN85LCR0IonoJqlTqxYfiY+yqc=
14,13,8wZnW28wFQ6E7pDyQmvnYklMaaY=,3KN85LCR0IonoJqlTqxYfiY+yqc=
7,15,8wZnW28wFQ6E7pDyQmvnYklMaaY=,3GRPCU8AMVJrHZELBujwtHzjZhA=
3,6,8wZnW28wFQ6E7pDyQmvnYklMaaY=,+wGwy2wcFKTdz4aVzuPoPzcz7FE=
4,7,8wZnW28wFQ6E7pDyQmvnYklMaaY=,An7zh8IJa4AKXf5Y1vHDDh/2JXU=
14,8,8wZnW28wFQ6E7pDyQmvnYklMaaY=,3KN85LCR0IonoJqlTqxYfiY+yqc=
8,15,8wZnW28wFQ6E7pDyQmvnYklMaaY=,3dpV2CjtcIF3NE9zjC2ZskGeU4g=
13,4,8wZnW28wFQ6E7pDyQmvnYklMaaY=,KIPsAIfm1b6Tjy4KebcYOgceeU4=
14,9,8wZnW28wFQ6E7pDyQmvnYklMaaY=,3KN85LCR0IonoJqlTqxYfiY+yqc=
3,10,8wZnW28wFQ6E7pDyQmvnYklMaaY=,EfXMtDE/8rER/dpg4WkaLn07UIU=
3,9,8wZnW28wFQ6E7pDyQmvnYklMaaY=,EfXMtDE/8rER/dpg4WkaLn07UIU=
4,14,8wZnW28wFQ6E7pDyQmvnYklMaaY=,3GRPCU8AMVJrHZELBujwtHzjZhA=
13,2,8wZnW28wFQ6E7pDyQmvnYklMaaY=,KIPsAIfm1b6Tjy4KebcYOgceeU4=
5,14,8wZnW28wFQ6E7pDyQmvnYklMaaY=,3GRPCU8AMVJrHZELBujwtHzjZhA=
15,6,8wZnW28wFQ6E7pDyQmvnYklMaaY=,KIPsAIfm1b6Tjy4KebcYOgceeU4=
15,7,8wZnW28wFQ6E7pDyQmvnYklMaaY=,KIPsAIfm1b6Tjy4KebcYOgceeU4=
14,6,8wZnW28wFQ6E7pDyQmvnYklMaaY=,KIPsAIfm1b6Tjy4KebcYOgceeU4=
3,8,8wZnW28wFQ6E7pDyQmvnYklMaaY=,EfXMtDE/8rER/dpg4WkaLn07UIU=
3,7,8wZnW28wFQ6E7pDyQmvnYklMaaY=,+wGwy2wcFKTdz4aVzuPoPzcz7FE=
13,3,8wZnW28wFQ6E7pDyQmvnYklMaaY=,KIPsAIfm1b6Tjy4KebcYOgceeU4=
2,9,8wZnW28wFQ6E7pDyQmvnYklMaaY=,EfXMtDE/8rER/dpg4WkaLn07UIU=
2,7,8wZnW28wFQ6E7pDyQmvnYklMaaY=,+wGwy2wcFKTdz4aVzuPoPzcz7FE=
0,11,8wZnW28wFQ6E7pDyQmvnYklMaaY=,EfXMtDE/8rER/dpg4WkaLn07UIU=
2,10,8wZnW28wFQ6E7pDyQmvnYklMaaY=,EfXMtDE/8rER/dpg4WkaLn07UIU=
13,5,8wZnW28wFQ6E7pDyQmvnYklMaaY=,KIPsAIfm1b6Tjy4KebcYOgceeU4=
1,10,8wZnW28wFQ6E7pDyQmvnYklMaaY=,EfXMtDE/8rER/dpg4WkaLn07UIU=
14,7,8wZnW28wFQ6E7pDyQmvnYklMaaY=,KIPsAIfm1b6Tjy4KebcYOgceeU4=
3,2,8wZnW28wFQ6E7pDyQmvnYklMaaY=,+wGwy2wcFKTdz4aVzuPoPzcz7FE=
12,2,8wZnW28wFQ6E7pDyQmvnYklMaaY=,KIPsAIfm1b6Tjy4KebcYOgceeU4=
10,4,8wZnW28wFQ6E7pDyQmvnYklMaaY=,RWli0BsrBJvN7HxF7xoKj4tnSvE=
10,5,8wZnW28wFQ6E7pDyQmvnYklMaaY=,RWli0BsrBJvN7HxF7xoKj4tnSvE=
12,5,8wZnW28wFQ6E7pDyQmvnYklMaaY=,KIPsAIfm1b6Tjy4KebcYOgceeU4=
12,4,8wZnW28wFQ6E7pDyQmvnYklMaaY=,KIPsAIfm1b6Tjy4KebcYOgceeU4=
2,8,8wZnW28wFQ6E7pDyQmvnYklMaaY=,EfXMtDE/8rER/dpg4WkaLn07UIU=
3,3,8wZnW28wFQ6E7pDyQmvnYklMaaY=,+wGwy2wcFKTdz4aVzuPoPzcz7FE=
11,5,8wZnW28wFQ6E7pDyQmvnYklMaaY=,RWli0BsrBJvN7HxF7xoKj4tnSvE=
6,4,8wZnW28wFQ6E7pDyQmvnYklMaaY=,An7zh8IJa4AKXf5Y1vHDDh/2JXU=
4,0,8wZnW28wFQ6E7pDyQmvnYklMaaY=,O7hM7XSKqG9lBXv5zEw4RSwpMFw=
2,11,8wZnW28wFQ6E7pDyQmvnYklMaaY=,EfXMtDE/8rER/dpg4WkaLn07UIU=
7,4,8wZnW28wFQ6E7pDyQmvnYklMaaY=,An7zh8IJa4AKXf5Y1vHDDh/2JXU=
11,4,8wZnW28wFQ6E7pDyQmvnYklMaaY=,RWli0BsrBJvN7HxF7xoKj4tnSvE=
0,10,8wZnW28wFQ6E7pDyQmvnYklMaaY=,EfXMtDE/8rER/dpg4WkaLn07UIU=
3,4,8wZnW28wFQ6E7pDyQmvnYklMaaY=,+wGwy2wcFKTdz4aVzuPoPzcz7FE=
10,3,8wZnW28wFQ6E7pDyQmvnYklMaaY=,RWli0BsrBJvN7HxF7xoKj4tnSvE=
12,3,8wZnW28wFQ6E7pDyQmvnYklMaaY=,KIPsAIfm1b6Tjy4KebcYOgceeU4=
9,4,8wZnW28wFQ6E7pDyQmvnYklMaaY=,RWli0BsrBJvN7HxF7xoKj4tnSvE=
9,5,8wZnW28wFQ6E7pDyQmvnYklMaaY=,RWli0BsrBJvN7HxF7xoKj4tnSvE=
6,5,8wZnW28wFQ6E7pDyQmvnYklMaaY=,An7zh8IJa4AKXf5Y1vHDDh/2JXU=
7,5,8wZnW28wFQ6E7pDyQmvnYklMaaY=,An7zh8IJa4AKXf5Y1vHDDh/2JXU=
8,5,8wZnW28wFQ6E7pDyQmvnYklMaaY=,RWli0BsrBJvN7HxF7xoKj4tnSvE=
3,11,8wZnW28wFQ6E7pDyQmvnYklMaaY=,EfXMtDE/8rER/dpg4WkaLn07UIU=
8,4,8wZnW28wFQ6E7pDyQmvnYklMaaY=,RWli0BsrBJvN7HxF7xoKj4tnSvE=
6,3,8wZnW28wFQ6E7pDyQmvnYklMaaY=,O7hM7XSKqG9lBXv5zEw4RSwpMFw=
1,11,8wZnW28wFQ6E7pDyQmvnYklMaaY=,EfXMtDE/8rER/dpg4WkaLn07UIU=
11,2,8wZnW28wFQ6E7pDyQmvnYklMaaY=,RWli0BsrBJvN7HxF7xoKj4tnSvE=
7,2,8wZnW28wFQ6E7pDyQmvnYklMaaY=,O7hM7XSKqG9lBXv5zEw4RSwpMFw=
8,2,8wZnW28wFQ6E7pDyQmvnYklMaaY=,RWli0BsrBJvN7HxF7xoKj4tnSvE=
6,2,8wZnW28wFQ6E7pDyQmvnYklMaaY=,O7hM7XSKqG9lBXv5zEw4RSwpMFw=
3,0,8wZnW28wFQ6E7pDyQmvnYklMaaY=,+wGwy2wcFKTdz4aVzuPoPzcz7FE=
10,2,8wZnW28wFQ6E7pDyQmvnYklMaaY=,RWli0BsrBJvN7HxF7xoKj4tnSvE=
7,3,8wZnW28wFQ6E7pDyQmvnYklMaaY=,O7hM7XSKqG9lBXv5zEw4RSwpMFw=
2,2,8wZnW28wFQ6E7pDyQmvnYklMaaY=,+wGwy2wcFKTdz4aVzuPoPzcz7FE=
11,3,8wZnW28wFQ6E7pDyQmvnYklMaaY=,RWli0BsrBJvN7HxF7xoKj4tnSvE=
9,2,8wZnW28wFQ6E7pDyQmvnYklMaaY=,RWli0BsrBJvN7HxF7xoKj4tnSvE=
8,3,8wZnW28wFQ6E7pDyQmvnYklMaaY=,RWli0BsrBJvN7HxF7xoKj4tnSvE=
9,3,8wZnW28wFQ6E7pDyQmvnYklMaaY=,RWli0BsrBJvN7HxF7xoKj4tnSvE=
6,0,8wZnW28wFQ6E7pDyQmvnYklMaaY=,O7hM7XSKqG9lBXv5zEw4RSwpMFw=
3,1,8wZnW28wFQ6E7pDyQmvnYklMaaY=,+wGwy2wcFKTdz4aVzuPoPzcz7FE=
0,0,8wZnW28wFQ6E7pDyQmvnYklMaaY=,+wGwy2wcFKTdz4aVzuPoPzcz7FE=
4,3,8wZnW28wFQ6E7pDyQmvnYklMaaY=,O7hM7XSKqG9lBXv5zEw4RSwpMFw=
0,15,8wZnW28wFQ6E7pDyQmvnYklMaaY=,OA60yZZubWsQ64lxpRbBN9lf4rM=
0,3,8wZnW28wFQ6E7pDyQmvnYklMaaY=,+wGwy2wcFKTdz4aVzuPoPzcz7FE=
0,5,8wZnW28wFQ6E7pDyQmvnYklMaaY=,+wGwy2wcFKTdz4aVzuPoPzcz7FE=
1,14,8wZnW28wFQ6E7pDyQmvnYklMaaY=,OA60yZZubWsQ64lxpRbBN9lf4rM=
15,15,8wZnW28wFQ6E7pDyQmvnYklMaaY=,3KN85LCR0IonoJqlTqxYfiY+yqc=
0,14,8wZnW28wFQ6E7pDyQmvnYklMaaY=,OA60yZZubWsQ64lxpRbBN9lf4rM=
2,5,8wZnW28wFQ6E7pDyQmvnYklMaaY=,+wGwy2wcFKTdz4aVzuPoPzcz7FE=
15,4,8wZnW28wFQ6E7pDyQmvnYklMaaY=,KIPsAIfm1b6Tjy4KebcYOgceeU4=
0,4,8wZnW28wFQ6E7pDyQmvnYklMaaY=,+wGwy2wcFKTdz4aVzuPoPzcz7FE=
4,5,8wZnW28wFQ6E7pDyQmvnYklMaaY=,An7zh8IJa4AKXf5Y1vHDDh/2JXU=
5,5,8wZnW28wFQ6E7pDyQmvnYklMaaY=,An7zh8IJa4AKXf5Y1vHDDh/2JXU=
1,2,8wZnW28wFQ6E7pDyQmvnYklMaaY=,+wGwy2wcFKTdz4aVzuPoPzcz7FE=
7,1,8wZnW28wFQ6E7pDyQmvnYklMaaY=,O7hM7XSKqG9lBXv5zEw4RSwpMFw=
2,0,8wZnW28wFQ6E7pDyQmvnYklMaaY=,+wGwy2wcFKTdz4aVzuPoPzcz7FE=
1,6,8wZnW28wFQ6E7pDyQmvnYklMaaY=,+wGwy2wcFKTdz4aVzuPoPzcz7FE=
15,14,8wZnW28wFQ6E7pDyQmvnYklMaaY=,3KN85LCR0IonoJqlTqxYfiY+yqc=
2,3,8wZnW28wFQ6E7pDyQmvnYklMaaY=,+wGwy2wcFKTdz4aVzuPoPzcz7FE=
1,15,8wZnW28wFQ6E7pDyQmvnYklMaaY=,OA60yZZubWsQ64lxpRbBN9lf4rM=
14,4,8wZnW28wFQ6E7pDyQmvnYklMaaY=,KIPsAIfm1b6Tjy4KebcYOgceeU4=
7,0,8wZnW28wFQ6E7pDyQmvnYklMaaY=,O7hM7XSKqG9lBXv5zEw4RSwpMFw=
1,3,8wZnW28wFQ6E7pDyQmvnYklMaaY=,+wGwy2wcFKTdz4aVzuPoPzcz7FE=
3,5,8wZnW28wFQ6E7pDyQmvnYklMaaY=,+wGwy2wcFKTdz4aVzuPoPzcz7FE=
1,5,8wZnW28wFQ6E7pDyQmvnYklMaaY=,+wGwy2wcFKTdz4aVzuPoPzcz7FE=
0,6,8wZnW28wFQ6E7pDyQmvnYklMaaY=,+wGwy2wcFKTdz4aVzuPoPzcz7FE=
14,15,8wZnW28wFQ6E7pDyQmvnYklMaaY=,3KN85LCR0IonoJqlTqxYfiY+yqc=
15,5,8wZnW28wFQ6E7pDyQmvnYklMaaY=,KIPsAIfm1b6Tjy4KebcYOgceeU4=
1,7,8wZnW28wFQ6E7pDyQmvnYklMaaY=,+wGwy2wcFKTdz4aVzuPoPzcz7FE=
0,7,8wZnW28wFQ6E7pDyQmvnYklMaaY=,+wGwy2wcFKTdz4aVzuPoPzcz7FE=
5,0,8wZnW28wFQ6E7pDyQmvnYklMaaY=,O7hM7XSKqG9lBXv5zEw4RSwpMFw=
6,1,8wZnW28wFQ6E7pDyQmvnYklMaaY=,O7hM7XSKqG9lBXv5zEw4RSwpMFw=
0,8,8wZnW28wFQ6E7pDyQmvnYklMaaY=,EfXMtDE/8rER/dpg4WkaLn07UIU=
0,2,8wZnW28wFQ6E7pDyQmvnYklMaaY=,+wGwy2wcFKTdz4aVzuPoPzcz7FE=
2,4,8wZnW28wFQ6E7pDyQmvnYklMaaY=,+wGwy2wcFKTdz4aVzuPoPzcz7FE=
5,2,8wZnW28wFQ6E7pDyQmvnYklMaaY=,O7hM7XSKqG9lBXv5zEw4RSwpMFw=
14,14,8wZnW28wFQ6E7pDyQmvnYklMaaY=,3KN85LCR0IonoJqlTqxYfiY+yqc=
5,1,8wZnW28wFQ6E7pDyQmvnYklMaaY=,O7hM7XSKqG9lBXv5zEw4RSwpMFw=
4,4,8wZnW28wFQ6E7pDyQmvnYklMaaY=,An7zh8IJa4AKXf5Y1vHDDh/2JXU=
4,2,8wZnW28wFQ6E7pDyQmvnYklMaaY=,O7hM7XSKqG9lBXv5zEw4RSwpMFw=
5,3,8wZnW28wFQ6E7pDyQmvnYklMaaY=,O7hM7XSKqG9lBXv5zEw4RSwpMFw=
12,0,8wZnW28wFQ6E7pDyQmvnYklMaaY=,KIPsAIfm1b6Tjy4KebcYOgceeU4=
14,5,8wZnW28wFQ6E7pDyQmvnYklMaaY=,KIPsAIfm1b6Tjy4KebcYOgceeU4=
5,4,8wZnW28wFQ6E7pDyQmvnYklMaaY=,An7zh8IJa4AKXf5Y1vHDDh/2JXU=
15,2,8wZnW28wFQ6E7pDyQmvnYklMaaY=,KIPsAIfm1b6Tjy4KebcYOgceeU4=
4,1,8wZnW28wFQ6E7pDyQmvnYklMaaY=,O7hM7XSKqG9lBXv5zEw4RSwpMFw=
1,8,8wZnW28wFQ6E7pDyQmvnYklMaaY=,EfXMtDE/8rER/dpg4WkaLn07UIU=
1,4,8wZnW28wFQ6E7pDyQmvnYklMaaY=,+wGwy2wcFKTdz4aVzuPoPzcz7FE=
15,3,8wZnW28wFQ6E7pDyQmvnYklMaaY=,KIPsAIfm1b6Tjy4KebcYOgceeU4=
1,0,8wZnW28wFQ6E7pDyQmvnYklMaaY=,+wGwy2wcFKTdz4aVzuPoPzcz7FE=
10,1,8wZnW28wFQ6E7pDyQmvnYklMaaY=,RWli0BsrBJvN7HxF7xoKj4tnSvE=
0,9,8wZnW28wFQ6E7pDyQmvnYklMaaY=,EfXMtDE/8rER/dpg4WkaLn07UIU=
1,9,8wZnW28wFQ6E7pDyQmvnYklMaaY=,EfXMtDE/8rER/dpg4WkaLn07UIU=
14,3,8wZnW28wFQ6E7pDyQmvnYklMaaY=,KIPsAIfm1b6Tjy4KebcYOgceeU4=
0,1,8wZnW28wFQ6E7pDyQmvnYklMaaY=,+wGwy2wcFKTdz4aVzuPoPzcz7FE=
11,0,8wZnW28wFQ6E7pDyQmvnYklMaaY=,RWli0BsrBJvN7HxF7xoKj4tnSvE=
11,1,8wZnW28wFQ6E7pDyQmvnYklMaaY=,RWli0BsrBJvN7HxF7xoKj4tnSvE=
14,2,8wZnW28wFQ6E7pDyQmvnYklMaaY=,KIPsAIfm1b6Tjy4KebcYOgceeU4=
13,1,8wZnW28wFQ6E7pDyQmvnYklMaaY=,KIPsAIfm1b6Tjy4KebcYOgceeU4=
10,0,8wZnW28wFQ6E7pDyQmvnYklMaaY=,RWli0BsrBJvN7HxF7xoKj4tnSvE=
12,1,8wZnW28wFQ6E7pDyQmvnYklMaaY=,KIPsAIfm1b6Tjy4KebcYOgceeU4=
14,0,8wZnW28wFQ6E7pDyQmvnYklMaaY=,KIPsAIfm1b6Tjy4KebcYOgceeU4=
15,1,8wZnW28wFQ6E7pDyQmvnYklMaaY=,KIPsAIfm1b6Tjy4KebcYOgceeU4=
8,1,8wZnW28wFQ6E7pDyQmvnYklMaaY=,RWli0BsrBJvN7HxF7xoKj4tnSvE=
2,1,8wZnW28wFQ6E7pDyQmvnYklMaaY=,+wGwy2wcFKTdz4aVzuPoPzcz7FE=
8,0,8wZnW28wFQ6E7pDyQmvnYklMaaY=,RWli0BsrBJvN7HxF7xoKj4tnSvE=
9,0,8wZnW28wFQ6E7pDyQmvnYklMaaY=,RWli0BsrBJvN7HxF7xoKj4tnSvE=
14,1,8wZnW28wFQ6E7pDyQmvnYklMaaY=,KIPsAIfm1b6Tjy4KebcYOgceeU4=
15,0,8wZnW28wFQ6E7pDyQmvnYklMaaY=,KIPsAIfm1b6Tjy4KebcYOgceeU4=
13,0,8wZnW28wFQ6E7pDyQmvnYklMaaY=,KIPsAIfm1b6Tjy4KebcYOgceeU4=
9,1,8wZnW28wFQ6E7pDyQmvnYklMaaY=,RWli0BsrBJvN7HxF7xoKj4tnSvE=
1,1,8wZnW28wFQ6E7pDyQmvnYklMaaY=,+wGwy2wcFKTdz4aVzuPoPzcz7FE=
12,19,J5sLYkCXs3gD2xBSWnzaXeMb0YA=,3KN85LCR0IonoJqlTqxYfiY+yqc=
12,20,J5sLYkCXs3gD2xBSWnzaXeMb0YA=,3KN85LCR0IonoJqlTqxYfiY+yqc=
11,21,J5sLYkCXs3gD2xBSWnzaXeMb0YA=,vJMp0sXdXU57q6PgzcwaucwNObs=
10,20,J5sLYkCXs3gD2xBSWnzaXeMb0YA=,vJMp0sXdXU57q6PgzcwaucwNObs=
10,21,J5sLYkCXs3gD2xBSWnzaXeMb0YA=,vJMp0sXdXU57q6PgzcwaucwNObs=
13,23,J5sLYkCXs3gD2xBSWnzaXeMb0YA=,3KN85LCR0IonoJqlTqxYfiY+yqc=
11,20,J5sLYkCXs3gD2xBSWnzaXeMb0YA=,vJMp0sXdXU57q6PgzcwaucwNObs=
10,18,9gaJm0hHQoz0N2JpsNGw9TXd0wU=,vJMp0sXdXU57q6PgzcwaucwNObs=
10,22,9gaJm0hHQoz0N2JpsNGw9TXd0wU=,vJMp0sXdXU57q6PgzcwaucwNObs=
11,18,H5+m7EExxUUBdCtyemRgJtwxKkE=,vJMp0sXdXU57q6PgzcwaucwNObs=
12,23,H5+m7EExxUUBdCtyemRgJtwxKkE=,3KN85LCR0IonoJqlTqxYfiY+yqc=
11,25,H5+m7EExxUUBdCtyemRgJtwxKkE=,vJMp0sXdXU57q6PgzcwaucwNObs=
12,24,H5+m7EExxUUBdCtyemRgJtwxKkE=,3KN85LCR0IonoJqlTqxYfiY+yqc=
12,22,H5+m7EExxUUBdCtyemRgJtwxKkE=,3KN85LCR0IonoJqlTqxYfiY+yqc=
13,19,OpMo3K5xGbI1M8qAMMdzmEm4f+I=,3KN85LCR0IonoJqlTqxYfiY+yqc=
10,23,OpMo3K5xGbI1M8qAMMdzmEm4f+I=,vJMp0sXdXU57q6PgzcwaucwNObs=
8,22,OpMo3K5xGbI1M8qAMMdzmEm4f+I=,vJMp0sXdXU57q6PgzcwaucwNObs=
10,25,OpMo3K5xGbI1M8qAMMdzmEm4f+I=,vJMp0sXdXU57q6PgzcwaucwNObs=
13,20,OpMo3K5xGbI1M8qAMMdzmEm4f+I=,3KN85LCR0IonoJqlTqxYfiY+yqc=
10,19,mrf2/rY+HnbO3s59XHktq3FLIjk=,vJMp0sXdXU57q6PgzcwaucwNObs=
12,25,mrf2/rY+HnbO3s59XHktq3FLIjk=,3KN85LCR0IonoJqlTqxYfiY+yqc=
13,22,mrf2/rY+HnbO3s59XHktq3FLIjk=,3KN85LCR0IonoJqlTqxYfiY+yqc=
13,18,mrf2/rY+HnbO3s59XHktq3FLIjk=,3KN85LCR0IonoJqlTqxYfiY+yqc=
13,25,mrf2/rY+HnbO3s59XHktq3FLIjk=,3KN85LCR0IonoJqlTqxYfiY+yqc=
13,24,mrf2/rY+HnbO3s59XHktq3FLIjk=,3KN85LCR0IonoJqlTqxYfiY+yqc=
8,24,mrf2/rY+HnbO3s59XHktq3FLIjk=,vJMp0sXdXU57q6PgzcwaucwNObs=
8,25,mrf2/rY+HnbO3s59XHktq3FLIjk=,vJMp0sXdXU57q6PgzcwaucwNObs=
11,19,mrf2/rY+HnbO3s59XHktq3FLIjk=,vJMp0sXdXU57q6PgzcwaucwNObs=
8,23,ds77JlGXHQDtcYp92I0PoRDQjY0=,vJMp0sXdXU57q6PgzcwaucwNObs=
11,24,ds77JlGXHQDtcYp92I0PoRDQjY0=,vJMp0sXdXU57q6PgzcwaucwNObs=
11,23,ds77JlGXHQDtcYp92I0PoRDQjY0=,vJMp0sXdXU57q6PgzcwaucwNObs=
12,21,ds77JlGXHQDtcYp92I0PoRDQjY0=,3KN85LCR0IonoJqlTqxYfiY+yqc=
13,21,ds77JlGXHQDtcYp92I0PoRDQjY0=,3KN85LCR0IonoJqlTqxYfiY+yqc=
9,24,ds77JlGXHQDtcYp92I0PoRDQjY0=,vJMp0sXdXU57q6PgzcwaucwNObs=
12,18,ds77JlGXHQDtcYp92I0PoRDQjY0=,3KN85LCR0IonoJqlTqxYfiY+yqc=
11,22,ds77JlGXHQDtcYp92I0PoRDQjY0=,vJMp0sXdXU57q6PgzcwaucwNObs=
10,24,ds77JlGXHQDtcYp92I0PoRDQjY0=,vJMp0sXdXU57q6PgzcwaucwNObs=
7,23,8d5puxBi2spwB9YkInQcI+Q4JkY=,3GRPCU8AMVJrHZELBujwtHzjZhA=
9,25,8d5puxBi2spwB9YkInQcI+Q4JkY=,vJMp0sXdXU57q6PgzcwaucwNObs=
6,24,dp2YpzLD1Wp3GX4EfIXhibWZd1Q=,3GRPCU8AMVJrHZELBujwtHzjZhA=
7,25,dp2YpzLD1Wp3GX4EfIXhibWZd1Q=,3GRPCU8AMVJrHZELBujwtHzjZhA=
6,25,dp2YpzLD1Wp3GX4EfIXhibWZd1Q=,3GRPCU8AMVJrHZELBujwtHzjZhA=
9,22,dp2YpzLD1Wp3GX4EfIXhibWZd1Q=,vJMp0sXdXU57q6PgzcwaucwNObs=
7,24,3LM5t4zRrg6KwXLJ8ePyT6x1yE4=,3GRPCU8AMVJrHZELBujwtHzjZhA=
6,22,3LM5t4zRrg6KwXLJ8ePyT6x1yE4=,3GRPCU8AMVJrHZELBujwtHzjZhA=
9,23,3LM5t4zRrg6KwXLJ8ePyT6x1yE4=,vJMp0sXdXU57q6PgzcwaucwNObs=
7,22,Zq3Relt3u7KiEoq8wBsFDLO9Qe4=,3GRPCU8AMVJrHZELBujwtHzjZhA=
3,24,Zq3Relt3u7KiEoq8wBsFDLO9Qe4=,OA60yZZubWsQ64lxpRbBN9lf4rM=
6,23,Zq3Relt3u7KiEoq8wBsFDLO9Qe4=,3GRPCU8AMVJrHZELBujwtHzjZhA=
2,24,Zq3Relt3u7KiEoq8wBsFDLO9Qe4=,OA60yZZubWsQ64lxpRbBN9lf4rM=
4,27,Zq3Relt3u7KiEoq8wBsFDLO9Qe4=,3GRPCU8AMVJrHZELBujwtHzjZhA=
4,25,Zq3Relt3u7KiEoq8wBsFDLO9Qe4=,3GRPCU8AMVJrHZELBujwtHzjZhA=
4,23,Zq3Relt3u7KiEoq8wBsFDLO9Qe4=,3GRPCU8AMVJrHZELBujwtHzjZhA=
8,26,Zq3Relt3u7KiEoq8wBsFDLO9Qe4=,vJMp0sXdXU57q6PgzcwaucwNObs=
5,22,Zq3Relt3u7KiEoq8wBsFDLO9Qe4=,3GRPCU8AMVJrHZELBujwtHzjZhA=
3,27,Zq3Relt3u7KiEoq8wBsFDLO9Qe4=,OA60yZZubWsQ64lxpRbBN9lf4rM=
5,29,Zq3Relt3u7KiEoq8wBsFDLO9Qe4=,3GRPCU8AMVJrHZELBujwtHzjZhA=
3,29,Zq3Relt3u7KiEoq8wBsFDLO9Qe4=,OA60yZZubWsQ64lxpRbBN9lf4rM=
4,29,Zq3Relt3u7KiEoq8wBsFDLO9Qe4=,3GRPCU8AMVJrHZELBujwtHzjZhA=
4,22,Zq3Relt3u7KiEoq8wBsFDLO9Qe4=,3GRPCU8AMVJrHZELBujwtHzjZhA=
3,26,Zq3Relt3u7KiEoq8wBsFDLO9Qe4=,OA60yZZubWsQ64lxpRbBN9lf4rM=
5,28,Zq3Relt3u7KiEoq8wBsFDLO9Qe4=,3GRPCU8AMVJrHZELBujwtHzjZhA=
4,28,Zq3Relt3u7KiEoq8wBsFDLO9Qe4=,3GRPCU8AMVJrHZELBujwtHzjZhA=
3,25,Zq3Relt3u7KiEoq8wBsFDLO9Qe4=,OA60yZZubWsQ64lxpRbBN9lf4rM=
9,26,Zq3Relt3u7KiEoq8wBsFDLO9Qe4=,vJMp0sXdXU57q6PgzcwaucwNObs=
2,28,Zq3Relt3u7KiEoq8wBsFDLO9Qe4=,OA60yZZubWsQ64lxpRbBN9lf4rM=
6,27,Zq3Relt3u7KiEoq8wBsFDLO9Qe4=,3GRPCU8AMVJrHZELBujwtHzjZhA=
2,27,Zq3Relt3u7KiEoq8wBsFDLO9Qe4=,OA60yZZubWsQ64lxpRbBN9lf4rM=
5,26,Zq3Relt3u7KiEoq8wBsFDLO9Qe4=,3GRPCU8AMVJrHZELBujwtHzjZhA=
13,27,Zq3Relt3u7KiEoq8wBsFDLO9Qe4=,3KN85LCR0IonoJqlTqxYfiY+yqc=
5,23,Zq3Relt3u7KiEoq8wBsFDLO9Qe4=,3GRPCU8AMVJrHZELBujwtHzjZhA=
2,29,Zq3Relt3u7KiEoq8wBsFDLO9Qe4=,OA60yZZubWsQ64lxpRbBN9lf4rM=
3,22,Zq3Relt3u7KiEoq8wBsFDLO9Qe4=,OA60yZZubWsQ64lxpRbBN9lf4rM=
2,25,Zq3Relt3u7KiEoq8wBsFDLO9Qe4=,OA60yZZubWsQ64lxpRbBN9lf4rM=
2,22,Zq3Relt3u7KiEoq8wBsFDLO9Qe4=,OA60yZZubWsQ64lxpRbBN9lf4rM=
2,26,Zq3Relt3u7KiEoq8wBsFDLO9Qe4=,OA60yZZubWsQ64lxpRbBN9lf4rM=
5,27,Zq3Relt3u7KiEoq8wBsFDLO9Qe4=,3GRPCU8AMVJrHZELBujwtHzjZhA=
7,26,Zq3Relt3u7KiEoq8wBsFDLO9Qe4=,3GRPCU8AMVJrHZELBujwtHzjZhA=
3,28,Zq3Relt3u7KiEoq8wBsFDLO9Qe4=,OA60yZZubWsQ64lxpRbBN9lf4rM=
9,27,Zq3Relt3u7KiEoq8wBsFDLO9Qe4=,vJMp0sXdXU57q6PgzcwaucwNObs=
10,27,Zq3Relt3u7KiEoq8wBsFDLO9Qe4=,vJMp0sXdXU57q6PgzcwaucwNObs=
8,27,Zq3Relt3u7KiEoq8wBsFDLO9Qe4=,vJMp0sXdXU57q6PgzcwaucwNObs=
7,27,Zq3Relt3u7KiEoq8wBsFDLO9Qe4=,3GRPCU8AMVJrHZELBujwtHzjZhA=
4,26,Zq3Relt3u7KiEoq8wBsFDLO9Qe4=,3GRPCU8AMVJrHZELBujwtHzjZhA=
12,27,Zq3Relt3u7KiEoq8wBsFDLO9Qe4=,3KN85LCR0IonoJqlTqxYfiY+yqc=
6,26,Zq3Relt3u7KiEoq8wBsFDLO9Qe4=,3GRPCU8AMVJrHZELBujwtHzjZhA=
6,29,Zq3Relt3u7KiEoq8wBsFDLO9Qe4=,3GRPCU8AMVJrHZELBujwtHzjZhA=
6,28,Zq3Relt3u7KiEoq8wBsFDLO9Qe4=,3GRPCU8AMVJrHZELBujwtHzjZhA=
13,26,Zq3Relt3u7KiEoq8wBsFDLO9Qe4=,3KN85LCR0IonoJqlTqxYfiY+yqc=
13,29,Zq3Relt3u7KiEoq8wBsFDLO9Qe4=,3KN85LCR0IonoJqlTqxYfiY+yqc=
11,29,Zq3Relt3u7KiEoq8wBsFDLO9Qe4=,vJMp0sXdXU57q6PgzcwaucwNObs=
8,29,Zq3Relt3u7KiEoq8wBsFDLO9Qe4=,vJMp0sXdXU57q6PgzcwaucwNObs=
7,28,Zq3Relt3u7KiEoq8wBsFDLO9Qe4=,3GRPCU8AMVJrHZELBujwtHzjZhA=
7,29,Zq3Relt3u7KiEoq8wBsFDLO9Qe4=,3GRPCU8AMVJrHZELBujwtHzjZhA=
12,28,Zq3Relt3u7KiEoq8wBsFDLO9Qe4=,3KN85LCR0IonoJqlTqxYfiY+yqc=
10,28,Zq3Relt3u7KiEoq8wBsFDLO9Qe4=,vJMp0sXdXU57q6PgzcwaucwNObs=
3,23,Zq3Relt3u7KiEoq8wBsFDLO9Qe4=,OA60yZZubWsQ64lxpRbBN9lf4rM=
11,26,Zq3Relt3u7KiEoq8wBsFDLO9Qe4=,vJMp0sXdXU57q6PgzcwaucwNObs=
12,26,Zq3Relt3u7KiEoq8wBsFDLO9Qe4=,3KN85LCR0IonoJqlTqxYfiY+yqc=
11,28,Zq3Relt3u7KiEoq8wBsFDLO9Qe4=,vJMp0sXdXU57q6PgzcwaucwNObs=
5,24,Zq3Relt3u7KiEoq8wBsFDLO9Qe4=,3GRPCU8AMVJrHZELBujwtHzjZhA=
10,26,Zq3Relt3u7KiEoq8wBsFDLO9Qe4=,vJMp0sXdXU57q6PgzcwaucwNObs=
12,29,Zq3Relt3u7KiEoq8wBsFDLO9Qe4=,3KN85LCR0IonoJqlTqxYfiY+yqc=
13,28,Zq3Relt3u7KiEoq8wBsFDLO9Qe4=,3KN85LCR0IonoJqlTqxYfiY+yqc=
11,27,Zq3Relt3u7KiEoq8wBsFDLO9Qe4=,vJMp0sXdXU57q6PgzcwaucwNObs=
4,24,Zq3Relt3u7KiEoq8wBsFDLO9Qe4=,3GRPCU8AMVJrHZELBujwtHzjZhA=
9,28,Zq3Relt3u7KiEoq8wBsFDLO9Qe4=,vJMp0sXdXU57q6PgzcwaucwNObs=
9,29,Zq3Relt3u7KiEoq8wBsFDLO9Qe4=,vJMp0sXdXU57q6PgzcwaucwNObs=
2,23,Zq3Relt3u7KiEoq8wBsFDLO9Qe4=,OA60yZZubWsQ64lxpRbBN9lf4rM=
10,29,Zq3Relt3u7KiEoq8wBsFDLO9Qe4=,vJMp0sXdXU57q6PgzcwaucwNObs=
5,25,Zq3Relt3u7KiEoq8wBsFDLO9Qe4=,3GRPCU8AMVJrHZELBujwtHzjZhA=
8,28,Zq3Relt3u7KiEoq8wBsFDLO9Qe4=,vJMp0sXdXU57q6PgzcwaucwNObs=
8,21,Zq3Relt3u7KiEoq8wBsFDLO9Qe4=,vJMp0sXdXU57q6PgzcwaucwNObs=
3,19,Zq3Relt3u7KiEoq8wBsFDLO9Qe4=,OA60yZZubWsQ64lxpRbBN9lf4rM=
4,20,Zq3Relt3u7KiEoq8wBsFDLO9Qe4=,3GRPCU8AMVJrHZELBujwtHzjZhA=
8,19,Zq3Relt3u7KiEoq8wBsFDLO9Qe4=,vJMp0sXdXU57q6PgzcwaucwNObs=
2,21,Zq3Relt3u7KiEoq8wBsFDLO9Qe4=,OA60yZZubWsQ64lxpRbBN9lf4rM=
4,21,Zq3Relt3u7KiEoq8wBsFDLO9Qe4=,3GRPCU8AMVJrHZELBujwtHzjZhA=
3,20,Zq3Relt3u7KiEoq8wBsFDLO9Qe4=,OA60yZZubWsQ64lxpRbBN9lf4rM=
14,16,Zq3Relt3u7KiEoq8wBsFDLO9Qe4=,3KN85LCR0IonoJqlTqxYfiY+yqc=
5,19,Zq3Relt3u7KiEoq8wBsFDLO9Qe4=,3GRPCU8AMVJrHZELBujwtHzjZhA=
9,19,Zq3Relt3u7KiEoq8wBsFDLO9Qe4=,vJMp0sXdXU57q6PgzcwaucwNObs=
5,21,Zq3Relt3u7KiEoq8wBsFDLO9Qe4=,3GRPCU8AMVJrHZELBujwtHzjZhA=
4,17,Zq3Relt3u7KiEoq8wBsFDLO9Qe4=,3GRPCU8AMVJrHZELBujwtHzjZhA=
15,16,Zq3Relt3u7KiEoq8wBsFDLO9Qe4=,3KN85LCR0IonoJqlTqxYfiY+yqc=
9,20,Zq3Relt3u7KiEoq8wBsFDLO9Qe4=,vJMp0sXdXU57q6PgzcwaucwNObs=
3,17,Zq3Relt3u7KiEoq8wBsFDLO9Qe4=,OA60yZZubWsQ64lxpRbBN9lf4rM=
13,16,Zq3Relt3u7KiEoq8wBsFDLO9Qe4=,3KN85LCR0IonoJqlTqxYfiY+yqc=
2,20,Zq3Relt3u7KiEoq8wBsFDLO9Qe4=,OA60yZZubWsQ64lxpRbBN9lf4rM=
4,19,Zq3Relt3u7KiEoq8wBsFDLO9Qe4=,3GRPCU8AMVJrHZELBujwtHzjZhA=
8,18,Zq3Relt3u7KiEoq8wBsFDLO9Qe4=,vJMp0sXdXU57q6PgzcwaucwNObs=
15,17,Zq3Relt3u7KiEoq8wBsFDLO9Qe4=,3KN85LCR0IonoJqlTqxYfiY+yqc=
3,21,Zq3Relt3u7KiEoq8wBsFDLO9Qe4=,OA60yZZubWsQ64lxpRbBN9lf4rM=
14,17,Zq3Relt3u7KiEoq8wBsFDLO9Qe4=,3KN85LCR0IonoJqlTqxYfiY+yqc=
5,20,Zq3Relt3u7KiEoq8wBsFDLO9Qe4=,3GRPCU8AMVJrHZELBujwtHzjZhA=
2,19,Zq3Relt3u7KiEoq8wBsFDLO9Qe4=,OA60yZZubWsQ64lxpRbBN9lf4rM=
7,19,Zq3Relt3u7KiEoq8wBsFDLO9Qe4=,3GRPCU8AMVJrHZELBujwtHzjZhA=
6,19,Zq3Relt3u7KiEoq8wBsFDLO9Qe4=,3GRPCU8AMVJrHZELBujwtHzjZhA=
3,16,Zq3Relt3u7KiEoq8wBsFDLO9Qe4=,OA60yZZubWsQ64lxpRbBN9lf4rM=
5,16,Zq3Relt3u7KiEoq8wBsFDLO9Qe4=,3GRPCU8AMVJrHZELBujwtHzjZhA=
3,18,Zq3Relt3u7KiEoq8wBsFDLO9Qe4=,OA60yZZubWsQ64lxpRbBN9lf4rM=
4,16,Zq3Relt3u7KiEoq8wBsFDLO9Qe4=,3GRPCU8AMVJrHZELBujwtHzjZhA=
2,16,Zq3Relt3u7KiEoq8wBsFDLO9Qe4=,OA60yZZubWsQ64lxpRbBN9lf4rM=
2,17,Zq3Relt3u7KiEoq8wBsFDLO9Qe4=,OA60yZZubWsQ64lxpRbBN9lf4rM=
8,20,Zq3Relt3u7KiEoq8wBsFDLO9Qe4=,vJMp0sXdXU57q6PgzcwaucwNObs=
4,18,Zq3Relt3u7KiEoq8wBsFDLO9Qe4=,3GRPCU8AMVJrHZELBujwtHzjZhA=
5,17,Zq3Relt3u7KiEoq8wBsFDLO9Qe4=,3GRPCU8AMVJrHZELBujwtHzjZhA=
9,21,Zq3Relt3u7KiEoq8wBsFDLO9Qe4=,vJMp0sXdXU57q6PgzcwaucwNObs=
2,18,Zq3Relt3u7KiEoq8wBsFDLO9Qe4=,OA60yZZubWsQ64lxpRbBN9lf4rM=
6,21,Zq3Relt3u7KiEoq8wBsFDLO9Qe4=,3GRPCU8AMVJrHZELBujwtHzjZhA=
0,23,Zq3Relt3u7KiEoq8wBsFDLO9Qe4=,OA60yZZubWsQ64lxpRbBN9lf4rM=
9,18,Zq3Relt3u7KiEoq8wBsFDLO9Qe4=,vJMp0sXdXU57q6PgzcwaucwNObs=
0,20,Zq3Relt3u7KiEoq8wBsFDLO9Qe4=,OA60yZZubWsQ64lxpRbBN9lf4rM=
0,22,Zq3Relt3u7KiEoq8wBsFDLO9Qe4=,OA60yZZubWsQ64lxpRbBN9lf4rM=
0,18,Zq3Relt3u7KiEoq8wBsFDLO9Qe4=,OA60yZZubWsQ64lxpRbBN9lf4rM=
12,17,Zq3Relt3u7KiEoq8wBsFDLO9Qe4=,3KN85LCR0IonoJqlTqxYfiY+yqc=
1,23,Zq3Relt3u7KiEoq8wBsFDLO9Qe4=,OA60yZZubWsQ64lxpRbBN9lf4rM=
0,19,Zq3Relt3u7KiEoq8wBsFDLO9Qe4=,OA60yZZubWsQ64lxpRbBN9lf4rM=
7,18,Zq3Relt3u7KiEoq8wBsFDLO9Qe4=,3GRPCU8AMVJrHZELBujwtHzjZhA=
5,18,Zq3Relt3u7KiEoq8wBsFDLO9Qe4=,3GRPCU8AMVJrHZELBujwtHzjZhA=
7,21,Zq3Relt3u7KiEoq8wBsFDLO9Qe4=,3GRPCU8AMVJrHZELBujwtHzjZhA=
1,22,Zq3Relt3u7KiEoq8wBsFDLO9Qe4=,OA60yZZubWsQ64lxpRbBN9lf4rM=
0,21,Zq3Relt3u7KiEoq8wBsFDLO9Qe4=,OA60yZZubWsQ64lxpRbBN9lf4rM=
1,20,Zq3Relt3u7KiEoq8wBsFDLO9Qe4=,OA60yZZubWsQ64lxpRbBN9lf4rM=
0,25,Zq3Relt3u7KiEoq8wBsFDLO9Qe4=,OA60yZZubWsQ64lxpRbBN9lf4rM=
6,20,Zq3Relt3u7KiEoq8wBsFDLO9Qe4=,3GRPCU8AMVJrHZELBujwtHzjZhA=
1,18,Zq3Relt3u7KiEoq8wBsFDLO9Qe4=,OA60yZZubWsQ64lxpRbBN9lf4rM=
1,19,Zq3Relt3u7KiEoq8wBsFDLO9Qe4=,OA60yZZubWsQ64lxpRbBN9lf4rM=
0,16,Zq3Relt3u7KiEoq8wBsFDLO9Qe4=,OA60yZZubWsQ64lxpRbBN9lf4rM=
1,21,Zq3Relt3u7KiEoq8wBsFDLO9Qe4=,OA60yZZubWsQ64lxpRbBN9lf4rM=
0,17,Zq3Relt3u7KiEoq8wBsFDLO9Qe4=,OA60yZZubWsQ64lxpRbBN9lf4rM=
1,16,Zq3Relt3u7KiEoq8wBsFDLO9Qe4=,OA60yZZubWsQ64lxpRbBN9lf4rM=
1,17,Zq3Relt3u7KiEoq8wBsFDLO9Qe4=,OA60yZZubWsQ64lxpRbBN9lf4rM=
0,24,Zq3Relt3u7KiEoq8wBsFDLO9Qe4=,OA60yZZubWsQ64lxpRbBN9lf4rM=
1,25,Zq3Relt3u7KiEoq8wBsFDLO9Qe4=,OA60yZZubWsQ64lxpRbBN9lf4rM=
13,17,Zq3Relt3u7KiEoq8wBsFDLO9Qe4=,3KN85LCR0IonoJqlTqxYfiY+yqc=
9,17,Zq3Relt3u7KiEoq8wBsFDLO9Qe4=,vJMp0sXdXU57q6PgzcwaucwNObs=
1,24,Zq3Relt3u7KiEoq8wBsFDLO9Qe4=,OA60yZZubWsQ64lxpRbBN9lf4rM=
6,18,Zq3Relt3u7KiEoq8wBsFDLO9Qe4=,3GRPCU8AMVJrHZELBujwtHzjZhA=
0,27,Zq3Relt3u7KiEoq8wBsFDLO9Qe4=,OA60yZZubWsQ64lxpRbBN9lf4rM=
1,28,Zq3Relt3u7KiEoq8wBsFDLO9Qe4=,OA60yZZubWsQ64lxpRbBN9lf4rM=
9,16,Zq3Relt3u7KiEoq8wBsFDLO9Qe4=,vJMp0sXdXU57q6PgzcwaucwNObs=
7,20,Zq3Relt3u7KiEoq8wBsFDLO9Qe4=,3GRPCU8AMVJrHZELBujwtHzjZhA=
7,16,Zq3Relt3u7KiEoq8wBsFDLO9Qe4=,3GRPCU8AMVJrHZELBujwtHzjZhA=
10,16,Zq3Relt3u7KiEoq8wBsFDLO9Qe4=,vJMp0sXdXU57q6PgzcwaucwNObs=
1,26,Zq3Relt3u7KiEoq8wBsFDLO9Qe4=,OA60yZZubWsQ64lxpRbBN9lf4rM=
1,29,Zq3Relt3u7KiEoq8wBsFDLO9Qe4=,OA60yZZubWsQ64lxpRbBN9lf4rM=
12,16,Zq3Relt3u7KiEoq8wBsFDLO9Qe4=,3KN85LCR0IonoJqlTqxYfiY+yqc=
1,27,Zq3Relt3u7KiEoq8wBsFDLO9Qe4=,OA60yZZubWsQ64lxpRbBN9lf4rM=
0,29,Zq3Relt3u7KiEoq8wBsFDLO9Qe4=,OA60yZZubWsQ64lxpRbBN9lf4rM=
0,26,Zq3Relt3u7KiEoq8wBsFDLO9Qe4=,OA60yZZubWsQ64lxpRbBN9lf4rM=
14,19,Zq3Relt3u7KiEoq8wBsFDLO9Qe4=,3KN85LCR0IonoJqlTqxYfiY+yqc=
14,21,Zq3Relt3u7KiEoq8wBsFDLO9Qe4=,3KN85LCR0IonoJqlTqxYfiY+yqc=
15,26,Zq3Relt3u7KiEoq8wBsFDLO9Qe4=,3KN85LCR0IonoJqlTqxYfiY+yqc=
11,17,Zq3Relt3u7KiEoq8wBsFDLO9Qe4=,vJMp0sXdXU57q6PgzcwaucwNObs=
10,17,Zq3Relt3u7KiEoq8wBsFDLO9Qe4=,vJMp0sXdXU57q6PgzcwaucwNObs=
15,20,Zq3Relt3u7KiEoq8wBsFDLO9Qe4=,3KN85LCR0IonoJqlTqxYfiY+yqc=
0,28,Zq3Relt3u7KiEoq8wBsFDLO9Qe4=,OA60yZZubWsQ64lxpRbBN9lf4rM=
15,23,Zq3Relt3u7KiEoq8wBsFDLO9Qe4=,3KN85LCR0IonoJqlTqxYfiY+yqc=
8,17,Zq3Relt3u7KiEoq8wBsFDLO9Qe4=,vJMp0sXdXU57q6PgzcwaucwNObs=
15,18,Zq3Relt3u7KiEoq8wBsFDLO9Qe4=,3KN85LCR0IonoJqlTqxYfiY+yqc=
14,18,Zq3Relt3u7KiEoq8wBsFDLO9Qe4=,3KN85LCR0IonoJqlTqxYfiY+yqc=
15,19,Zq3Relt3u7KiEoq8wBsFDLO9Qe4=,3KN85LCR0IonoJqlTqxYfiY+yqc=
7,17,Zq3Relt3u7KiEoq8wBsFDLO9Qe4=,3GRPCU8AMVJrHZELBujwtHzjZhA=
14,27,Zq3Relt3u7KiEoq8wBsFDLO9Qe4=,3KN85LCR0IonoJqlTqxYfiY+yqc=
11,16,Zq3Relt3u7KiEoq8wBsFDLO9Qe4=,vJMp0sXdXU57q6PgzcwaucwNObs=
15,21,Zq3Relt3u7KiEoq8wBsFDLO9Qe4=,3KN85LCR0IonoJqlTqxYfiY+yqc=
15,25,Zq3Relt3u7KiEoq8wBsFDLO9Qe4=,3KN85LCR0IonoJqlTqxYfiY+yqc=
3,31,Zq3Relt3u7KiEoq8wBsFDLO9Qe4=,OA60yZZubWsQ64lxpRbBN9lf4rM=
2,31,Zq3Relt3u7KiEoq8wBsFDLO9Qe4=,OA60yZZubWsQ64lxpRbBN9lf4rM=
14,26,Zq3Relt3u7KiEoq8wBsFDLO9Qe4=,3KN85LCR0IonoJqlTqxYfiY+yqc=
14,24,Zq3Relt3u7KiEoq8wBsFDLO9Qe4=,3KN85LCR0IonoJqlTqxYfiY+yqc=
15,29,Zq3Relt3u7KiEoq8wBsFDLO9Qe4=,3KN85LCR0IonoJqlTqxYfiY+yqc=
15,27,Zq3Relt3u7KiEoq8wBsFDLO9Qe4=,3KN85LCR0IonoJqlTqxYfiY+yqc=
5,31,Zq3Relt3u7KiEoq8wBsFDLO9Qe4=,3GRPCU8AMVJrHZELBujwtHzjZhA=
0,30,Zq3Relt3u7KiEoq8wBsFDLO9Qe4=,OA60yZZubWsQ64lxpRbBN9lf4rM=
14,20,Zq3Relt3u7KiEoq8wBsFDLO9Qe4=,3KN85LCR0IonoJqlTqxYfiY+yqc=
14,25,Zq3Relt3u7KiEoq8wBsFDLO9Qe4=,3KN85LCR0IonoJqlTqxYfiY+yqc=
14,28,Zq3Relt3u7KiEoq8wBsFDLO9Qe4=,3KN85LCR0IonoJqlTqxYfiY+yqc=
15,24,Zq3Relt3u7KiEoq8wBsFDLO9Qe4=,3KN85LCR0IonoJqlTqxYfiY+yqc=
14,22,Zq3Relt3u7KiEoq8wBsFDLO9Qe4=,3KN85LCR0IonoJqlTqxYfiY+yqc=
6,17,Zq3Relt3u7KiEoq8wBsFDLO9Qe4=,3GRPCU8AMVJrHZELBujwtHzjZhA=
13,31,Zq3Relt3u7KiEoq8wBsFDLO9Qe4=,3KN85LCR0IonoJqlTqxYfiY+yqc=
6,30,Zq3Relt3u7KiEoq8wBsFDLO9Qe4=,3GRPCU8AMVJrHZELBujwtHzjZhA=
15,28,Zq3Relt3u7KiEoq8wBsFDLO9Qe4=,3KN85LCR0IonoJqlTqxYfiY+yqc=
6,16,Zq3Relt3u7KiEoq8wBsFDLO9Qe4=,3GRPCU8AMVJrHZELBujwtHzjZhA=
14,29,Zq3Relt3u7KiEoq8wBsFDLO9Qe4=,3KN85LCR0IonoJqlTqxYfiY+yqc=
8,16,Zq3Relt3u7KiEoq8wBsFDLO9Qe4=,vJMp0sXdXU57q6PgzcwaucwNObs=
1,31,Zq3Relt3u7KiEoq8wBsFDLO9Qe4=,OA60yZZubWsQ64lxpRbBN9lf4rM=
14,23,Zq3Relt3u7KiEoq8wBsFDLO9Qe4=,3KN85LCR0IonoJqlTqxYfiY+yqc=
4,30,Zq3Relt3u7KiEoq8wBsFDLO9Qe4=,3GRPCU8AMVJrHZELBujwtHzjZhA=
4,31,Zq3Relt3u7KiEoq8wBsFDLO9Qe4=,3GRPCU8AMVJrHZELBujwtHzjZhA=
5,30,Zq3Relt3u7KiEoq8wBsFDLO9Qe4=,3GRPCU8AMVJrHZELBujwtHzjZhA=
7,30,Zq3Relt3u7KiEoq8wBsFDLO9Qe4=,3GRPCU8AMVJrHZELBujwtHzjZhA=
9,31,Zq3Relt3u7KiEoq8wBsFDLO9Qe4=,vJMp0sXdXU57q6PgzcwaucwNObs=
6,31,Zq3Relt3u7KiEoq8wBsFDLO9Qe4=,3GRPCU8AMVJrHZELBujwtHzjZhA=
15,22,Zq3Relt3u7KiEoq8wBsFDLO9Qe4=,3KN85LCR0IonoJqlTqxYfiY+yqc=
3,30,Zq3Relt3u7KiEoq8wBsFDLO9Qe4=,OA60yZZubWsQ64lxpRbBN9lf4rM=
7,31,Zq3Relt3u7KiEoq8wBsFDLO9Qe4=,3GRPCU8AMVJrHZELBujwtHzjZhA=
2,30,Zq3Relt3u7KiEoq8wBsFDLO9Qe4=,OA60yZZubWsQ64lxpRbBN9lf4rM=
0,31,Zq3Relt3u7KiEoq8wBsFDLO9Qe4=,OA60yZZubWsQ64lxpRbBN9lf4rM=
9,30,Zq3Relt3u7KiEoq8wBsFDLO9Qe4=,vJMp0sXdXU57q6PgzcwaucwNObs=
8,31,Zq3Relt3u7KiEoq8wBsFDLO9Qe4=,vJMp0sXdXU57q6PgzcwaucwNObs=
8,30,Zq3Relt3u7KiEoq8wBsFDLO9Qe4=,vJMp0sXdXU57q6PgzcwaucwNObs=
1,30,Zq3Relt3u7KiEoq8wBsFDLO9Qe4=,OA60yZZubWsQ64lxpRbBN9lf4rM=
12,31,Zq3Relt3u7KiEoq8wBsFDLO9Qe4=,3KN85LCR0IonoJqlTqxYfiY+yqc=
15,30,Zq3Relt3u7KiEoq8wBsFDLO9Qe4=,3KN85LCR0IonoJqlTqxYfiY+yqc=
12,30,Zq3Relt3u7KiEoq8wBsFDLO9Qe4=,3KN85LCR0IonoJqlTqxYfiY+yqc=
14,31,Zq3Relt3u7KiEoq8wBsFDLO9Qe4=,3KN85LCR0IonoJqlTqxYfiY+yqc=
15,31,Zq3Relt3u7KiEoq8wBsFDLO9Qe4=,3KN85LCR0IonoJqlTqxYfiY+yqc=
11,30,Zq3Relt3u7KiEoq8wBsFDLO9Qe4=,vJMp0sXdXU57q6PgzcwaucwNObs=
14,30,Zq3Relt3u7KiEoq8wBsFDLO9Qe4=,3KN85LCR0IonoJqlTqxYfiY+yqc=
10,30,Zq3Relt3u7KiEoq8wBsFDLO9Qe4=,vJMp0sXdXU57q6PgzcwaucwNObs=
10,31,Zq3Relt3u7KiEoq8wBsFDLO9Qe4=,vJMp0sXdXU57q6PgzcwaucwNObs=
13,30,Zq3Relt3u7KiEoq8wBsFDLO9Qe4=,3KN85LCR0IonoJqlTqxYfiY+yqc=
11,31,Zq3Relt3u7KiEoq8wBsFDLO9Qe4=,vJMp0sXdXU57q6PgzcwaucwNObs=
26,21,vrJdM4/NughlEAW4/409KXnXL2U=,YaxCpLP+2SeRW24wZrjEXTUD0Io=
27,21,vrJdM4/NughlEAW4/409KXnXL2U=,YaxCpLP+2SeRW24wZrjEXTUD0Io=
26,20,vrJdM4/NughlEAW4/409KXnXL2U=,YaxCpLP+2SeRW24wZrjEXTUD0Io=
27,19,vrJdM4/NughlEAW4/409KXnXL2U=,YaxCpLP+2SeRW24wZrjEXTUD0Io=
29,21,vrJdM4/NughlEAW4/409KXnXL2U=,FPX/4V5qd/zev9JcghgjpMtwStc=
27,20,vrJdM4/NughlEAW4/409KXnXL2U=,YaxCpLP+2SeRW24wZrjEXTUD0Io=
26,18,vrJdM4/NughlEAW4/409KXnXL2U=,YaxCpLP+2SeRW24wZrjEXTUD0Io=
27,18,vrJdM4/NughlEAW4/409KXnXL2U=,YaxCpLP+2SeRW24wZrjEXTUD0Io=
26,19,vrJdM4/NughlEAW4/409KXnXL2U=,YaxCpLP+2SeRW24wZrjEXTUD0Io=
28,20,vrJdM4/NughlEAW4/409KXnXL2U=,FPX/4V5qd/zev9JcghgjpMtwStc=
29,18,wM3bklRQKX471kiUtG1IjjaWjhI=,FPX/4V5qd/zev9JcghgjpMtwStc=
28,21,wM3bklRQKX471kiUtG1IjjaWjhI=,FPX/4V5qd/zev9JcghgjpMtwStc=
29,20,wM3bklRQKX471kiUtG1IjjaWjhI=,FPX/4V5qd/zev9JcghgjpMtwStc=
29,19,wM3bklRQKX471kiUtG1IjjaWjhI=,FPX/4V5qd/zev9JcghgjpMtwStc=
28,19,wM3bklRQKX471kiUtG1IjjaWjhI=,FPX/4V5qd/zev9JcghgjpMtwStc=
28,18,wM3bklRQKX471kiUtG1IjjaWjhI=,FPX/4V5qd/zev9JcghgjpMtwStc=
29,23,wM3bklRQKX471kiUtG1IjjaWjhI=,FPX/4V5qd/zev9JcghgjpMtwStc=
27,22,wM3bklRQKX471kiUtG1IjjaWjhI=,YaxCpLP+2SeRW24wZrjEXTUD0Io=
26,22,wM3bklRQKX471kiUtG1IjjaWjhI=,YaxCpLP+2SeRW24wZrjEXTUD0Io=
28,23,wM3bklRQKX471kiUtG1IjjaWjhI=,FPX/4V5qd/zev9JcghgjpMtwStc=
27,23,wM3bklRQKX471kiUtG1IjjaWjhI=,YaxCpLP+2SeRW24wZrjEXTUD0Io=
29,22,wM3bklRQKX471kiUtG1IjjaWjhI=,FPX/4V5qd/zev9JcghgjpMtwStc=
28,22,wM3bklRQKX471kiUtG1IjjaWjhI=,FPX/4V5qd/zev9JcghgjpMtwStc=
26,23,wM3bklRQKX471kiUtG1IjjaWjhI=,YaxCpLP+2SeRW24wZrjEXTUD0Io=
26,24,wM3bklRQKX471kiUtG1IjjaWjhI=,YaxCpLP+2SeRW24wZrjEXTUD0Io=
29,25,wM3bklRQKX471kiUtG1IjjaWjhI=,FPX/4V5qd/zev9JcghgjpMtwStc=
28,25,wM3bklRQKX471kiUtG1IjjaWjhI=,FPX/4V5qd/zev9JcghgjpMtwStc=
29,24,Sr66D+/sWTknGWUVSn/wMx0ROzI=,FPX/4V5qd/zev9JcghgjpMtwStc=
28,24,sRs9i9Mg+v6+E74T5HN6iDyis54=,FPX/4V5qd/zev9JcghgjpMtwStc=
27,25,sRs9i9Mg+v6+E74T5HN6iDyis54=,YaxCpLP+2SeRW24wZrjEXTUD0Io=
26,25,pQmzs+lWIjEh2Y9vt23uimtIpoU=,YaxCpLP+2SeRW24wZrjEXTUD0Io=
27,24,pQmzs+lWIjEh2Y9vt23uimtIpoU=,YaxCpLP+2SeRW24wZrjEXTUD0Io=
29,26,pQmzs+lWIjEh2Y9vt23uimtIpoU=,FPX/4V5qd/zev9JcghgjpMtwStc=
26,28,04e+kA9746Z1Gtg6N/PbQ5ECvJM=,YaxCpLP+2SeRW24wZrjEXTUD0Io=
26,29,04e+kA9746Z1Gtg6N/PbQ5ECvJM=,YaxCpLP+2SeRW24wZrjEXTUD0Io=
29,28,04e+kA9746Z1Gtg6N/PbQ5ECvJM=,FPX/4V5qd/zev9JcghgjpMtwStc=
24,22,04e+kA9746Z1Gtg6N/PbQ5ECvJM=,YaxCpLP+2SeRW24wZrjEXTUD0Io=
25,23,7Rt18gaGF0C+S9y7Q8CMatWj1tg=,YaxCpLP+2SeRW24wZrjEXTUD0Io=
27,28,7Rt18gaGF0C+S9y7Q8CMatWj1tg=,YaxCpLP+2SeRW24wZrjEXTUD0Io=
25,22,7Rt18gaGF0C+S9y7Q8CMatWj1tg=,YaxCpLP+2SeRW24wZrjEXTUD0Io=
27,29,7Rt18gaGF0C+S9y7Q8CMatWj1tg=,YaxCpLP+2SeRW24wZrjEXTUD0Io=
26,27,7Rt18gaGF0C+S9y7Q8CMatWj1tg=,YaxCpLP+2SeRW24wZrjEXTUD0Io=
26,26,BrjgNRCoinNQz7zHRCLGujMcZ5s=,YaxCpLP+2SeRW24wZrjEXTUD0Io=
25,24,7qaNKjUAwkWVkXqEkcAKKe5uRbA=,YaxCpLP+2SeRW24wZrjEXTUD0Io=
28,28,7qaNKjUAwkWVkXqEkcAKKe5uRbA=,FPX/4V5qd/zev9JcghgjpMtwStc=
24,24,Yr12QoFR00LzenzrvXKBnVHnUIU=,YaxCpLP+2SeRW24wZrjEXTUD0Io=
25,29,Yr12QoFR00LzenzrvXKBnVHnUIU=,YaxCpLP+2SeRW24wZrjEXTUD0Io=
27,26,Yr12QoFR00LzenzrvXKBnVHnUIU=,YaxCpLP+2SeRW24wZrjEXTUD0Io=
28,27,Yr12QoFR00LzenzrvXKBnVHnUIU=,FPX/4V5qd/zev9JcghgjpMtwStc=
27,27,Yr12QoFR00LzenzrvXKBnVHnUIU=,YaxCpLP+2SeRW24wZrjEXTUD0Io=
22,29,Yr12QoFR00LzenzrvXKBnVHnUIU=,QuMvWgbBioKw+K89p1cXvyw40S4=
24,29,Yr12QoFR00LzenzrvXKBnVHnUIU=,YaxCpLP+2SeRW24wZrjEXTUD0Io=
25,25,Yr12QoFR00LzenzrvXKBnVHnUIU=,YaxCpLP+2SeRW24wZrjEXTUD0Io=
23,29,Yr12QoFR00LzenzrvXKBnVHnUIU=,QuMvWgbBioKw+K89p1cXvyw40S4=
24,23,Yr12QoFR00LzenzrvXKBnVHnUIU=,YaxCpLP+2SeRW24wZrjEXTUD0Io=
22,25,Yr12QoFR00LzenzrvXKBnVHnUIU=,QuMvWgbBioKw+K89p1cXvyw40S4=
28,26,Yr12QoFR00LzenzrvXKBnVHnUIU=,FPX/4V5qd/zev9JcghgjpMtwStc=
24,25,Yr12QoFR00LzenzrvXKBnVHnUIU=,YaxCpLP+2SeRW24wZrjEXTUD0Io=
24,28,Yr12QoFR00LzenzrvXKBnVHnUIU=,YaxCpLP+2SeRW24wZrjEXTUD0Io=
23,27,Yr12QoFR00LzenzrvXKBnVHnUIU=,QuMvWgbBioKw+K89p1cXvyw40S4=
22,23,Yr12QoFR00LzenzrvXKBnVHnUIU=,QuMvWgbBioKw+K89p1cXvyw40S4=
23,24,Yr12QoFR00LzenzrvXKBnVHnUIU=,QuMvWgbBioKw+K89p1cXvyw40S4=
29,29,Yr12QoFR00LzenzrvXKBnVHnUIU=,FPX/4V5qd/zev9JcghgjpMtwStc=
23,23,Yr12QoFR00LzenzrvXKBnVHnUIU=,QuMvWgbBioKw+K89p1cXvyw40S4=
28,29,Yr12QoFR00LzenzrvXKBnVHnUIU=,FPX/4V5qd/zev9JcghgjpMtwStc=
22,22,Yr12QoFR00LzenzrvXKBnVHnUIU=,QuMvWgbBioKw+K89p1cXvyw40S4=
23,22,Yr12QoFR00LzenzrvXKBnVHnUIU=,QuMvWgbBioKw+K89p1cXvyw40S4=
25,28,Yr12QoFR00LzenzrvXKBnVHnUIU=,YaxCpLP+2SeRW24wZrjEXTUD0Io=
29,27,Yr12QoFR00LzenzrvXKBnVHnUIU=,FPX/4V5qd/zev9JcghgjpMtwStc=
22,26,Yr12QoFR00LzenzrvXKBnVHnUIU=,QuMvWgbBioKw+K89p1cXvyw40S4=
23,28,Yr12QoFR00LzenzrvXKBnVHnUIU=,QuMvWgbBioKw+K89p1cXvyw40S4=
24,27,Yr12QoFR00LzenzrvXKBnVHnUIU=,YaxCpLP+2SeRW24wZrjEXTUD0Io=
24,20,Yr12QoFR00LzenzrvXKBnVHnUIU=,YaxCpLP+2SeRW24wZrjEXTUD0Io=
25,26,Yr12QoFR00LzenzrvXKBnVHnUIU=,YaxCpLP+2SeRW24wZrjEXTUD0Io=
23,25,Yr12QoFR00LzenzrvXKBnVHnUIU=,QuMvWgbBioKw+K89p1cXvyw40S4=
22,28,Yr12QoFR00LzenzrvXKBnVHnUIU=,QuMvWgbBioKw+K89p1cXvyw40S4=
23,21,Yr12QoFR00LzenzrvXKBnVHnUIU=,QuMvWgbBioKw+K89p1cXvyw40S4=
25,21,Yr12QoFR00LzenzrvXKBnVHnUIU=,YaxCpLP+2SeRW24wZrjEXTUD0Io=
22,21,Yr12QoFR00LzenzrvXKBnVHnUIU=,QuMvWgbBioKw+K89p1cXvyw40S4=
22,20,Yr12QoFR00LzenzrvXKBnVHnUIU=,QuMvWgbBioKw+K89p1cXvyw40S4=
23,18,Yr12QoFR00LzenzrvXKBnVHnUIU=,QuMvWgbBioKw+K89p1cXvyw40S4=
22,24,Yr12QoFR00LzenzrvXKBnVHnUIU=,QuMvWgbBioKw+K89p1cXvyw40S4=
23,20,Yr12QoFR00LzenzrvXKBnVHnUIU=,QuMvWgbBioKw+K89p1cXvyw40S4=
25,20,Yr12QoFR00LzenzrvXKBnVHnUIU=,YaxCpLP+2SeRW24wZrjEXTUD0Io=
23,19,Yr12QoFR00LzenzrvXKBnVHnUIU=,QuMvWgbBioKw+K89p1cXvyw40S4=
24,21,Yr12QoFR00LzenzrvXKBnVHnUIU=,YaxCpLP+2SeRW24wZrjEXTUD0Io=
25,18,Yr12QoFR00LzenzrvXKBnVHnUIU=,YaxCpLP+2SeRW24wZrjEXTUD0Io=
22,27,Yr12QoFR00LzenzrvXKBnVHnUIU=,QuMvWgbBioKw+K89p1cXvyw40S4=
22,19,Yr12QoFR00LzenzrvXKBnVHnUIU=,QuMvWgbBioKw+K89p1cXvyw40S4=
24,19,Yr12QoFR00LzenzrvXKBnVHnUIU=,YaxCpLP+2SeRW24wZrjEXTUD0Io=
25,19,Yr12QoFR00LzenzrvXKBnVHnUIU=,YaxCpLP+2SeRW24wZrjEXTUD0Io=
22,18,Yr12QoFR00LzenzrvXKBnVHnUIU=,QuMvWgbBioKw+K89p1cXvyw40S4=
24,18,Yr12QoFR00LzenzrvXKBnVHnUIU=,YaxCpLP+2SeRW24wZrjEXTUD0Io=
21,23,Yr12QoFR00LzenzrvXKBnVHnUIU=,QuMvWgbBioKw+K89p1cXvyw40S4=
25,27,Yr12QoFR00LzenzrvXKBnVHnUIU=,YaxCpLP+2SeRW24wZrjEXTUD0Io=
19,23,Yr12QoFR00LzenzrvXKBnVHnUIU=,vcg4UPNMYRfStBH0jIUsfaW5TL4=
20,25,Yr12QoFR00LzenzrvXKBnVHnUIU=,QuMvWgbBioKw+K89p1cXvyw40S4=
20,22,Yr12QoFR00LzenzrvXKBnVHnUIU=,QuMvWgbBioKw+K89p1cXvyw40S4=
18,22,Yr12QoFR00LzenzrvXKBnVHnUIU=,vcg4UPNMYRfStBH0jIUsfaW5TL4=
20,23,Yr12QoFR00LzenzrvXKBnVHnUIU=,QuMvWgbBioKw+K89p1cXvyw40S4=
20,24,Yr12QoFR00LzenzrvXKBnVHnUIU=,QuMvWgbBioKw+K89p1cXvyw40S4=
23,26,Yr12QoFR00LzenzrvXKBnVHnUIU=,QuMvWgbBioKw+K89p1cXvyw40S4=
20,21,Yr12QoFR00LzenzrvXKBnVHnUIU=,QuMvWgbBioKw+K89p1cXvyw40S4=
18,21,Yr12QoFR00LzenzrvXKBnVHnUIU=,vcg4UPNMYRfStBH0jIUsfaW5TL4=
18,23,Yr12QoFR00LzenzrvXKBnVHnUIU=,vcg4UPNMYRfStBH0jIUsfaW5TL4=
19,22,Yr12QoFR00LzenzrvXKBnVHnUIU=,vcg4UPNMYRfStBH0jIUsfaW5TL4=
19,24,Yr12QoFR00LzenzrvXKBnVHnUIU=,vcg4UPNMYRfStBH0jIUsfaW5TL4=
21,22,Yr12QoFR00LzenzrvXKBnVHnUIU=,QuMvWgbBioKw+K89p1cXvyw40S4=
21,21,Yr12QoFR00LzenzrvXKBnVHnUIU=,QuMvWgbBioKw+K89p1cXvyw40S4=
20,19,Yr12QoFR00LzenzrvXKBnVHnUIU=,QuMvWgbBioKw+K89p1cXvyw40S4=
21,20,Yr12QoFR00LzenzrvXKBnVHnUIU=,QuMvWgbBioKw+K89p1cXvyw40S4=
21,24,Yr12QoFR00LzenzrvXKBnVHnUIU=,QuMvWgbBioKw+K89p1cXvyw40S4=
18,24,Yr12QoFR00LzenzrvXKBnVHnUIU=,vcg4UPNMYRfStBH0jIUsfaW5TL4=
18,25,Yr12QoFR00LzenzrvXKBnVHnUIU=,vcg4UPNMYRfStBH0jIUsfaW5TL4=
21,19,Yr12QoFR00LzenzrvXKBnVHnUIU=,QuMvWgbBioKw+K89p1cXvyw40S4=
20,20,Yr12QoFR00LzenzrvXKBnVHnUIU=,QuMvWgbBioKw+K89p1cXvyw40S4=
19,21,Yr12QoFR00LzenzrvXKBnVHnUIU=,vcg4UPNMYRfStBH0jIUsfaW5TL4=
19,20,Yr12QoFR00LzenzrvXKBnVHnUIU=,vcg4UPNMYRfStBH0jIUsfaW5TL4=
19,25,Yr12QoFR00LzenzrvXKBnVHnUIU=,vcg4UPNMYRfStBH0jIUsfaW5TL4=
21,18,Yr12QoFR00LzenzrvXKBnVHnUIU=,QuMvWgbBioKw+K89p1cXvyw40S4=
19,19,Yr12QoFR00LzenzrvXKBnVHnUIU=,vcg4UPNMYRfStBH0jIUsfaW5TL4=
18,18,Yr12QoFR00LzenzrvXKBnVHnUIU=,vcg4UPNMYRfStBH0jIUsfaW5TL4=
19,18,Yr12QoFR00LzenzrvXKBnVHnUIU=,vcg4UPNMYRfStBH0jIUsfaW5TL4=
18,19,Yr12QoFR00LzenzrvXKBnVHnUIU=,vcg4UPNMYRfStBH0jIUsfaW5TL4=
21,25,Yr12QoFR00LzenzrvXKBnVHnUIU=,QuMvWgbBioKw+K89p1cXvyw40S4=
20,18,Yr12QoFR00LzenzrvXKBnVHnUIU=,QuMvWgbBioKw+K89p1cXvyw40S4=
24,26,Yr12QoFR00LzenzrvXKBnVHnUIU=,YaxCpLP+2SeRW24wZrjEXTUD0Io=
16,23,Yr12QoFR00LzenzrvXKBnVHnUIU=,vcg4UPNMYRfStBH0jIUsfaW5TL4=
16,22,Yr12QoFR00LzenzrvXKBnVHnUIU=,vcg4UPNMYRfStBH0jIUsfaW5TL4=
18,20,Yr12QoFR00LzenzrvXKBnVHnUIU=,vcg4UPNMYRfStBH0jIUsfaW5TL4=
17,22,Yr12QoFR00LzenzrvXKBnVHnUIU=,vcg4UPNMYRfStBH0jIUsfaW5TL4=
16,24,Yr12QoFR00LzenzrvXKBnVHnUIU=,vcg4UPNMYRfStBH0jIUsfaW5TL4=
17,25,Yr12QoFR00LzenzrvXKBnVHnUIU=,vcg4UPNMYRfStBH0jIUsfaW5TL4=
17,23,Yr12QoFR00LzenzrvXKBnVHnUIU=,vcg4UPNMYRfStBH0jIUsfaW5TL4=
16,25,Yr12QoFR00LzenzrvXKBnVHnUIU=,vcg4UPNMYRfStBH0jIUsfaW5TL4=
19,26,Yr12QoFR00LzenzrvXKBnVHnUIU=,vcg4UPNMYRfStBH0jIUsfaW5TL4=
17,24,Yr12QoFR00LzenzrvXKBnVHnUIU=,vcg4UPNMYRfStBH0jIUsfaW5TL4=
18,26,Yr12QoFR00LzenzrvXKBnVHnUIU=,vcg4UPNMYRfStBH0jIUsfaW5TL4=
19,27,Yr12QoFR00LzenzrvXKBnVHnUIU=,vcg4UPNMYRfStBH0jIUsfaW5TL4=
20,29,Yr12QoFR00LzenzrvXKBnVHnUIU=,QuMvWgbBioKw+K89p1cXvyw40S4=
23,16,Yr12QoFR00LzenzrvXKBnVHnUIU=,QuMvWgbBioKw+K89p1cXvyw40S4=
18,27,Yr12QoFR00LzenzrvXKBnVHnUIU=,vcg4UPNMYRfStBH0jIUsfaW5TL4=
17,28,Yr12QoFR00LzenzrvXKBnVHnUIU=,vcg4UPNMYRfStBH0jIUsfaW5TL4=
21,16,Yr12QoFR00LzenzrvXKBnVHnUIU=,QuMvWgbBioKw+K89p1cXvyw40S4=
17,29,Yr12QoFR00LzenzrvXKBnVHnUIU=,vcg4UPNMYRfStBH0jIUsfaW5TL4=
16,26,Yr12QoFR00LzenzrvXKBnVHnUIU=,vcg4UPNMYRfStBH0jIUsfaW5TL4=
16,27,Yr12QoFR00LzenzrvXKBnVHnUIU=,vcg4UPNMYRfStBH0jIUsfaW5TL4=
20,28,Yr12QoFR00LzenzrvXKBnVHnUIU=,QuMvWgbBioKw+K89p1cXvyw40S4=
21,29,Yr12QoFR00LzenzrvXKBnVHnUIU=,QuMvWgbBioKw+K89p1cXvyw40S4=
22,16,Yr12QoFR00LzenzrvXKBnVHnUIU=,QuMvWgbBioKw+K89p1cXvyw40S4=
21,17,Yr12QoFR00LzenzrvXKBnVHnUIU=,QuMvWgbBioKw+K89p1cXvyw40S4=
18,17,Yr12QoFR00LzenzrvXKBnVHnUIU=,vcg4UPNMYRfStBH0jIUsfaW5TL4=
20,16,Yr12QoFR00LzenzrvXKBnVHnUIU=,QuMvWgbBioKw+K89p1cXvyw40S4=
22,17,Yr12QoFR00LzenzrvXKBnVHnUIU=,QuMvWgbBioKw+K89p1cXvyw40S4=
29,16,Yr12QoFR00LzenzrvXKBnVHnUIU=,FPX/4V5qd/zev9JcghgjpMtwStc=
20,17,Yr12QoFR00LzenzrvXKBnVHnUIU=,QuMvWgbBioKw+K89p1cXvyw40S4=
17,27,Yr12QoFR00LzenzrvXKBnVHnUIU=,vcg4UPNMYRfStBH0jIUsfaW5TL4=
16,28,Yr12QoFR00LzenzrvXKBnVHnUIU=,vcg4UPNMYRfStBH0jIUsfaW5TL4=
23,17,Yr12QoFR00LzenzrvXKBnVHnUIU=,QuMvWgbBioKw+K89p1cXvyw40S4=
16,29,Yr12QoFR00LzenzrvXKBnVHnUIU=,vcg4UPNMYRfStBH0jIUsfaW5TL4=
17,26,Yr12QoFR00LzenzrvXKBnVHnUIU=,vcg4UPNMYRfStBH0jIUsfaW5TL4=
21,26,Yr12QoFR00LzenzrvXKBnVHnUIU=,QuMvWgbBioKw+K89p1cXvyw40S4=
26,17,Yr12QoFR00LzenzrvXKBnVHnUIU=,YaxCpLP+2SeRW24wZrjEXTUD0Io=
19,16,Yr12QoFR00LzenzrvXKBnVHnUIU=,vcg4UPNMYRfStBH0jIUsfaW5TL4=
27,16,Yr12QoFR00LzenzrvXKBnVHnUIU=,YaxCpLP+2SeRW24wZrjEXTUD0Io=
18,16,Yr12QoFR00LzenzrvXKBnVHnUIU=,vcg4UPNMYRfStBH0jIUsfaW5TL4=
21,28,Yr12QoFR00LzenzrvXKBnVHnUIU=,QuMvWgbBioKw+K89p1cXvyw40S4=
25,17,Yr12QoFR00LzenzrvXKBnVHnUIU=,YaxCpLP+2SeRW24wZrjEXTUD0Io=
21,27,Yr12QoFR00LzenzrvXKBnVHnUIU=,QuMvWgbBioKw+K89p1cXvyw40S4=
28,17,Yr12QoFR00LzenzrvXKBnVHnUIU=,FPX/4V5qd/zev9JcghgjpMtwStc=
20,27,Yr12QoFR00LzenzrvXKBnVHnUIU=,QuMvWgbBioKw+K89p1cXvyw40S4=
26,16,Yr12QoFR00LzenzrvXKBnVHnUIU=,YaxCpLP+2SeRW24wZrjEXTUD0Io=
24,17,Yr12QoFR00LzenzrvXKBnVHnUIU=,YaxCpLP+2SeRW24wZrjEXTUD0Io=
28,16,Yr12QoFR00LzenzrvXKBnVHnUIU=,FPX/4V5qd/zev9JcghgjpMtwStc=
24,16,Yr12QoFR00LzenzrvXKBnVHnUIU=,YaxCpLP+2SeRW24wZrjEXTUD0Io=
27,17,Yr12QoFR00LzenzrvXKBnVHnUIU=,YaxCpLP+2SeRW24wZrjEXTUD0Io=
19,28,Yr12QoFR00LzenzrvXKBnVHnUIU=,vcg4UPNMYRfStBH0jIUsfaW5TL4=
19,17,Yr12QoFR00LzenzrvXKBnVHnUIU=,vcg4UPNMYRfStBH0jIUsfaW5TL4=
20,26,Yr12QoFR00LzenzrvXKBnVHnUIU=,QuMvWgbBioKw+K89p1cXvyw40S4=
18,29,Yr12QoFR00LzenzrvXKBnVHnUIU=,vcg4UPNMYRfStBH0jIUsfaW5TL4=
25,16,Yr12QoFR00LzenzrvXKBnVHnUIU=,YaxCpLP+2SeRW24wZrjEXTUD0Io=
27,31,Yr12QoFR00LzenzrvXKBnVHnUIU=,YaxCpLP+2SeRW24wZrjEXTUD0Io=
29,17,Yr12QoFR00LzenzrvXKBnVHnUIU=,FPX/4V5qd/zev9JcghgjpMtwStc=
29,31,Yr12QoFR00LzenzrvXKBnVHnUIU=,FPX/4V5qd/zev9JcghgjpMtwStc=
25,30,Yr12QoFR00LzenzrvXKBnVHnUIU=,YaxCpLP+2SeRW24wZrjEXTUD0Io=
23,31,Yr12QoFR00LzenzrvXKBnVHnUIU=,QuMvWgbBioKw+K89p1cXvyw40S4=
18,28,Yr12QoFR00LzenzrvXKBnVHnUIU=,vcg4UPNMYRfStBH0jIUsfaW5TL4=
23,30,Yr12QoFR00LzenzrvXKBnVHnUIU=,QuMvWgbBioKw+K89p1cXvyw40S4=
19,31,Yr12QoFR00LzenzrvXKBnVHnUIU=,vcg4UPNMYRfStBH0jIUsfaW5TL4=
25,31,Yr12QoFR00LzenzrvXKBnVHnUIU=,YaxCpLP+2SeRW24wZrjEXTUD0Io=
29,30,Yr12QoFR00LzenzrvXKBnVHnUIU=,FPX/4V5qd/zev9JcghgjpMtwStc=
26,30,Yr12QoFR00LzenzrvXKBnVHnUIU=,YaxCpLP+2SeRW24wZrjEXTUD0Io=
28,30,Yr12QoFR00LzenzrvXKBnVHnUIU=,FPX/4V5qd/zev9JcghgjpMtwStc=
21,31,Yr12QoFR00LzenzrvXKBnVHnUIU=,QuMvWgbBioKw+K89p1cXvyw40S4=
30,30,Yr12QoFR00LzenzrvXKBnVHnUIU=,FPX/4V5qd/zev9JcghgjpMtwStc=
31,26,Yr12QoFR00LzenzrvXKBnVHnUIU=,FPX/4V5qd/zev9JcghgjpMtwStc=
20,31,Yr12QoFR00LzenzrvXKBnVHnUIU=,QuMvWgbBioKw+K89p1cXvyw40S4=
31,24,Yr12QoFR00LzenzrvXKBnVHnUIU=,FPX/4V5qd/zev9JcghgjpMtwStc=
22,30,Yr12QoFR00LzenzrvXKBnVHnUIU=,QuMvWgbBioKw+K89p1cXvyw40S4=
16,19,Yr12QoFR00LzenzrvXKBnVHnUIU=,vcg4UPNMYRfStBH0jIUsfaW5TL4=
17,21,Yr12QoFR00LzenzrvXKBnVHnUIU=,vcg4UPNMYRfStBH0jIUsfaW5TL4=
24,30,Yr12QoFR00LzenzrvXKBnVHnUIU=,YaxCpLP+2SeRW24wZrjEXTUD0Io=
16,20,Yr12QoFR00LzenzrvXKBnVHnUIU=,vcg4UPNMYRfStBH0jIUsfaW5TL4=
26,31,Yr12QoFR00LzenzrvXKBnVHnUIU=,YaxCpLP+2SeRW24wZrjEXTUD0Io=
22,31,Yr12QoFR00LzenzrvXKBnVHnUIU=,QuMvWgbBioKw+K89p1cXvyw40S4=
21,30,Yr12QoFR00LzenzrvXKBnVHnUIU=,QuMvWgbBioKw+K89p1cXvyw40S4=
31,30,Yr12QoFR00LzenzrvXKBnVHnUIU=,FPX/4V5qd/zev9JcghgjpMtwStc=
16,16,Yr12QoFR00LzenzrvXKBnVHnUIU=,vcg4UPNMYRfStBH0jIUsfaW5TL4=
17,20,Yr12QoFR00LzenzrvXKBnVHnUIU=,vcg4UPNMYRfStBH0jIUsfaW5TL4=
27,30,Yr12QoFR00LzenzrvXKBnVHnUIU=,YaxCpLP+2SeRW24wZrjEXTUD0Io=
19,29,Yr12QoFR00LzenzrvXKBnVHnUIU=,vcg4UPNMYRfStBH0jIUsfaW5TL4=
31,20,Yr12QoFR00LzenzrvXKBnVHnUIU=,FPX/4V5qd/zev9JcghgjpMtwStc=
31,21,Yr12QoFR00LzenzrvXKBnVHnUIU=,FPX/4V5qd/zev9JcghgjpMtwStc=
17,16,Yr12QoFR00LzenzrvXKBnVHnUIU=,vcg4UPNMYRfStBH0jIUsfaW5TL4=
30,16,Yr12QoFR00LzenzrvXKBnVHnUIU=,FPX/4V5qd/zev9JcghgjpMtwStc=
30,17,Yr12QoFR00LzenzrvXKBnVHnUIU=,FPX/4V5qd/zev9JcghgjpMtwStc=
17,18,Yr12QoFR00LzenzrvXKBnVHnUIU=,vcg4UPNMYRfStBH0jIUsfaW5TL4=
16,18,Yr12QoFR00LzenzrvXKBnVHnUIU=,vcg4UPNMYRfStBH0jIUsfaW5TL4=
18,30,Yr12QoFR00LzenzrvXKBnVHnUIU=,vcg4UPNMYRfStBH0jIUsfaW5TL4=
30,31,Yr12QoFR00LzenzrvXKBnVHnUIU=,FPX/4V5qd/zev9JcghgjpMtwStc=
16,30,Yr12QoFR00LzenzrvXKBnVHnUIU=,vcg4UPNMYRfStBH0jIUsfaW5TL4=
31,31,Yr12QoFR00LzenzrvXKBnVHnUIU=,FPX/4V5qd/zev9JcghgjpMtwStc=
30,22,Yr12QoFR00LzenzrvXKBnVHnUIU=,FPX/4V5qd/zev9JcghgjpMtwStc=
19,30,Yr12QoFR00LzenzrvXKBnVHnUIU=,vcg4UPNMYRfStBH0jIUsfaW5TL4=
30,21,Yr12QoFR00LzenzrvXKBnVHnUIU=,FPX/4V5qd/zev9JcghgjpMtwStc=
16,17,Yr12QoFR00LzenzrvXKBnVHnUIU=,vcg4UPNMYRfStBH0jIUsfaW5TL4=
28,31,Yr12QoFR00LzenzrvXKBnVHnUIU=,FPX/4V5qd/zev9JcghgjpMtwStc=
17,19,Yr12QoFR00LzenzrvXKBnVHnUIU=,vcg4UPNMYRfStBH0jIUsfaW5TL4=
30,23,Yr12QoFR00LzenzrvXKBnVHnUIU=,FPX/4V5qd/zev9JcghgjpMtwStc=
30,20,Yr12QoFR00LzenzrvXKBnVHnUIU=,FPX/4V5qd/zev9JcghgjpMtwStc=
31,25,Yr12QoFR00LzenzrvXKBnVHnUIU=,FPX/4V5qd/zev9JcghgjpMtwStc=
16,21,Yr12QoFR00LzenzrvXKBnVHnUIU=,vcg4UPNMYRfStBH0jIUsfaW5TL4=
31,19,Yr12QoFR00LzenzrvXKBnVHnUIU=,FPX/4V5qd/zev9JcghgjpMtwStc=
31,17,Yr12QoFR00LzenzrvXKBnVHnUIU=,FPX/4V5qd/zev9JcghgjpMtwStc=
17,17,Yr12QoFR00LzenzrvXKBnVHnUIU=,vcg4UPNMYRfStBH0jIUsfaW5TL4=
17,31,Yr12QoFR00LzenzrvXKBnVHnUIU=,vcg4UPNMYRfStBH0jIUsfaW5TL4=
31,23,Yr12QoFR00LzenzrvXKBnVHnUIU=,FPX/4V5qd/zev9JcghgjpMtwStc=
31,22,Yr12QoFR00LzenzrvXKBnVHnUIU=,FPX/4V5qd/zev9JcghgjpMtwStc=
31,16,Yr12QoFR00LzenzrvXKBnVHnUIU=,FPX/4V5qd/zev9JcghgjpMtwStc=
30,24,Yr12QoFR00LzenzrvXKBnVHnUIU=,FPX/4V5qd/zev9JcghgjpMtwStc=
31,29,Yr12QoFR00LzenzrvXKBnVHnUIU=,FPX/4V5qd/zev9JcghgjpMtwStc=
16,31,Yr12QoFR00LzenzrvXKBnVHnUIU=,vcg4UPNMYRfStBH0jIUsfaW5TL4=
20,30,Yr12QoFR00LzenzrvXKBnVHnUIU=,QuMvWgbBioKw+K89p1cXvyw40S4=
30,18,Yr12QoFR00LzenzrvXKBnVHnUIU=,FPX/4V5qd/zev9JcghgjpMtwStc=
17,30,Yr12QoFR00LzenzrvXKBnVHnUIU=,vcg4UPNMYRfStBH0jIUsfaW5TL4=
30,19,Yr12QoFR00LzenzrvXKBnVHnUIU=,FPX/4V5qd/zev9JcghgjpMtwStc=
18,31,Yr12QoFR00LzenzrvXKBnVHnUIU=,vcg4UPNMYRfStBH0jIUsfaW5TL4=
31,18,Yr12QoFR00LzenzrvXKBnVHnUIU=,FPX/4V5qd/zev9JcghgjpMtwStc=
31,27,Yr12QoFR00LzenzrvXKBnVHnUIU=,FPX/4V5qd/zev9JcghgjpMtwStc=
24,31,Yr12QoFR00LzenzrvXKBnVHnUIU=,YaxCpLP+2SeRW24wZrjEXTUD0Io=
31,28,Yr12QoFR00LzenzrvXKBnVHnUIU=,FPX/4V5qd/zev9JcghgjpMtwStc=
30,25,Yr12QoFR00LzenzrvXKBnVHnUIU=,FPX/4V5qd/zev9JcghgjpMtwStc=
30,27,Yr12QoFR00LzenzrvXKBnVHnUIU=,FPX/4V5qd/zev9JcghgjpMtwStc=
30,29,Yr12QoFR00LzenzrvXKBnVHnUIU=,FPX/4V5qd/zev9JcghgjpMtwStc=
30,26,Yr12QoFR00LzenzrvXKBnVHnUIU=,FPX/4V5qd/zev9JcghgjpMtwStc=
30,28,Yr12QoFR00LzenzrvXKBnVHnUIU=,FPX/4V5qd/zev9JcghgjpMtwStc=
28,3,LdNbDlI3Ka59pCYLe7L9mVNelHM=,jsAoGVf8lQpVRm9j+BeS3GcFn2U=
29,2,LdNbDlI3Ka59pCYLe7L9mVNelHM=,jsAoGVf8lQpVRm9j+BeS3GcFn2U=
29,5,LdNbDlI3Ka59pCYLe7L9mVNelHM=,lem5dndLCmrum1gVyFeEGDfu/Qk=
29,4,LdNbDlI3Ka59pCYLe7L9mVNelHM=,lem5dndLCmrum1gVyFeEGDfu/Qk=
27,4,ESSJMukxk5Y+46kpmoN4dOEV4Gs=,y79UeGzyE61S92gjz+UMhTGDhow=
29,3,ESSJMukxk5Y+46kpmoN4dOEV4Gs=,jsAoGVf8lQpVRm9j+BeS3GcFn2U=
28,2,ESSJMukxk5Y+46kpmoN4dOEV4Gs=,jsAoGVf8lQpVRm9j+BeS3GcFn2U=
27,2,ESSJMukxk5Y+46kpmoN4dOEV4Gs=,y79UeGzyE61S92gjz+UMhTGDhow=
26,4,TdRIfN/yzDuWmlja1NwAyLvsdsE=,y79UeGzyE61S92gjz+UMhTGDhow=
27,3,TdRIfN/yzDuWmlja1NwAyLvsdsE=,y79UeGzyE61S92gjz+UMhTGDhow=
27,5,TdRIfN/yzDuWmlja1NwAyLvsdsE=,y79UeGzyE61S92gjz+UMhTGDhow=
26,5,TdRIfN/yzDuWmlja1NwAyLvsdsE=,y79UeGzyE61S92gjz+UMhTGDhow=
28,5,TdRIfN/yzDuWmlja1NwAyLvsdsE=,lem5dndLCmrum1gVyFeEGDfu/Qk=
26,2,TdRIfN/yzDuWmlja1NwAyLvsdsE=,y79UeGzyE61S92gjz+UMhTGDhow=
26,3,TdRIfN/yzDuWmlja1NwAyLvsdsE=,y79UeGzyE61S92gjz+UMhTGDhow=
28,4,Wzv+Vw4arbbTmwnzYEPonk7xvsQ=,lem5dndLCmrum1gVyFeEGDfu/Qk=
22,3,Wzv+Vw4arbbTmwnzYEPonk7xvsQ=,W2zD/digrA0wt25iL9YQot0C8Pk=
22,4,Wzv+Vw4arbbTmwnzYEPonk7xvsQ=,W2zD/digrA0wt25iL9YQot0C8Pk=
24,2,Wzv+Vw4arbbTmwnzYEPonk7xvsQ=,y79UeGzyE61S92gjz+UMhTGDhow=
24,5,tnsZVXoLLJfAi44HQ+7WoN6H2VQ=,y79UeGzyE61S92gjz+UMhTGDhow=
25,5,tnsZVXoLLJfAi44HQ+7WoN6H2VQ=,y79UeGzyE61S92gjz+UMhTGDhow=
22,2,tnsZVXoLLJfAi44HQ+7WoN6H2VQ=,W2zD/digrA0wt25iL9YQot0C8Pk=
23,4,tnsZVXoLLJfAi44HQ+7WoN6H2VQ=,W2zD/digrA0wt25iL9YQot0C8Pk=
23,2,tnsZVXoLLJfAi44HQ+7WoN6H2VQ=,W2zD/digrA0wt25iL9YQot0C8Pk=
25,2,tnsZVXoLLJfAi44HQ+7WoN6H2VQ=,y79UeGzyE61S92gjz+UMhTGDhow=
25,4,tnsZVXoLLJfAi44HQ+7WoN6H2VQ=,y79UeGzyE61S92gjz+UMhTGDhow=
25,3,tnsZVXoLLJfAi44HQ+7WoN6H2VQ=,y79UeGzyE61S92gjz+UMhTGDhow=
24,3,tnsZVXoLLJfAi44HQ+7WoN6H2VQ=,y79UeGzyE61S92gjz+UMhTGDhow=
23,5,tnsZVXoLLJfAi44HQ+7WoN6H2VQ=,W2zD/digrA0wt25iL9YQot0C8Pk=
23,3,tnsZVXoLLJfAi44HQ+7WoN6H2VQ=,W2zD/digrA0wt25iL9YQot0C8Pk=
24,4,kOaMSqXRS6+kXoFyQpccm+2O1Og=,y79UeGzyE61S92gjz+UMhTGDhow=
22,5,kOaMSqXRS6+kXoFyQpccm+2O1Og=,W2zD/digrA0wt25iL9YQot0C8Pk=
18,5,kOaMSqXRS6+kXoFyQpccm+2O1Og=,zQmWqT41yTadyQpfx+cV8cDhhZo=
19,3,kOaMSqXRS6+kXoFyQpccm+2O1Og=,zQmWqT41yTadyQpfx+cV8cDhhZo=
20,3,kOaMSqXRS6+kXoFyQpccm+2O1Og=,W2zD/digrA0wt25iL9YQot0C8Pk=
21,2,kOaMSqXRS6+kXoFyQpccm+2O1Og=,W2zD/digrA0wt25iL9YQot0C8Pk=
19,4,kOaMSqXRS6+kXoFyQpccm+2O1Og=,zQmWqT41yTadyQpfx+cV8cDhhZo=
20,5,kOaMSqXRS6+kXoFyQpccm+2O1Og=,W2zD/digrA0wt25iL9YQot0C8Pk=
21,5,kOaMSqXRS6+kXoFyQpccm+2O1Og=,W2zD/digrA0wt25iL9YQot0C8Pk=
18,3,kOaMSqXRS6+kXoFyQpccm+2O1Og=,zQmWqT41yTadyQpfx+cV8cDhhZo=
19,2,kOaMSqXRS6+kXoFyQpccm+2O1Og=,zQmWqT41yTadyQpfx+cV8cDhhZo=
18,2,BtJ4wtrYiEo6+tWGzuBbrsDtbvs=,zQmWqT41yTadyQpfx+cV8cDhhZo=
18,4,BtJ4wtrYiEo6+tWGzuBbrsDtbvs=,zQmWqT41yTadyQpfx+cV8cDhhZo=
19,5,BtJ4wtrYiEo6+tWGzuBbrsDtbvs=,zQmWqT41yTadyQpfx+cV8cDhhZo=
21,3,BtJ4wtrYiEo6+tWGzuBbrsDtbvs=,W2zD/digrA0wt25iL9YQot0C8Pk=
20,4,BtJ4wtrYiEo6+tWGzuBbrsDtbvs=,W2zD/digrA0wt25iL9YQot0C8Pk=
21,4,BtJ4wtrYiEo6+tWGzuBbrsDtbvs=,W2zD/digrA0wt25iL9YQot0C8Pk=
20,2,k63WU6eyIsrFQONUJvcgF3O9/OY=,W2zD/digrA0wt25iL9YQot0C8Pk=
21,6,k63WU6eyIsrFQONUJvcgF3O9/OY=,W2zD/digrA0wt25iL9YQot0C8Pk=
18,7,k63WU6eyIsrFQONUJvcgF3O9/OY=,zQmWqT41yTadyQpfx+cV8cDhhZo=
19,8,k63WU6eyIsrFQONUJvcgF3O9/OY=,vcg4UPNMYRfStBH0jIUsfaW5TL4=
21,7,k63WU6eyIsrFQONUJvcgF3O9/OY=,W2zD/digrA0wt25iL9YQot0C8Pk=
21,9,k63WU6eyIsrFQONUJvcgF3O9/OY=,QuMvWgbBioKw+K89p1cXvyw40S4=
18,9,k63WU6eyIsrFQONUJvcgF3O9/OY=,vcg4UPNMYRfStBH0jIUsfaW5TL4=
20,6,k63WU6eyIsrFQONUJvcgF3O9/OY=,W2zD/digrA0wt25iL9YQot0C8Pk=
20,8,k63WU6eyIsrFQONUJvcgF3O9/OY=,QuMvWgbBioKw+K89p1cXvyw40S4=
18,8,k63WU6eyIsrFQONUJvcgF3O9/OY=,vcg4UPNMYRfStBH0jIUsfaW5TL4=
21,8,k63WU6eyIsrFQONUJvcgF3O9/OY=,QuMvWgbBioKw+K89p1cXvyw40S4=
20,7,k63WU6eyIsrFQONUJvcgF3O9/OY=,W2zD/digrA0wt25iL9YQot0C8Pk=
19,9,k63WU6eyIsrFQONUJvcgF3O9/OY=,vcg4UPNMYRfStBH0jIUsfaW5TL4=
19,6,k63WU6eyIsrFQONUJvcgF3O9/OY=,zQmWqT41yTadyQpfx+cV8cDhhZo=
18,6,k63WU6eyIsrFQONUJvcgF3O9/OY=,zQmWqT41yTadyQpfx+cV8cDhhZo=
19,7,k63WU6eyIsrFQONUJvcgF3O9/OY=,zQmWqT41yTadyQpfx+cV8cDhhZo=
20,9,k63WU6eyIsrFQONUJvcgF3O9/OY=,QuMvWgbBioKw+K89p1cXvyw40S4=
20,11,k63WU6eyIsrFQONUJvcgF3O9/OY=,QuMvWgbBioKw+K89p1cXvyw40S4=
19,13,k63WU6eyIsrFQONUJvcgF3O9/OY=,vcg4UPNMYRfStBH0jIUsfaW5TL4=
21,10,k63WU6eyIsrFQONUJvcgF3O9/OY=,QuMvWgbBioKw+K89p1cXvyw40S4=
19,10,k63WU6eyIsrFQONUJvcgF3O9/OY=,vcg4UPNMYRfStBH0jIUsfaW5TL4=
20,13,k63WU6eyIsrFQONUJvcgF3O9/OY=,QuMvWgbBioKw+K89p1cXvyw40S4=
20,10,k63WU6eyIsrFQONUJvcgF3O9/OY=,QuMvWgbBioKw+K89p1cXvyw40S4=
18,13,k63WU6eyIsrFQONUJvcgF3O9/OY=,vcg4UPNMYRfStBH0jIUsfaW5TL4=
21,13,k63WU6eyIsrFQONUJvcgF3O9/OY=,QuMvWgbBioKw+K89p1cXvyw40S4=
21,11,k63WU6eyIsrFQONUJvcgF3O9/OY=,QuMvWgbBioKw+K89p1cXvyw40S4=
20,12,k63WU6eyIsrFQONUJvcgF3O9/OY=,QuMvWgbBioKw+K89p1cXvyw40S4=
18,12,k63WU6eyIsrFQONUJvcgF3O9/OY=,vcg4UPNMYRfStBH0jIUsfaW5TL4=
21,12,k63WU6eyIsrFQONUJvcgF3O9/OY=,QuMvWgbBioKw+K89p1cXvyw40S4=
18,10,k63WU6eyIsrFQONUJvcgF3O9/OY=,vcg4UPNMYRfStBH0jIUsfaW5TL4=
19,11,k63WU6eyIsrFQONUJvcgF3O9/OY=,vcg4UPNMYRfStBH0jIUsfaW5TL4=
19,12,k63WU6eyIsrFQONUJvcgF3O9/OY=,vcg4UPNMYRfStBH0jIUsfaW5TL4=
18,11,k63WU6eyIsrFQONUJvcgF3O9/OY=,vcg4UPNMYRfStBH0jIUsfaW5TL4=
22,9,k63WU6eyIsrFQONUJvcgF3O9/OY=,QuMvWgbBioKw+K89p1cXvyw40S4=
24,9,k63WU6eyIsrFQONUJvcgF3O9/OY=,9ApkksPRoWRa/xDhJIL/gAY/Xos=
22,6,k63WU6eyIsrFQONUJvcgF3O9/OY=,W2zD/digrA0wt25iL9YQot0C8Pk=
24,8,k63WU6eyIsrFQONUJvcgF3O9/OY=,9ApkksPRoWRa/xDhJIL/gAY/Xos=
25,6,k63WU6eyIsrFQONUJvcgF3O9/OY=,y79UeGzyE61S92gjz+UMhTGDhow=
23,8,k63WU6eyIsrFQONUJvcgF3O9/OY=,QuMvWgbBioKw+K89p1cXvyw40S4=
25,7,k63WU6eyIsrFQONUJvcgF3O9/OY=,y79UeGzyE61S92gjz+UMhTGDhow=
24,6,k63WU6eyIsrFQONUJvcgF3O9/OY=,y79UeGzyE61S92gjz+UMhTGDhow=
22,12,k63WU6eyIsrFQONUJvcgF3O9/OY=,QuMvWgbBioKw+K89p1cXvyw40S4=
22,7,k63WU6eyIsrFQONUJvcgF3O9/OY=,W2zD/digrA0wt25iL9YQot0C8Pk=
22,11,k63WU6eyIsrFQONUJvcgF3O9/OY=,QuMvWgbBioKw+K89p1cXvyw40S4=
23,13,k63WU6eyIsrFQONUJvcgF3O9/OY=,QuMvWgbBioKw+K89p1cXvyw40S4=
23,6,k63WU6eyIsrFQONUJvcgF3O9/OY=,W2zD/digrA0wt25iL9YQot0C8Pk=
25,9,k63WU6eyIsrFQONUJvcgF3O9/OY=,9ApkksPRoWRa/xDhJIL/gAY/Xos=
25,13,k63WU6eyIsrFQONUJvcgF3O9/OY=,9ApkksPRoWRa/xDhJIL/gAY/Xos=
23,12,k63WU6eyIsrFQONUJvcgF3O9/OY=,QuMvWgbBioKw+K89p1cXvyw40S4=
22,10,k63WU6eyIsrFQONUJvcgF3O9/OY=,QuMvWgbBioKw+K89p1cXvyw40S4=
24,13,k63WU6eyIsrFQONUJvcgF3O9/OY=,9ApkksPRoWRa/xDhJIL/gAY/Xos=
23,7,k63WU6eyIsrFQONUJvcgF3O9/OY=,W2zD/digrA0wt25iL9YQot0C8Pk=
23,9,k63WU6eyIsrFQONUJvcgF3O9/OY=,QuMvWgbBioKw+K89p1cXvyw40S4=
25,11,k63WU6eyIsrFQONUJvcgF3O9/OY=,9ApkksPRoWRa/xDhJIL/gAY/Xos=
25,10,k63WU6eyIsrFQONUJvcgF3O9/OY=,9ApkksPRoWRa/xDhJIL/gAY/Xos=
24,12,k63WU6eyIsrFQONUJvcgF3O9/OY=,9ApkksPRoWRa/xDhJIL/gAY/Xos=
22,8,k63WU6eyIsrFQONUJvcgF3O9/OY=,QuMvWgbBioKw+K89p1cXvyw40S4=
25,8,k63WU6eyIsrFQONUJvcgF3O9/OY=,9ApkksPRoWRa/xDhJIL/gAY/Xos=
24,7,k63WU6eyIsrFQONUJvcgF3O9/OY=,y79UeGzyE61S92gjz+UMhTGDhow=
25,12,k63WU6eyIsrFQONUJvcgF3O9/OY=,9ApkksPRoWRa/xDhJIL/gAY/Xos=
22,13,k63WU6eyIsrFQONUJvcgF3O9/OY=,QuMvWgbBioKw+K89p1cXvyw40S4=
23,10,k63WU6eyIsrFQONUJvcgF3O9/OY=,QuMvWgbBioKw+K89p1cXvyw40S4=
23,11,k63WU6eyIsrFQONUJvcgF3O9/OY=,QuMvWgbBioKw+K89p1cXvyw40S4=
24,11,k63WU6eyIsrFQONUJvcgF3O9/OY=,9ApkksPRoWRa/xDhJIL/gAY/Xos=
24,10,k63WU6eyIsrFQONUJvcgF3O9/OY=,9ApkksPRoWRa/xDhJIL/gAY/Xos=
26,8,k63WU6eyIsrFQONUJvcgF3O9/OY=,9ApkksPRoWRa/xDhJIL/gAY/Xos=
27,6,k63WU6eyIsrFQONUJvcgF3O9/OY=,y79UeGzyE61S92gjz+UMhTGDhow=
29,7,k63WU6eyIsrFQONUJvcgF3O9/OY=,lem5dndLCmrum1gVyFeEGDfu/Qk=
26,7,k63WU6eyIsrFQONUJvcgF3O9/OY=,y79UeGzyE61S92gjz+UMhTGDhow=
28,7,k63WU6eyIsrFQONUJvcgF3O9/OY=,lem5dndLCmrum1gVyFeEGDfu/Qk=
27,9,k63WU6eyIsrFQONUJvcgF3O9/OY=,9ApkksPRoWRa/xDhJIL/gAY/Xos=
28,6,k63WU6eyIsrFQONUJvcgF3O9/OY=,lem5dndLCmrum1gVyFeEGDfu/Qk=
28,9,k63WU6eyIsrFQONUJvcgF3O9/OY=,1AhrWAGN+8N0Dono0vzd8CGhMlA=
27,10,k63WU6eyIsrFQONUJvcgF3O9/OY=,9ApkksPRoWRa/xDhJIL/gAY/Xos=
28,8,k63WU6eyIsrFQONUJvcgF3O9/OY=,1AhrWAGN+8N0Dono0vzd8CGhMlA=
29,9,k63WU6eyIsrFQONUJvcgF3O9/OY=,1AhrWAGN+8N0Dono0vzd8CGhMlA=
27,7,k63WU6eyIsrFQONUJvcgF3O9/OY=,y79UeGzyE61S92gjz+UMhTGDhow=
26,9,k63WU6eyIsrFQONUJvcgF3O9/OY=,9ApkksPRoWRa/xDhJIL/gAY/Xos=
27,11,k63WU6eyIsrFQONUJvcgF3O9/OY=,9ApkksPRoWRa/xDhJIL/gAY/Xos=
26,6,k63WU6eyIsrFQONUJvcgF3O9/OY=,y79UeGzyE61S92gjz+UMhTGDhow=
29,6,k63WU6eyIsrFQONUJvcgF3O9/OY=,lem5dndLCmrum1gVyFeEGDfu/Qk=
29,10,k63WU6eyIsrFQONUJvcgF3O9/OY=,1AhrWAGN+8N0Dono0vzd8CGhMlA=
27,8,k63WU6eyIsrFQONUJvcgF3O9/OY=,9ApkksPRoWRa/xDhJIL/gAY/Xos=
28,11,k63WU6eyIsrFQONUJvcgF3O9/OY=,1AhrWAGN+8N0Dono0vzd8CGhMlA=
26,11,k63WU6eyIsrFQONUJvcgF3O9/OY=,9ApkksPRoWRa/xDhJIL/gAY/Xos=
29,8,k63WU6eyIsrFQONUJvcgF3O9/OY=,1AhrWAGN+8N0Dono0vzd8CGhMlA=
28,13,k63WU6eyIsrFQONUJvcgF3O9/OY=,FPX/4V5qd/zev9JcghgjpMtwStc=
26,13,k63WU6eyIsrFQONUJvcgF3O9/OY=,9ApkksPRoWRa/xDhJIL/gAY/Xos=
29,13,k63WU6eyIsrFQONUJvcgF3O9/OY=,FPX/4V5qd/zev9JcghgjpMtwStc=
27,14,k63WU6eyIsrFQONUJvcgF3O9/OY=,9ApkksPRoWRa/xDhJIL/gAY/Xos=
26,14,k63WU6eyIsrFQONUJvcgF3O9/OY=,9ApkksPRoWRa/xDhJIL/gAY/Xos=
29,11,k63WU6eyIsrFQONUJvcgF3O9/OY=,1AhrWAGN+8N0Dono0vzd8CGhMlA=
29,12,k63WU6eyIsrFQONUJvcgF3O9/OY=,FPX/4V5qd/zev9JcghgjpMtwStc=
28,12,k63WU6eyIsrFQONUJvcgF3O9/OY=,FPX/4V5qd/zev9JcghgjpMtwStc=
31,11,k63WU6eyIsrFQONUJvcgF3O9/OY=,1AhrWAGN+8N0Dono0vzd8CGhMlA=
28,10,k63WU6eyIsrFQONUJvcgF3O9/OY=,1AhrWAGN+8N0Dono0vzd8CGhMlA=
27,13,k63WU6eyIsrFQONUJvcgF3O9/OY=,9ApkksPRoWRa/xDhJIL/gAY/Xos=
28,14,k63WU6eyIsrFQONUJvcgF3O9/OY=,FPX/4V5qd/zev9JcghgjpMtwStc=
26,15,k63WU6eyIsrFQONUJvcgF3O9/OY=,9ApkksPRoWRa/xDhJIL/gAY/Xos=
31,13,k63WU6eyIsrFQONUJvcgF3O9/OY=,FPX/4V5qd/zev9JcghgjpMtwStc=
27,15,k63WU6eyIsrFQONUJvcgF3O9/OY=,9ApkksPRoWRa/xDhJIL/gAY/Xos=
30,13,k63WU6eyIsrFQONUJvcgF3O9/OY=,FPX/4V5qd/zev9JcghgjpMtwStc=
28,15,k63WU6eyIsrFQONUJvcgF3O9/OY=,FPX/4V5qd/zev9JcghgjpMtwStc=
26,10,k63WU6eyIsrFQONUJvcgF3O9/OY=,9ApkksPRoWRa/xDhJIL/gAY/Xos=
30,12,k63WU6eyIsrFQONUJvcgF3O9/OY=,FPX/4V5qd/zev9JcghgjpMtwStc=
30,11,k63WU6eyIsrFQONUJvcgF3O9/OY=,1AhrWAGN+8N0Dono0vzd8CGhMlA=
30,15,k63WU6eyIsrFQONUJvcgF3O9/OY=,FPX/4V5qd/zev9JcghgjpMtwStc=
30,14,k63WU6eyIsrFQONUJvcgF3O9/OY=,FPX/4V5qd/zev9JcghgjpMtwStc=
30,10,k63WU6eyIsrFQONUJvcgF3O9/OY=,1AhrWAGN+8N0Dono0vzd8CGhMlA=
26,12,k63WU6eyIsrFQONUJvcgF3O9/OY=,9ApkksPRoWRa/xDhJIL/gAY/Xos=
22,14,k63WU6eyIsrFQONUJvcgF3O9/OY=,QuMvWgbBioKw+K89p1cXvyw40S4=
31,10,k63WU6eyIsrFQONUJvcgF3O9/OY=,1AhrWAGN+8N0Dono0vzd8CGhMlA=
27,12,k63WU6eyIsrFQONUJvcgF3O9/OY=,9ApkksPRoWRa/xDhJIL/gAY/Xos=
25,14,k63WU6eyIsrFQONUJvcgF3O9/OY=,9ApkksPRoWRa/xDhJIL/gAY/Xos=
25,15,k63WU6eyIsrFQONUJvcgF3O9/OY=,9ApkksPRoWRa/xDhJIL/gAY/Xos=
29,14,k63WU6eyIsrFQONUJvcgF3O9/OY=,FPX/4V5qd/zev9JcghgjpMtwStc=
23,14,k63WU6eyIsrFQONUJvcgF3O9/OY=,QuMvWgbBioKw+K89p1cXvyw40S4=
20,15,k63WU6eyIsrFQONUJvcgF3O9/OY=,QuMvWgbBioKw+K89p1cXvyw40S4=
29,15,k63WU6eyIsrFQONUJvcgF3O9/OY=,FPX/4V5qd/zev9JcghgjpMtwStc=
22,15,k63WU6eyIsrFQONUJvcgF3O9/OY=,QuMvWgbBioKw+K89p1cXvyw40S4=
23,15,k63WU6eyIsrFQONUJvcgF3O9/OY=,QuMvWgbBioKw+K89p1cXvyw40S4=
31,12,k63WU6eyIsrFQONUJvcgF3O9/OY=,FPX/4V5qd/zev9JcghgjpMtwStc=
24,14,k63WU6eyIsrFQONUJvcgF3O9/OY=,9ApkksPRoWRa/xDhJIL/gAY/Xos=
21,14,k63WU6eyIsrFQONUJvcgF3O9/OY=,QuMvWgbBioKw+K89p1cXvyw40S4=
16,13,k63WU6eyIsrFQONUJvcgF3O9/OY=,vcg4UPNMYRfStBH0jIUsfaW5TL4=
19,14,k63WU6eyIsrFQONUJvcgF3O9/OY=,vcg4UPNMYRfStBH0jIUsfaW5TL4=
24,15,k63WU6eyIsrFQONUJvcgF3O9/OY=,9ApkksPRoWRa/xDhJIL/gAY/Xos=
31,15,k63WU6eyIsrFQONUJvcgF3O9/OY=,FPX/4V5qd/zev9JcghgjpMtwStc=
21,15,k63WU6eyIsrFQONUJvcgF3O9/OY=,QuMvWgbBioKw+K89p1cXvyw40S4=
17,7,k63WU6eyIsrFQONUJvcgF3O9/OY=,zQmWqT41yTadyQpfx+cV8cDhhZo=
18,14,k63WU6eyIsrFQONUJvcgF3O9/OY=,vcg4UPNMYRfStBH0jIUsfaW5TL4=
16,9,k63WU6eyIsrFQONUJvcgF3O9/OY=,vcg4UPNMYRfStBH0jIUsfaW5TL4=
17,8,k63WU6eyIsrFQONUJvcgF3O9/OY=,vcg4UPNMYRfStBH0jIUsfaW5TL4=
20,14,k63WU6eyIsrFQONUJvcgF3O9/OY=,QuMvWgbBioKw+K89p1cXvyw40S4=
19,15,k63WU6eyIsrFQONUJvcgF3O9/OY=,vcg4UPNMYRfStBH0jIUsfaW5TL4=
17,6,k63WU6eyIsrFQONUJvcgF3O9/OY=,zQmWqT41yTadyQpfx+cV8cDhhZo=
17,9,k63WU6eyIsrFQONUJvcgF3O9/OY=,vcg4UPNMYRfStBH0jIUsfaW5TL4=
31,14,k63WU6eyIsrFQONUJvcgF3O9/OY=,FPX/4V5qd/zev9JcghgjpMtwStc=
16,8,k63WU6eyIsrFQONUJvcgF3O9/OY=,vcg4UPNMYRfStBH0jIUsfaW5TL4=
16,4,k63WU6eyIsrFQONUJvcgF3O9/OY=,zQmWqT41yTadyQpfx+cV8cDhhZo=
16,6,k63WU6eyIsrFQONUJvcgF3O9/OY=,zQmWqT41yTadyQpfx+cV8cDhhZo=
16,12,k63WU6eyIsrFQONUJvcgF3O9/OY=,vcg4UPNMYRfStBH0jIUsfaW5TL4=
18,15,k63WU6eyIsrFQONUJvcgF3O9/OY=,vcg4UPNMYRfStBH0jIUsfaW5TL4=
16,11,k63WU6eyIsrFQONUJvcgF3O9/OY=,vcg4UPNMYRfStBH0jIUsfaW5TL4=
16,2,k63WU6eyIsrFQONUJvcgF3O9/OY=,zQmWqT41yTadyQpfx+cV8cDhhZo=
16,7,k63WU6eyIsrFQONUJvcgF3O9/OY=,zQmWqT41yTadyQpfx+cV8cDhhZo=
21,1,k63WU6eyIsrFQONUJvcgF3O9/OY=,W2zD/digrA0wt25iL9YQot0C8Pk=
17,10,k63WU6eyIsrFQONUJvcgF3O9/OY=,vcg4UPNMYRfStBH0jIUsfaW5TL4=
17,11,k63WU6eyIsrFQONUJvcgF3O9/OY=,vcg4UPNMYRfStBH0jIUsfaW5TL4=
21,0,k63WU6eyIsrFQONUJvcgF3O9/OY=,W2zD/digrA0wt25iL9YQot0C8Pk=
16,3,k63WU6eyIsrFQONUJvcgF3O9/OY=,zQmWqT41yTadyQpfx+cV8cDhhZo=
17,13,k63WU6eyIsrFQONUJvcgF3O9/OY=,vcg4UPNMYRfStBH0jIUsfaW5TL4=
17,2,k63WU6eyIsrFQONUJvcgF3O9/OY=,zQmWqT41yTadyQpfx+cV8cDhhZo=
24,0,k63WU6eyIsrFQONUJvcgF3O9/OY=,y79UeGzyE61S92gjz+UMhTGDhow=
25,0,k63WU6eyIsrFQONUJvcgF3O9/OY=,y79UeGzyE61S92gjz+UMhTGDhow=
23,0,k63WU6eyIsrFQONUJvcgF3O9/OY=,W2zD/digrA0wt25iL9YQot0C8Pk=
25,1,k63WU6eyIsrFQONUJvcgF3O9/OY=,y79UeGzyE61S92gjz+UMhTGDhow=
20,1,k63WU6eyIsrFQONUJvcgF3O9/OY=,W2zD/digrA0wt25iL9YQot0C8Pk=
17,4,k63WU6eyIsrFQONUJvcgF3O9/OY=,zQmWqT41yTadyQpfx+cV8cDhhZo=
17,12,k63WU6eyIsrFQONUJvcgF3O9/OY=,vcg4UPNMYRfStBH0jIUsfaW5TL4=
22,1,k63WU6eyIsrFQONUJvcgF3O9/OY=,W2zD/digrA0wt25iL9YQot0C8Pk=
20,0,k63WU6eyIsrFQONUJvcgF3O9/OY=,W2zD/digrA0wt25iL9YQot0C8Pk=
30,1,k63WU6eyIsrFQONUJvcgF3O9/OY=,jsAoGVf8lQpVRm9j+BeS3GcFn2U=
19,1,k63WU6eyIsrFQONUJvcgF3O9/OY=,zQmWqT41yTadyQpfx+cV8cDhhZo=
16,10,k63WU6eyIsrFQONUJvcgF3O9/OY=,vcg4UPNMYRfStBH0jIUsfaW5TL4=
18,0,k63WU6eyIsrFQONUJvcgF3O9/OY=,zQmWqT41yTadyQpfx+cV8cDhhZo=
29,0,k63WU6eyIsrFQONUJvcgF3O9/OY=,jsAoGVf8lQpVRm9j+BeS3GcFn2U=
30,0,k63WU6eyIsrFQONUJvcgF3O9/OY=,jsAoGVf8lQpVRm9j+BeS3GcFn2U=
23,1,k63WU6eyIsrFQONUJvcgF3O9/OY=,W2zD/digrA0wt25iL9YQot0C8Pk=
28,0,k63WU6eyIsrFQONUJvcgF3O9/OY=,jsAoGVf8lQpVRm9j+BeS3GcFn2U=
22,0,k63WU6eyIsrFQONUJvcgF3O9/OY=,W2zD/digrA0wt25iL9YQot0C8Pk=
31,1,k63WU6eyIsrFQONUJvcgF3O9/OY=,jsAoGVf8lQpVRm9j+BeS3GcFn2U=
27,1,k63WU6eyIsrFQONUJvcgF3O9/OY=,y79UeGzyE61S92gjz+UMhTGDhow=
29,1,k63WU6eyIsrFQONUJvcgF3O9/OY=,jsAoGVf8lQpVRm9j+BeS3GcFn2U=
31,0,k63WU6eyIsrFQONUJvcgF3O9/OY=,jsAoGVf8lQpVRm9j+BeS3GcFn2U=
28,1,k63WU6eyIsrFQONUJvcgF3O9/OY=,jsAoGVf8lQpVRm9j+BeS3GcFn2U=
16,5,k63WU6eyIsrFQONUJvcgF3O9/OY=,zQmWqT41yTadyQpfx+cV8cDhhZo=
26,0,k63WU6eyIsrFQONUJvcgF3O9/OY=,y79UeGzyE61S92gjz+UMhTGDhow=
19,0,k63WU6eyIsrFQONUJvcgF3O9/OY=,zQmWqT41yTadyQpfx+cV8cDhhZo=
31,5,k63WU6eyIsrFQONUJvcgF3O9/OY=,lem5dndLCmrum1gVyFeEGDfu/Qk=
26,1,k63WU6eyIsrFQONUJvcgF3O9/OY=,y79UeGzyE61S92gjz+UMhTGDhow=
17,3,k63WU6eyIsrFQONUJvcgF3O9/OY=,zQmWqT41yTadyQpfx+cV8cDhhZo=
31,4,k63WU6eyIsrFQONUJvcgF3O9/OY=,lem5dndLCmrum1gVyFeEGDfu/Qk=
18,1,k63WU6eyIsrFQONUJvcgF3O9/OY=,zQmWqT41yTadyQpfx+cV8cDhhZo=
31,9,k63WU6eyIsrFQONUJvcgF3O9/OY=,1AhrWAGN+8N0Dono0vzd8CGhMlA=
24,1,k63WU6eyIsrFQONUJvcgF3O9/OY=,y79UeGzyE61S92gjz+UMhTGDhow=
27,0,k63WU6eyIsrFQONUJvcgF3O9/OY=,y79UeGzyE61S92gjz+UMhTGDhow=
30,8,k63WU6eyIsrFQONUJvcgF3O9/OY=,1AhrWAGN+8N0Dono0vzd8CGhMlA=
31,6,k63WU6eyIsrFQONUJvcgF3O9/OY=,lem5dndLCmrum1gVyFeEGDfu/Qk=
30,2,k63WU6eyIsrFQONUJvcgF3O9/OY=,jsAoGVf8lQpVRm9j+BeS3GcFn2U=
17,0,k63WU6eyIsrFQONUJvcgF3O9/OY=,zQmWqT41yTadyQpfx+cV8cDhhZo=
16,1,k63WU6eyIsrFQONUJvcgF3O9/OY=,zQmWqT41yTadyQpfx+cV8cDhhZo=
30,9,k63WU6eyIsrFQONUJvcgF3O9/OY=,1AhrWAGN+8N0Dono0vzd8CGhMlA=
17,5,k63WU6eyIsrFQONUJvcgF3O9/OY=,zQmWqT41yTadyQpfx+cV8cDhhZo=
16,0,k63WU6eyIsrFQONUJvcgF3O9/OY=,zQmWqT41yTadyQpfx+cV8cDhhZo=
31,8,k63WU6eyIsrFQONUJvcgF3O9/OY=,1AhrWAGN+8N0Dono0vzd8CGhMlA=
31,2,k63WU6eyIsrFQONUJvcgF3O9/OY=,jsAoGVf8lQpVRm9j+BeS3GcFn2U=
17,1,k63WU6eyIsrFQONUJvcgF3O9/OY=,zQmWqT41yTadyQpfx+cV8cDhhZo=
31,3,k63WU6eyIsrFQONUJvcgF3O9/OY=,jsAoGVf8lQpVRm9j+BeS3GcFn2U=
16,14,k63WU6eyIsrFQONUJvcgF3O9/OY=,vcg4UPNMYRfStBH0jIUsfaW5TL4=
30,3,k63WU6eyIsrFQONUJvcgF3O9/OY=,jsAoGVf8lQpVRm9j+BeS3GcFn2U=
30,4,k63WU6eyIsrFQONUJvcgF3O9/OY=,lem5dndLCmrum1gVyFeEGDfu/Qk=
17,14,k63WU6eyIsrFQONUJvcgF3O9/OY=,vcg4UPNMYRfStBH0jIUsfaW5TL4=
30,6,k63WU6eyIsrFQONUJvcgF3O9/OY=,lem5dndLCmrum1gVyFeEGDfu/Qk=
16,15,k63WU6eyIsrFQONUJvcgF3O9/OY=,vcg4UPNMYRfStBH0jIUsfaW5TL4=
17,15,k63WU6eyIsrFQONUJvcgF3O9/OY=,vcg4UPNMYRfStBH0jIUsfaW5TL4=
30,5,k63WU6eyIsrFQONUJvcgF3O9/OY=,lem5dndLCmrum1gVyFeEGDfu/Qk=
30,7,k63WU6eyIsrFQONUJvcgF3O9/OY=,lem5dndLCmrum1gVyFeEGDfu/Qk=
31,7,k63WU6eyIsrFQONUJvcgF3O9/OY=,lem5dndLCmrum1gVyFeEGDfu/Qk=
