19,-38,psZ/0cuFyFlkL2iwOHM2us4KWhc=,41xi6p2reFyZZYema1N78wP9fAc=
20,-37,psZ/0cuFyFlkL2iwOHM2us4KWhc=,yY06nljRq/GsjtDEoOnpyrgZMqg=
18,-38,psZ/0cuFyFlkL2iwOHM2us4KWhc=,41xi6p2reFyZZYema1N78wP9fAc=
18,-35,ReyEFcB3ZqRZulCHcIPOsjdXAWE=,zQmWqT41yTadyQpfx+cV8cDhhZo=
19,-37,ReyEFcB3ZqRZulCHcIPOsjdXAWE=,41xi6p2reFyZZYema1N78wP9fAc=
18,-37,ReyEFcB3ZqRZulCHcIPOsjdXAWE=,41xi6p2reFyZZYema1N78wP9fAc=
21,-38,ReyEFcB3ZqRZulCHcIPOsjdXAWE=,yY06nljRq/GsjtDEoOnpyrgZMqg=
19,-35,ReyEFcB3ZqRZulCHcIPOsjdXAWE=,zQmWqT41yTadyQpfx+cV8cDhhZo=
21,-36,ReyEFcB3ZqRZulCHcIPOsjdXAWE=,QrxXQCd4+BzRisS72lPps27QPWk=
20,-35,ReyEFcB3ZqRZulCHcIPOsjdXAWE=,QrxXQCd4+BzRisS72lPps27QPWk=
19,-36,ReyEFcB3ZqRZulCHcIPOsjdXAWE=,zQmWqT41yTadyQpfx+cV8cDhhZo=
20,-38,ReyEFcB3ZqRZulCHcIPOsjdXAWE=,yY06nljRq/GsjtDEoOnpyrgZMqg=
21,-35,ReyEFcB3ZqRZulCHcIPOsjdXAWE=,QrxXQCd4+BzRisS72lPps27QPWk=
20,-36,ReyEFcB3ZqRZulCHcIPOsjdXAWE=,QrxXQCd4+BzRisS72lPps27QPWk=
18,-36,/d2csiNI73zx80KPAfTmZAe+/9k=,zQmWqT41yTadyQpfx+cV8cDhhZo=
21,-37,/d2csiNI73zx80KPAfTmZAe+/9k=,yY06nljRq/GsjtDEoOnpyrgZMqg=
23,-35,/d2csiNI73zx80KPAfTmZAe+/9k=,QrxXQCd4+BzRisS72lPps27QPWk=
23,-38,/d2csiNI73zx80KPAfTmZAe+/9k=,yY06nljRq/GsjtDEoOnpyrgZMqg=
25,-36,/d2csiNI73zx80KPAfTmZAe+/9k=,y79UeGzyE61S92gjz+UMhTGDhow=
24,-36,wZ7x92ZX9+SJ49rT7mLT9e1+dpg=,y79UeGzyE61S92gjz+UMhTGDhow=
23,-37,wZ7x92ZX9+SJ49rT7mLT9e1+dpg=,yY06nljRq/GsjtDEoOnpyrgZMqg=
25,-37,v6qguucjXmuPkjpN+z+EJzFNG5A=,VGhWFdMhbROItPqaI6dxenoM484=
25,-35,v6qguucjXmuPkjpN+z+EJzFNG5A=,y79UeGzyE61S92gjz+UMhTGDhow=
23,-40,v6qguucjXmuPkjpN+z+EJzFNG5A=,yY06nljRq/GsjtDEoOnpyrgZMqg=
23,-36,YwPsAqmH7CusW1UUF7xGDXEndWI=,QrxXQCd4+BzRisS72lPps27QPWk=
22,-40,YwPsAqmH7CusW1UUF7xGDXEndWI=,yY06nljRq/GsjtDEoOnpyrgZMqg=
24,-38,YwPsAqmH7CusW1UUF7xGDXEndWI=,VGhWFdMhbROItPqaI6dxenoM484=
25,-38,YwPsAqmH7CusW1UUF7xGDXEndWI=,VGhWFdMhbROItPqaI6dxenoM484=
24,-39,gaNGK/j6gdNGaNkRZ9rqmYlY3Hw=,VGhWFdMhbROItPqaI6dxenoM484=
24,-37,gaNGK/j6gdNGaNkRZ9rqmYlY3Hw=,VGhWFdMhbROItPqaI6dxenoM484=
24,-40,gaNGK/j6gdNGaNkRZ9rqmYlY3Hw=,VGhWFdMhbROItPqaI6dxenoM484=
24,-35,pUhlr535fkeZhMOaaFWuEh9v7XI=,y79UeGzyE61S92gjz+UMhTGDhow=
23,-39,pUhlr535fkeZhMOaaFWuEh9v7XI=,yY06nljRq/GsjtDEoOnpyrgZMqg=
24,-41,pUhlr535fkeZhMOaaFWuEh9v7XI=,VGhWFdMhbROItPqaI6dxenoM484=
25,-41,pUhlr535fkeZhMOaaFWuEh9v7XI=,VGhWFdMhbROItPqaI6dxenoM484=
22,-39,07AIT7aSqiUPXPYCpYphifAfb84=,yY06nljRq/GsjtDEoOnpyrgZMqg=
22,-35,07AIT7aSqiUPXPYCpYphifAfb84=,QrxXQCd4+BzRisS72lPps27QPWk=
25,-40,07AIT7aSqiUPXPYCpYphifAfb84=,VGhWFdMhbROItPqaI6dxenoM484=
24,-42,DruJMdk3wutAISr1vTJ5ZMKyP2A=,VGhWFdMhbROItPqaI6dxenoM484=
25,-42,DruJMdk3wutAISr1vTJ5ZMKyP2A=,VGhWFdMhbROItPqaI6dxenoM484=
22,-42,p4GE5gwHYyzIhgQh13lBYJ2TNzM=,yY06nljRq/GsjtDEoOnpyrgZMqg=
25,-39,p4GE5gwHYyzIhgQh13lBYJ2TNzM=,VGhWFdMhbROItPqaI6dxenoM484=
22,-37,p4GE5gwHYyzIhgQh13lBYJ2TNzM=,yY06nljRq/GsjtDEoOnpyrgZMqg=
23,-41,mFpXvoTY+O7MnN4PfRe34JJZtME=,yY06nljRq/GsjtDEoOnpyrgZMqg=
22,-38,mFpXvoTY+O7MnN4PfRe34JJZtME=,yY06nljRq/GsjtDEoOnpyrgZMqg=
22,-36,krGK/oZew/1Sn+0wZd8IIgbgJjs=,QrxXQCd4+BzRisS72lPps27QPWk=
22,-41,krGK/oZew/1Sn+0wZd8IIgbgJjs=,yY06nljRq/GsjtDEoOnpyrgZMqg=
23,-42,krGK/oZew/1Sn+0wZd8IIgbgJjs=,yY06nljRq/GsjtDEoOnpyrgZMqg=
28,-45,I0CwRJw2T3wUlzcm3bZ0+/I8H/Y=,YaxCpLP+2SeRW24wZrjEXTUD0Io=
25,-44,I0CwRJw2T3wUlzcm3bZ0+/I8H/Y=,VGhWFdMhbROItPqaI6dxenoM484=
24,-44,I0CwRJw2T3wUlzcm3bZ0+/I8H/Y=,VGhWFdMhbROItPqaI6dxenoM484=
25,-43,BMCsZHNE7yFWzlNNChWPYlML12k=,VGhWFdMhbROItPqaI6dxenoM484=
26,-44,BMCsZHNE7yFWzlNNChWPYlML12k=,VGhWFdMhbROItPqaI6dxenoM484=
28,-46,0anKTbjxrqb+d+JVqt5B+gTj8Yk=,YaxCpLP+2SeRW24wZrjEXTUD0Io=
27,-45,0anKTbjxrqb+d+JVqt5B+gTj8Yk=,16HmOlnv0tib8giapHPrhRT6Y5Q=
29,-45,0anKTbjxrqb+d+JVqt5B+gTj8Yk=,YaxCpLP+2SeRW24wZrjEXTUD0Io=
29,-46,0anKTbjxrqb+d+JVqt5B+gTj8Yk=,YaxCpLP+2SeRW24wZrjEXTUD0Io=
29,-44,0anKTbjxrqb+d+JVqt5B+gTj8Yk=,YaxCpLP+2SeRW24wZrjEXTUD0Io=
27,-44,0anKTbjxrqb+d+JVqt5B+gTj8Yk=,VGhWFdMhbROItPqaI6dxenoM484=
29,-43,0anKTbjxrqb+d+JVqt5B+gTj8Yk=,YaxCpLP+2SeRW24wZrjEXTUD0Io=
28,-43,0anKTbjxrqb+d+JVqt5B+gTj8Yk=,YaxCpLP+2SeRW24wZrjEXTUD0Io=
17,-41,0anKTbjxrqb+d+JVqt5B+gTj8Yk=,41xi6p2reFyZZYema1N78wP9fAc=
28,-44,0anKTbjxrqb+d+JVqt5B+gTj8Yk=,YaxCpLP+2SeRW24wZrjEXTUD0Io=
18,-46,0anKTbjxrqb+d+JVqt5B+gTj8Yk=,41xi6p2reFyZZYema1N78wP9fAc=
20,-45,0anKTbjxrqb+d+JVqt5B+gTj8Yk=,yY06nljRq/GsjtDEoOnpyrgZMqg=
18,-41,0anKTbjxrqb+d+JVqt5B+gTj8Yk=,41xi6p2reFyZZYema1N78wP9fAc=
18,-45,0anKTbjxrqb+d+JVqt5B+gTj8Yk=,41xi6p2reFyZZYema1N78wP9fAc=
26,-43,0anKTbjxrqb+d+JVqt5B+gTj8Yk=,VGhWFdMhbROItPqaI6dxenoM484=
17,-34,0anKTbjxrqb+d+JVqt5B+gTj8Yk=,zQmWqT41yTadyQpfx+cV8cDhhZo=
16,-33,0anKTbjxrqb+d+JVqt5B+gTj8Yk=,zQmWqT41yTadyQpfx+cV8cDhhZo=
19,-45,0anKTbjxrqb+d+JVqt5B+gTj8Yk=,41xi6p2reFyZZYema1N78wP9fAc=
21,-46,0anKTbjxrqb+d+JVqt5B+gTj8Yk=,yY06nljRq/GsjtDEoOnpyrgZMqg=
16,-34,0anKTbjxrqb+d+JVqt5B+gTj8Yk=,zQmWqT41yTadyQpfx+cV8cDhhZo=
23,-44,0anKTbjxrqb+d+JVqt5B+gTj8Yk=,yY06nljRq/GsjtDEoOnpyrgZMqg=
17,-33,0anKTbjxrqb+d+JVqt5B+gTj8Yk=,zQmWqT41yTadyQpfx+cV8cDhhZo=
19,-46,0anKTbjxrqb+d+JVqt5B+gTj8Yk=,41xi6p2reFyZZYema1N78wP9fAc=
21,-39,0anKTbjxrqb+d+JVqt5B+gTj8Yk=,yY06nljRq/GsjtDEoOnpyrgZMqg=
17,-42,0anKTbjxrqb+d+JVqt5B+gTj8Yk=,41xi6p2reFyZZYema1N78wP9fAc=
19,-41,0anKTbjxrqb+d+JVqt5B+gTj8Yk=,41xi6p2reFyZZYema1N78wP9fAc=
22,-43,0anKTbjxrqb+d+JVqt5B+gTj8Yk=,yY06nljRq/GsjtDEoOnpyrgZMqg=
21,-45,0anKTbjxrqb+d+JVqt5B+gTj8Yk=,yY06nljRq/GsjtDEoOnpyrgZMqg=
20,-46,0anKTbjxrqb+d+JVqt5B+gTj8Yk=,yY06nljRq/GsjtDEoOnpyrgZMqg=
16,-42,0anKTbjxrqb+d+JVqt5B+gTj8Yk=,41xi6p2reFyZZYema1N78wP9fAc=
26,-45,0anKTbjxrqb+d+JVqt5B+gTj8Yk=,16HmOlnv0tib8giapHPrhRT6Y5Q=
19,-42,0anKTbjxrqb+d+JVqt5B+gTj8Yk=,41xi6p2reFyZZYema1N78wP9fAc=
16,-35,0anKTbjxrqb+d+JVqt5B+gTj8Yk=,zQmWqT41yTadyQpfx+cV8cDhhZo=
25,-45,0anKTbjxrqb+d+JVqt5B+gTj8Yk=,16HmOlnv0tib8giapHPrhRT6Y5Q=
27,-36,0anKTbjxrqb+d+JVqt5B+gTj8Yk=,y79UeGzyE61S92gjz+UMhTGDhow=
17,-40,0anKTbjxrqb+d+JVqt5B+gTj8Yk=,41xi6p2reFyZZYema1N78wP9fAc=
16,-41,0anKTbjxrqb+d+JVqt5B+gTj8Yk=,41xi6p2reFyZZYema1N78wP9fAc=
17,-35,0anKTbjxrqb+d+JVqt5B+gTj8Yk=,zQmWqT41yTadyQpfx+cV8cDhhZo=
21,-43,0anKTbjxrqb+d+JVqt5B+gTj8Yk=,yY06nljRq/GsjtDEoOnpyrgZMqg=
18,-39,0anKTbjxrqb+d+JVqt5B+gTj8Yk=,41xi6p2reFyZZYema1N78wP9fAc=
16,-36,0anKTbjxrqb+d+JVqt5B+gTj8Yk=,zQmWqT41yTadyQpfx+cV8cDhhZo=
17,-38,0anKTbjxrqb+d+JVqt5B+gTj8Yk=,41xi6p2reFyZZYema1N78wP9fAc=
20,-39,0anKTbjxrqb+d+JVqt5B+gTj8Yk=,yY06nljRq/GsjtDEoOnpyrgZMqg=
19,-39,0anKTbjxrqb+d+JVqt5B+gTj8Yk=,41xi6p2reFyZZYema1N78wP9fAc=
16,-40,0anKTbjxrqb+d+JVqt5B+gTj8Yk=,41xi6p2reFyZZYema1N78wP9fAc=
16,-39,0anKTbjxrqb+d+JVqt5B+gTj8Yk=,41xi6p2reFyZZYema1N78wP9fAc=
16,-37,0anKTbjxrqb+d+JVqt5B+gTj8Yk=,41xi6p2reFyZZYema1N78wP9fAc=
17,-37,0anKTbjxrqb+d+JVqt5B+gTj8Yk=,41xi6p2reFyZZYema1N78wP9fAc=
22,-44,0anKTbjxrqb+d+JVqt5B+gTj8Yk=,yY06nljRq/GsjtDEoOnpyrgZMqg=
17,-36,0anKTbjxrqb+d+JVqt5B+gTj8Yk=,zQmWqT41yTadyQpfx+cV8cDhhZo=
24,-45,0anKTbjxrqb+d+JVqt5B+gTj8Yk=,16HmOlnv0tib8giapHPrhRT6Y5Q=
16,-38,0anKTbjxrqb+d+JVqt5B+gTj8Yk=,41xi6p2reFyZZYema1N78wP9fAc=
17,-39,0anKTbjxrqb+d+JVqt5B+gTj8Yk=,41xi6p2reFyZZYema1N78wP9fAc=
23,-43,0anKTbjxrqb+d+JVqt5B+gTj8Yk=,yY06nljRq/GsjtDEoOnpyrgZMqg=
27,-43,0anKTbjxrqb+d+JVqt5B+gTj8Yk=,VGhWFdMhbROItPqaI6dxenoM484=
20,-44,0anKTbjxrqb+d+JVqt5B+gTj8Yk=,yY06nljRq/GsjtDEoOnpyrgZMqg=
22,-46,0anKTbjxrqb+d+JVqt5B+gTj8Yk=,yY06nljRq/GsjtDEoOnpyrgZMqg=
21,-41,0anKTbjxrqb+d+JVqt5B+gTj8Yk=,yY06nljRq/GsjtDEoOnpyrgZMqg=
31,-44,0anKTbjxrqb+d+JVqt5B+gTj8Yk=,YaxCpLP+2SeRW24wZrjEXTUD0Io=
27,-35,0anKTbjxrqb+d+JVqt5B+gTj8Yk=,y79UeGzyE61S92gjz+UMhTGDhow=
21,-42,0anKTbjxrqb+d+JVqt5B+gTj8Yk=,yY06nljRq/GsjtDEoOnpyrgZMqg=
21,-44,0anKTbjxrqb+d+JVqt5B+gTj8Yk=,yY06nljRq/GsjtDEoOnpyrgZMqg=
22,-45,0anKTbjxrqb+d+JVqt5B+gTj8Yk=,yY06nljRq/GsjtDEoOnpyrgZMqg=
24,-43,0anKTbjxrqb+d+JVqt5B+gTj8Yk=,VGhWFdMhbROItPqaI6dxenoM484=
23,-46,0anKTbjxrqb+d+JVqt5B+gTj8Yk=,yY06nljRq/GsjtDEoOnpyrgZMqg=
21,-40,0anKTbjxrqb+d+JVqt5B+gTj8Yk=,yY06nljRq/GsjtDEoOnpyrgZMqg=
24,-46,0anKTbjxrqb+d+JVqt5B+gTj8Yk=,16HmOlnv0tib8giapHPrhRT6Y5Q=
27,-46,0anKTbjxrqb+d+JVqt5B+gTj8Yk=,16HmOlnv0tib8giapHPrhRT6Y5Q=
19,-33,0anKTbjxrqb+d+JVqt5B+gTj8Yk=,zQmWqT41yTadyQpfx+cV8cDhhZo=
25,-46,0anKTbjxrqb+d+JVqt5B+gTj8Yk=,16HmOlnv0tib8giapHPrhRT6Y5Q=
26,-46,0anKTbjxrqb+d+JVqt5B+gTj8Yk=,16HmOlnv0tib8giapHPrhRT6Y5Q=
18,-33,0anKTbjxrqb+d+JVqt5B+gTj8Yk=,zQmWqT41yTadyQpfx+cV8cDhhZo=
18,-42,0anKTbjxrqb+d+JVqt5B+gTj8Yk=,41xi6p2reFyZZYema1N78wP9fAc=
23,-45,0anKTbjxrqb+d+JVqt5B+gTj8Yk=,yY06nljRq/GsjtDEoOnpyrgZMqg=
26,-36,0anKTbjxrqb+d+JVqt5B+gTj8Yk=,y79UeGzyE61S92gjz+UMhTGDhow=
21,-33,0anKTbjxrqb+d+JVqt5B+gTj8Yk=,QrxXQCd4+BzRisS72lPps27QPWk=
18,-40,0anKTbjxrqb+d+JVqt5B+gTj8Yk=,41xi6p2reFyZZYema1N78wP9fAc=
19,-40,0anKTbjxrqb+d+JVqt5B+gTj8Yk=,41xi6p2reFyZZYema1N78wP9fAc=
31,-45,0anKTbjxrqb+d+JVqt5B+gTj8Yk=,YaxCpLP+2SeRW24wZrjEXTUD0Io=
19,-34,0anKTbjxrqb+d+JVqt5B+gTj8Yk=,zQmWqT41yTadyQpfx+cV8cDhhZo=
26,-48,0anKTbjxrqb+d+JVqt5B+gTj8Yk=,16HmOlnv0tib8giapHPrhRT6Y5Q=
29,-33,0anKTbjxrqb+d+JVqt5B+gTj8Yk=,jsAoGVf8lQpVRm9j+BeS3GcFn2U=
24,-33,0anKTbjxrqb+d+JVqt5B+gTj8Yk=,y79UeGzyE61S92gjz+UMhTGDhow=
20,-33,0anKTbjxrqb+d+JVqt5B+gTj8Yk=,QrxXQCd4+BzRisS72lPps27QPWk=
20,-40,0anKTbjxrqb+d+JVqt5B+gTj8Yk=,yY06nljRq/GsjtDEoOnpyrgZMqg=
18,-34,0anKTbjxrqb+d+JVqt5B+gTj8Yk=,zQmWqT41yTadyQpfx+cV8cDhhZo=
20,-43,0anKTbjxrqb+d+JVqt5B+gTj8Yk=,yY06nljRq/GsjtDEoOnpyrgZMqg=
20,-41,0anKTbjxrqb+d+JVqt5B+gTj8Yk=,yY06nljRq/GsjtDEoOnpyrgZMqg=
31,-46,0anKTbjxrqb+d+JVqt5B+gTj8Yk=,YaxCpLP+2SeRW24wZrjEXTUD0Io=
18,-44,0anKTbjxrqb+d+JVqt5B+gTj8Yk=,41xi6p2reFyZZYema1N78wP9fAc=
26,-33,0anKTbjxrqb+d+JVqt5B+gTj8Yk=,y79UeGzyE61S92gjz+UMhTGDhow=
26,-35,0anKTbjxrqb+d+JVqt5B+gTj8Yk=,y79UeGzyE61S92gjz+UMhTGDhow=
20,-42,0anKTbjxrqb+d+JVqt5B+gTj8Yk=,yY06nljRq/GsjtDEoOnpyrgZMqg=
22,-33,0anKTbjxrqb+d+JVqt5B+gTj8Yk=,QrxXQCd4+BzRisS72lPps27QPWk=
20,-34,0anKTbjxrqb+d+JVqt5B+gTj8Yk=,QrxXQCd4+BzRisS72lPps27QPWk=
23,-33,0anKTbjxrqb+d+JVqt5B+gTj8Yk=,QrxXQCd4+BzRisS72lPps27QPWk=
30,-44,0anKTbjxrqb+d+JVqt5B+gTj8Yk=,YaxCpLP+2SeRW24wZrjEXTUD0Io=
18,-43,0anKTbjxrqb+d+JVqt5B+gTj8Yk=,41xi6p2reFyZZYema1N78wP9fAc=
30,-46,0anKTbjxrqb+d+JVqt5B+gTj8Yk=,YaxCpLP+2SeRW24wZrjEXTUD0Io=
28,-33,0anKTbjxrqb+d+JVqt5B+gTj8Yk=,jsAoGVf8lQpVRm9j+BeS3GcFn2U=
19,-43,0anKTbjxrqb+d+JVqt5B+gTj8Yk=,41xi6p2reFyZZYema1N78wP9fAc=
21,-34,0anKTbjxrqb+d+JVqt5B+gTj8Yk=,QrxXQCd4+BzRisS72lPps27QPWk=
31,-43,0anKTbjxrqb+d+JVqt5B+gTj8Yk=,YaxCpLP+2SeRW24wZrjEXTUD0Io=
29,-34,0anKTbjxrqb+d+JVqt5B+gTj8Yk=,jsAoGVf8lQpVRm9j+BeS3GcFn2U=
27,-33,0anKTbjxrqb+d+JVqt5B+gTj8Yk=,y79UeGzyE61S92gjz+UMhTGDhow=
30,-43,0anKTbjxrqb+d+JVqt5B+gTj8Yk=,YaxCpLP+2SeRW24wZrjEXTUD0Io=
25,-33,0anKTbjxrqb+d+JVqt5B+gTj8Yk=,y79UeGzyE61S92gjz+UMhTGDhow=
19,-44,0anKTbjxrqb+d+JVqt5B+gTj8Yk=,41xi6p2reFyZZYema1N78wP9fAc=
27,-47,0anKTbjxrqb+d+JVqt5B+gTj8Yk=,16HmOlnv0tib8giapHPrhRT6Y5Q=
30,-45,0anKTbjxrqb+d+JVqt5B+gTj8Yk=,YaxCpLP+2SeRW24wZrjEXTUD0Io=
31,-36,0anKTbjxrqb+d+JVqt5B+gTj8Yk=,jsAoGVf8lQpVRm9j+BeS3GcFn2U=
22,-34,0anKTbjxrqb+d+JVqt5B+gTj8Yk=,QrxXQCd4+BzRisS72lPps27QPWk=
28,-39,0anKTbjxrqb+d+JVqt5B+gTj8Yk=,YaxCpLP+2SeRW24wZrjEXTUD0Io=
24,-34,0anKTbjxrqb+d+JVqt5B+gTj8Yk=,y79UeGzyE61S92gjz+UMhTGDhow=
26,-47,0anKTbjxrqb+d+JVqt5B+gTj8Yk=,16HmOlnv0tib8giapHPrhRT6Y5Q=
27,-34,0anKTbjxrqb+d+JVqt5B+gTj8Yk=,y79UeGzyE61S92gjz+UMhTGDhow=
26,-39,0anKTbjxrqb+d+JVqt5B+gTj8Yk=,VGhWFdMhbROItPqaI6dxenoM484=
29,-40,0anKTbjxrqb+d+JVqt5B+gTj8Yk=,YaxCpLP+2SeRW24wZrjEXTUD0Io=
28,-34,0anKTbjxrqb+d+JVqt5B+gTj8Yk=,jsAoGVf8lQpVRm9j+BeS3GcFn2U=
16,-46,0anKTbjxrqb+d+JVqt5B+gTj8Yk=,41xi6p2reFyZZYema1N78wP9fAc=
27,-48,0anKTbjxrqb+d+JVqt5B+gTj8Yk=,16HmOlnv0tib8giapHPrhRT6Y5Q=
24,-48,0anKTbjxrqb+d+JVqt5B+gTj8Yk=,16HmOlnv0tib8giapHPrhRT6Y5Q=
26,-41,0anKTbjxrqb+d+JVqt5B+gTj8Yk=,VGhWFdMhbROItPqaI6dxenoM484=
26,-40,0anKTbjxrqb+d+JVqt5B+gTj8Yk=,VGhWFdMhbROItPqaI6dxenoM484=
29,-39,0anKTbjxrqb+d+JVqt5B+gTj8Yk=,YaxCpLP+2SeRW24wZrjEXTUD0Io=
29,-48,0anKTbjxrqb+d+JVqt5B+gTj8Yk=,YaxCpLP+2SeRW24wZrjEXTUD0Io=
29,-47,0anKTbjxrqb+d+JVqt5B+gTj8Yk=,YaxCpLP+2SeRW24wZrjEXTUD0Io=
23,-34,0anKTbjxrqb+d+JVqt5B+gTj8Yk=,QrxXQCd4+BzRisS72lPps27QPWk=
31,-35,0anKTbjxrqb+d+JVqt5B+gTj8Yk=,jsAoGVf8lQpVRm9j+BeS3GcFn2U=
25,-47,0anKTbjxrqb+d+JVqt5B+gTj8Yk=,16HmOlnv0tib8giapHPrhRT6Y5Q=
30,-48,0anKTbjxrqb+d+JVqt5B+gTj8Yk=,YaxCpLP+2SeRW24wZrjEXTUD0Io=
26,-42,0anKTbjxrqb+d+JVqt5B+gTj8Yk=,VGhWFdMhbROItPqaI6dxenoM484=
16,-44,0anKTbjxrqb+d+JVqt5B+gTj8Yk=,41xi6p2reFyZZYema1N78wP9fAc=
24,-47,0anKTbjxrqb+d+JVqt5B+gTj8Yk=,16HmOlnv0tib8giapHPrhRT6Y5Q=
25,-48,0anKTbjxrqb+d+JVqt5B+gTj8Yk=,16HmOlnv0tib8giapHPrhRT6Y5Q=
30,-42,0anKTbjxrqb+d+JVqt5B+gTj8Yk=,YaxCpLP+2SeRW24wZrjEXTUD0Io=
29,-36,0anKTbjxrqb+d+JVqt5B+gTj8Yk=,jsAoGVf8lQpVRm9j+BeS3GcFn2U=
29,-42,0anKTbjxrqb+d+JVqt5B+gTj8Yk=,YaxCpLP+2SeRW24wZrjEXTUD0Io=
27,-42,0anKTbjxrqb+d+JVqt5B+gTj8Yk=,VGhWFdMhbROItPqaI6dxenoM484=
30,-47,0anKTbjxrqb+d+JVqt5B+gTj8Yk=,YaxCpLP+2SeRW24wZrjEXTUD0Io=
27,-39,0anKTbjxrqb+d+JVqt5B+gTj8Yk=,VGhWFdMhbROItPqaI6dxenoM484=
28,-48,0anKTbjxrqb+d+JVqt5B+gTj8Yk=,YaxCpLP+2SeRW24wZrjEXTUD0Io=
28,-47,0anKTbjxrqb+d+JVqt5B+gTj8Yk=,YaxCpLP+2SeRW24wZrjEXTUD0Io=
30,-41,0anKTbjxrqb+d+JVqt5B+gTj8Yk=,YaxCpLP+2SeRW24wZrjEXTUD0Io=
23,-48,0anKTbjxrqb+d+JVqt5B+gTj8Yk=,yY06nljRq/GsjtDEoOnpyrgZMqg=
30,-37,0anKTbjxrqb+d+JVqt5B+gTj8Yk=,YaxCpLP+2SeRW24wZrjEXTUD0Io=
26,-38,0anKTbjxrqb+d+JVqt5B+gTj8Yk=,VGhWFdMhbROItPqaI6dxenoM484=
26,-37,0anKTbjxrqb+d+JVqt5B+gTj8Yk=,VGhWFdMhbROItPqaI6dxenoM484=
16,-48,0anKTbjxrqb+d+JVqt5B+gTj8Yk=,41xi6p2reFyZZYema1N78wP9fAc=
16,-45,0anKTbjxrqb+d+JVqt5B+gTj8Yk=,41xi6p2reFyZZYema1N78wP9fAc=
25,-34,0anKTbjxrqb+d+JVqt5B+gTj8Yk=,y79UeGzyE61S92gjz+UMhTGDhow=
22,-48,0anKTbjxrqb+d+JVqt5B+gTj8Yk=,yY06nljRq/GsjtDEoOnpyrgZMqg=
30,-39,0anKTbjxrqb+d+JVqt5B+gTj8Yk=,YaxCpLP+2SeRW24wZrjEXTUD0Io=
26,-34,0anKTbjxrqb+d+JVqt5B+gTj8Yk=,y79UeGzyE61S92gjz+UMhTGDhow=
31,-33,0anKTbjxrqb+d+JVqt5B+gTj8Yk=,jsAoGVf8lQpVRm9j+BeS3GcFn2U=
28,-40,0anKTbjxrqb+d+JVqt5B+gTj8Yk=,YaxCpLP+2SeRW24wZrjEXTUD0Io=
30,-35,0anKTbjxrqb+d+JVqt5B+gTj8Yk=,jsAoGVf8lQpVRm9j+BeS3GcFn2U=
16,-47,0anKTbjxrqb+d+JVqt5B+gTj8Yk=,41xi6p2reFyZZYema1N78wP9fAc=
31,-48,0anKTbjxrqb+d+JVqt5B+gTj8Yk=,YaxCpLP+2SeRW24wZrjEXTUD0Io=
31,-47,0anKTbjxrqb+d+JVqt5B+gTj8Yk=,YaxCpLP+2SeRW24wZrjEXTUD0Io=
28,-38,0anKTbjxrqb+d+JVqt5B+gTj8Yk=,YaxCpLP+2SeRW24wZrjEXTUD0Io=
28,-35,0anKTbjxrqb+d+JVqt5B+gTj8Yk=,jsAoGVf8lQpVRm9j+BeS3GcFn2U=
31,-37,0anKTbjxrqb+d+JVqt5B+gTj8Yk=,YaxCpLP+2SeRW24wZrjEXTUD0Io=
29,-35,0anKTbjxrqb+d+JVqt5B+gTj8Yk=,jsAoGVf8lQpVRm9j+BeS3GcFn2U=
28,-42,0anKTbjxrqb+d+JVqt5B+gTj8Yk=,YaxCpLP+2SeRW24wZrjEXTUD0Io=
27,-40,0anKTbjxrqb+d+JVqt5B+gTj8Yk=,VGhWFdMhbROItPqaI6dxenoM484=
28,-36,0anKTbjxrqb+d+JVqt5B+gTj8Yk=,jsAoGVf8lQpVRm9j+BeS3GcFn2U=
30,-36,0anKTbjxrqb+d+JVqt5B+gTj8Yk=,jsAoGVf8lQpVRm9j+BeS3GcFn2U=
17,-43,0anKTbjxrqb+d+JVqt5B+gTj8Yk=,41xi6p2reFyZZYema1N78wP9fAc=
31,-42,0anKTbjxrqb+d+JVqt5B+gTj8Yk=,YaxCpLP+2SeRW24wZrjEXTUD0Io=
17,-47,0anKTbjxrqb+d+JVqt5B+gTj8Yk=,41xi6p2reFyZZYema1N78wP9fAc=
31,-41,0anKTbjxrqb+d+JVqt5B+gTj8Yk=,YaxCpLP+2SeRW24wZrjEXTUD0Io=
17,-48,0anKTbjxrqb+d+JVqt5B+gTj8Yk=,41xi6p2reFyZZYema1N78wP9fAc=
22,-47,0anKTbjxrqb+d+JVqt5B+gTj8Yk=,yY06nljRq/GsjtDEoOnpyrgZMqg=
28,-37,0anKTbjxrqb+d+JVqt5B+gTj8Yk=,YaxCpLP+2SeRW24wZrjEXTUD0Io=
27,-38,0anKTbjxrqb+d+JVqt5B+gTj8Yk=,VGhWFdMhbROItPqaI6dxenoM484=
29,-37,0anKTbjxrqb+d+JVqt5B+gTj8Yk=,YaxCpLP+2SeRW24wZrjEXTUD0Io=
29,-41,0anKTbjxrqb+d+JVqt5B+gTj8Yk=,YaxCpLP+2SeRW24wZrjEXTUD0Io=
30,-40,0anKTbjxrqb+d+JVqt5B+gTj8Yk=,YaxCpLP+2SeRW24wZrjEXTUD0Io=
27,-41,0anKTbjxrqb+d+JVqt5B+gTj8Yk=,VGhWFdMhbROItPqaI6dxenoM484=
21,-48,0anKTbjxrqb+d+JVqt5B+gTj8Yk=,yY06nljRq/GsjtDEoOnpyrgZMqg=
18,-47,0anKTbjxrqb+d+JVqt5B+gTj8Yk=,41xi6p2reFyZZYema1N78wP9fAc=
28,-41,0anKTbjxrqb+d+JVqt5B+gTj8Yk=,YaxCpLP+2SeRW24wZrjEXTUD0Io=
17,-46,0anKTbjxrqb+d+JVqt5B+gTj8Yk=,41xi6p2reFyZZYema1N78wP9fAc=
21,-47,0anKTbjxrqb+d+JVqt5B+gTj8Yk=,yY06nljRq/GsjtDEoOnpyrgZMqg=
31,-38,0anKTbjxrqb+d+JVqt5B+gTj8Yk=,YaxCpLP+2SeRW24wZrjEXTUD0Io=
31,-40,0anKTbjxrqb+d+JVqt5B+gTj8Yk=,YaxCpLP+2SeRW24wZrjEXTUD0Io=
17,-45,0anKTbjxrqb+d+JVqt5B+gTj8Yk=,41xi6p2reFyZZYema1N78wP9fAc=
30,-33,0anKTbjxrqb+d+JVqt5B+gTj8Yk=,jsAoGVf8lQpVRm9j+BeS3GcFn2U=
31,-39,0anKTbjxrqb+d+JVqt5B+gTj8Yk=,YaxCpLP+2SeRW24wZrjEXTUD0Io=
27,-37,0anKTbjxrqb+d+JVqt5B+gTj8Yk=,VGhWFdMhbROItPqaI6dxenoM484=
16,-43,0anKTbjxrqb+d+JVqt5B+gTj8Yk=,41xi6p2reFyZZYema1N78wP9fAc=
23,-47,0anKTbjxrqb+d+JVqt5B+gTj8Yk=,yY06nljRq/GsjtDEoOnpyrgZMqg=
30,-38,0anKTbjxrqb+d+JVqt5B+gTj8Yk=,YaxCpLP+2SeRW24wZrjEXTUD0Io=
20,-47,0anKTbjxrqb+d+JVqt5B+gTj8Yk=,yY06nljRq/GsjtDEoOnpyrgZMqg=
18,-48,0anKTbjxrqb+d+JVqt5B+gTj8Yk=,41xi6p2reFyZZYema1N78wP9fAc=
29,-38,0anKTbjxrqb+d+JVqt5B+gTj8Yk=,YaxCpLP+2SeRW24wZrjEXTUD0Io=
17,-44,0anKTbjxrqb+d+JVqt5B+gTj8Yk=,41xi6p2reFyZZYema1N78wP9fAc=
31,-34,0anKTbjxrqb+d+JVqt5B+gTj8Yk=,jsAoGVf8lQpVRm9j+BeS3GcFn2U=
19,-48,0anKTbjxrqb+d+JVqt5B+gTj8Yk=,41xi6p2reFyZZYema1N78wP9fAc=
19,-47,0anKTbjxrqb+d+JVqt5B+gTj8Yk=,41xi6p2reFyZZYema1N78wP9fAc=
30,-34,0anKTbjxrqb+d+JVqt5B+gTj8Yk=,jsAoGVf8lQpVRm9j+BeS3GcFn2U=
20,-48,0anKTbjxrqb+d+JVqt5B+gTj8Yk=,yY06nljRq/GsjtDEoOnpyrgZMqg=
19,-52,f6DQYU9k1BPnS0QgwPrIwlJSWGs=,41xi6p2reFyZZYema1N78wP9fAc=
18,-52,f6DQYU9k1BPnS0QgwPrIwlJSWGs=,41xi6p2reFyZZYema1N78wP9fAc=
18,-53,f6DQYU9k1BPnS0QgwPrIwlJSWGs=,41xi6p2reFyZZYema1N78wP9fAc=
20,-52,f6DQYU9k1BPnS0QgwPrIwlJSWGs=,yY06nljRq/GsjtDEoOnpyrgZMqg=
19,-54,f6DQYU9k1BPnS0QgwPrIwlJSWGs=,41xi6p2reFyZZYema1N78wP9fAc=
18,-54,f6DQYU9k1BPnS0QgwPrIwlJSWGs=,41xi6p2reFyZZYema1N78wP9fAc=
18,-51,f6DQYU9k1BPnS0QgwPrIwlJSWGs=,41xi6p2reFyZZYema1N78wP9fAc=
19,-53,f6DQYU9k1BPnS0QgwPrIwlJSWGs=,41xi6p2reFyZZYema1N78wP9fAc=
20,-51,f6DQYU9k1BPnS0QgwPrIwlJSWGs=,yY06nljRq/GsjtDEoOnpyrgZMqg=
21,-51,f6DQYU9k1BPnS0QgwPrIwlJSWGs=,yY06nljRq/GsjtDEoOnpyrgZMqg=
21,-52,f6DQYU9k1BPnS0QgwPrIwlJSWGs=,yY06nljRq/GsjtDEoOnpyrgZMqg=
19,-51,f6DQYU9k1BPnS0QgwPrIwlJSWGs=,41xi6p2reFyZZYema1N78wP9fAc=
20,-53,f6DQYU9k1BPnS0QgwPrIwlJSWGs=,yY06nljRq/GsjtDEoOnpyrgZMqg=
21,-53,f6DQYU9k1BPnS0QgwPrIwlJSWGs=,yY06nljRq/GsjtDEoOnpyrgZMqg=
20,-54,f6DQYU9k1BPnS0QgwPrIwlJSWGs=,yY06nljRq/GsjtDEoOnpyrgZMqg=
21,-54,f6DQYU9k1BPnS0QgwPrIwlJSWGs=,yY06nljRq/GsjtDEoOnpyrgZMqg=
23,-53,f6DQYU9k1BPnS0QgwPrIwlJSWGs=,yY06nljRq/GsjtDEoOnpyrgZMqg=
22,-52,f6DQYU9k1BPnS0QgwPrIwlJSWGs=,yY06nljRq/GsjtDEoOnpyrgZMqg=
23,-54,f6DQYU9k1BPnS0QgwPrIwlJSWGs=,yY06nljRq/GsjtDEoOnpyrgZMqg=
24,-54,f6DQYU9k1BPnS0QgwPrIwlJSWGs=,16HmOlnv0tib8giapHPrhRT6Y5Q=
25,-53,PKPolje2IkVxUB4u4877VEGEopk=,16HmOlnv0tib8giapHPrhRT6Y5Q=
23,-52,PKPolje2IkVxUB4u4877VEGEopk=,yY06nljRq/GsjtDEoOnpyrgZMqg=
22,-53,PKPolje2IkVxUB4u4877VEGEopk=,yY06nljRq/GsjtDEoOnpyrgZMqg=
22,-54,PKPolje2IkVxUB4u4877VEGEopk=,yY06nljRq/GsjtDEoOnpyrgZMqg=
22,-51,PKPolje2IkVxUB4u4877VEGEopk=,yY06nljRq/GsjtDEoOnpyrgZMqg=
24,-52,PKPolje2IkVxUB4u4877VEGEopk=,16HmOlnv0tib8giapHPrhRT6Y5Q=
24,-51,RPfYqiItAS8LQZxBff2EnWcghro=,16HmOlnv0tib8giapHPrhRT6Y5Q=
25,-51,RPfYqiItAS8LQZxBff2EnWcghro=,16HmOlnv0tib8giapHPrhRT6Y5Q=
24,-53,RPfYqiItAS8LQZxBff2EnWcghro=,16HmOlnv0tib8giapHPrhRT6Y5Q=
23,-51,RPfYqiItAS8LQZxBff2EnWcghro=,yY06nljRq/GsjtDEoOnpyrgZMqg=
25,-52,RPfYqiItAS8LQZxBff2EnWcghro=,16HmOlnv0tib8giapHPrhRT6Y5Q=
25,-54,RPfYqiItAS8LQZxBff2EnWcghro=,16HmOlnv0tib8giapHPrhRT6Y5Q=
25,-57,RdH62tlR1tIIy//pEAunIcqJ+QQ=,16HmOlnv0tib8giapHPrhRT6Y5Q=
24,-57,RdH62tlR1tIIy//pEAunIcqJ+QQ=,16HmOlnv0tib8giapHPrhRT6Y5Q=
25,-58,RdH62tlR1tIIy//pEAunIcqJ+QQ=,16HmOlnv0tib8giapHPrhRT6Y5Q=
23,-58,RdH62tlR1tIIy//pEAunIcqJ+QQ=,yY06nljRq/GsjtDEoOnpyrgZMqg=
24,-55,RdH62tlR1tIIy//pEAunIcqJ+QQ=,16HmOlnv0tib8giapHPrhRT6Y5Q=
25,-55,CykXjoQopfvO9UrIMn1RZLfcJZM=,16HmOlnv0tib8giapHPrhRT6Y5Q=
22,-57,CykXjoQopfvO9UrIMn1RZLfcJZM=,yY06nljRq/GsjtDEoOnpyrgZMqg=
22,-55,35/sfeBGjZlLLTTejKOrmePegdU=,yY06nljRq/GsjtDEoOnpyrgZMqg=
23,-57,35/sfeBGjZlLLTTejKOrmePegdU=,yY06nljRq/GsjtDEoOnpyrgZMqg=
22,-58,35/sfeBGjZlLLTTejKOrmePegdU=,yY06nljRq/GsjtDEoOnpyrgZMqg=
25,-56,35/sfeBGjZlLLTTejKOrmePegdU=,16HmOlnv0tib8giapHPrhRT6Y5Q=
23,-55,hCPNlil984DRMlzGNntDqbZe3GM=,yY06nljRq/GsjtDEoOnpyrgZMqg=
24,-58,hCPNlil984DRMlzGNntDqbZe3GM=,16HmOlnv0tib8giapHPrhRT6Y5Q=
24,-56,hCPNlil984DRMlzGNntDqbZe3GM=,16HmOlnv0tib8giapHPrhRT6Y5Q=
23,-56,hCPNlil984DRMlzGNntDqbZe3GM=,yY06nljRq/GsjtDEoOnpyrgZMqg=
22,-56,hCPNlil984DRMlzGNntDqbZe3GM=,yY06nljRq/GsjtDEoOnpyrgZMqg=
18,-60,hCPNlil984DRMlzGNntDqbZe3GM=,41xi6p2reFyZZYema1N78wP9fAc=
20,-61,Y+A56HTMB7EeIs72cPlXeiKtsUU=,yY06nljRq/GsjtDEoOnpyrgZMqg=
19,-61,Y+A56HTMB7EeIs72cPlXeiKtsUU=,41xi6p2reFyZZYema1N78wP9fAc=
18,-55,Y+A56HTMB7EeIs72cPlXeiKtsUU=,41xi6p2reFyZZYema1N78wP9fAc=
25,-62,Y+A56HTMB7EeIs72cPlXeiKtsUU=,kCdes+HzmKV+r6tXqbbLc8vhjr4=
21,-55,Y+A56HTMB7EeIs72cPlXeiKtsUU=,yY06nljRq/GsjtDEoOnpyrgZMqg=
19,-55,Y+A56HTMB7EeIs72cPlXeiKtsUU=,41xi6p2reFyZZYema1N78wP9fAc=
19,-60,Y+A56HTMB7EeIs72cPlXeiKtsUU=,41xi6p2reFyZZYema1N78wP9fAc=
21,-62,8Yvb4L7EFcZ4GY0SYFwxTzvTErg=,yY06nljRq/GsjtDEoOnpyrgZMqg=
18,-62,8Yvb4L7EFcZ4GY0SYFwxTzvTErg=,41xi6p2reFyZZYema1N78wP9fAc=
18,-61,8Yvb4L7EFcZ4GY0SYFwxTzvTErg=,41xi6p2reFyZZYema1N78wP9fAc=
20,-55,8Yvb4L7EFcZ4GY0SYFwxTzvTErg=,yY06nljRq/GsjtDEoOnpyrgZMqg=
20,-62,8Yvb4L7EFcZ4GY0SYFwxTzvTErg=,yY06nljRq/GsjtDEoOnpyrgZMqg=
23,-61,v57pQupNqVory/jJARxTTD47so0=,yY06nljRq/GsjtDEoOnpyrgZMqg=
25,-60,v57pQupNqVory/jJARxTTD47so0=,16HmOlnv0tib8giapHPrhRT6Y5Q=
19,-57,v57pQupNqVory/jJARxTTD47so0=,41xi6p2reFyZZYema1N78wP9fAc=
21,-61,v57pQupNqVory/jJARxTTD47so0=,yY06nljRq/GsjtDEoOnpyrgZMqg=
21,-59,YpYSau6q9b4tH32GXSXei/SOdrA=,yY06nljRq/GsjtDEoOnpyrgZMqg=
19,-62,YpYSau6q9b4tH32GXSXei/SOdrA=,41xi6p2reFyZZYema1N78wP9fAc=
18,-57,YpYSau6q9b4tH32GXSXei/SOdrA=,41xi6p2reFyZZYema1N78wP9fAc=
24,-62,jm6DZv8TLxouVgUfgIoaErCBwXg=,kCdes+HzmKV+r6tXqbbLc8vhjr4=
27,-61,jm6DZv8TLxouVgUfgIoaErCBwXg=,kCdes+HzmKV+r6tXqbbLc8vhjr4=
25,-61,jm6DZv8TLxouVgUfgIoaErCBwXg=,kCdes+HzmKV+r6tXqbbLc8vhjr4=
24,-60,Y0D0ZR99kuQK+Wa/IYlz3cXJ3G4=,16HmOlnv0tib8giapHPrhRT6Y5Q=
29,-59,Y0D0ZR99kuQK+Wa/IYlz3cXJ3G4=,+5jiniF0FNAld6nrI4NMoAuxwOY=
26,-61,Y0D0ZR99kuQK+Wa/IYlz3cXJ3G4=,kCdes+HzmKV+r6tXqbbLc8vhjr4=
19,-58,Y0D0ZR99kuQK+Wa/IYlz3cXJ3G4=,41xi6p2reFyZZYema1N78wP9fAc=
26,-59,Y0D0ZR99kuQK+Wa/IYlz3cXJ3G4=,16HmOlnv0tib8giapHPrhRT6Y5Q=
24,-61,Y0D0ZR99kuQK+Wa/IYlz3cXJ3G4=,kCdes+HzmKV+r6tXqbbLc8vhjr4=
23,-62,Y0D0ZR99kuQK+Wa/IYlz3cXJ3G4=,yY06nljRq/GsjtDEoOnpyrgZMqg=
27,-60,Y0D0ZR99kuQK+Wa/IYlz3cXJ3G4=,16HmOlnv0tib8giapHPrhRT6Y5Q=
23,-60,Y0D0ZR99kuQK+Wa/IYlz3cXJ3G4=,yY06nljRq/GsjtDEoOnpyrgZMqg=
26,-62,Y0D0ZR99kuQK+Wa/IYlz3cXJ3G4=,kCdes+HzmKV+r6tXqbbLc8vhjr4=
27,-58,Y0D0ZR99kuQK+Wa/IYlz3cXJ3G4=,16HmOlnv0tib8giapHPrhRT6Y5Q=
21,-58,Y0D0ZR99kuQK+Wa/IYlz3cXJ3G4=,yY06nljRq/GsjtDEoOnpyrgZMqg=
22,-61,Y0D0ZR99kuQK+Wa/IYlz3cXJ3G4=,yY06nljRq/GsjtDEoOnpyrgZMqg=
29,-62,Y0D0ZR99kuQK+Wa/IYlz3cXJ3G4=,+5jiniF0FNAld6nrI4NMoAuxwOY=
27,-62,Y0D0ZR99kuQK+Wa/IYlz3cXJ3G4=,kCdes+HzmKV+r6tXqbbLc8vhjr4=
28,-59,Y0D0ZR99kuQK+Wa/IYlz3cXJ3G4=,+5jiniF0FNAld6nrI4NMoAuxwOY=
25,-59,Y0D0ZR99kuQK+Wa/IYlz3cXJ3G4=,16HmOlnv0tib8giapHPrhRT6Y5Q=
18,-58,Y0D0ZR99kuQK+Wa/IYlz3cXJ3G4=,41xi6p2reFyZZYema1N78wP9fAc=
28,-62,Y0D0ZR99kuQK+Wa/IYlz3cXJ3G4=,+5jiniF0FNAld6nrI4NMoAuxwOY=
26,-60,Y0D0ZR99kuQK+Wa/IYlz3cXJ3G4=,16HmOlnv0tib8giapHPrhRT6Y5Q=
22,-59,Y0D0ZR99kuQK+Wa/IYlz3cXJ3G4=,yY06nljRq/GsjtDEoOnpyrgZMqg=
27,-59,Y0D0ZR99kuQK+Wa/IYlz3cXJ3G4=,16HmOlnv0tib8giapHPrhRT6Y5Q=
21,-56,Y0D0ZR99kuQK+Wa/IYlz3cXJ3G4=,yY06nljRq/GsjtDEoOnpyrgZMqg=
29,-61,Y0D0ZR99kuQK+Wa/IYlz3cXJ3G4=,+5jiniF0FNAld6nrI4NMoAuxwOY=
26,-57,Y0D0ZR99kuQK+Wa/IYlz3cXJ3G4=,16HmOlnv0tib8giapHPrhRT6Y5Q=
21,-57,Y0D0ZR99kuQK+Wa/IYlz3cXJ3G4=,yY06nljRq/GsjtDEoOnpyrgZMqg=
23,-59,Y0D0ZR99kuQK+Wa/IYlz3cXJ3G4=,yY06nljRq/GsjtDEoOnpyrgZMqg=
22,-62,Y0D0ZR99kuQK+Wa/IYlz3cXJ3G4=,yY06nljRq/GsjtDEoOnpyrgZMqg=
24,-59,Y0D0ZR99kuQK+Wa/IYlz3cXJ3G4=,16HmOlnv0tib8giapHPrhRT6Y5Q=
28,-60,Y0D0ZR99kuQK+Wa/IYlz3cXJ3G4=,+5jiniF0FNAld6nrI4NMoAuxwOY=
18,-56,Y0D0ZR99kuQK+Wa/IYlz3cXJ3G4=,41xi6p2reFyZZYema1N78wP9fAc=
20,-59,Y0D0ZR99kuQK+Wa/IYlz3cXJ3G4=,yY06nljRq/GsjtDEoOnpyrgZMqg=
29,-60,Y0D0ZR99kuQK+Wa/IYlz3cXJ3G4=,+5jiniF0FNAld6nrI4NMoAuxwOY=
22,-60,Y0D0ZR99kuQK+Wa/IYlz3cXJ3G4=,yY06nljRq/GsjtDEoOnpyrgZMqg=
28,-61,Y0D0ZR99kuQK+Wa/IYlz3cXJ3G4=,+5jiniF0FNAld6nrI4NMoAuxwOY=
20,-60,Y0D0ZR99kuQK+Wa/IYlz3cXJ3G4=,yY06nljRq/GsjtDEoOnpyrgZMqg=
19,-59,Y0D0ZR99kuQK+Wa/IYlz3cXJ3G4=,41xi6p2reFyZZYema1N78wP9fAc=
20,-56,Y0D0ZR99kuQK+Wa/IYlz3cXJ3G4=,yY06nljRq/GsjtDEoOnpyrgZMqg=
20,-58,Y0D0ZR99kuQK+Wa/IYlz3cXJ3G4=,yY06nljRq/GsjtDEoOnpyrgZMqg=
20,-57,Y0D0ZR99kuQK+Wa/IYlz3cXJ3G4=,yY06nljRq/GsjtDEoOnpyrgZMqg=
18,-59,Y0D0ZR99kuQK+Wa/IYlz3cXJ3G4=,41xi6p2reFyZZYema1N78wP9fAc=
30,-50,Y0D0ZR99kuQK+Wa/IYlz3cXJ3G4=,YaxCpLP+2SeRW24wZrjEXTUD0Io=
31,-50,Y0D0ZR99kuQK+Wa/IYlz3cXJ3G4=,YaxCpLP+2SeRW24wZrjEXTUD0Io=
21,-60,Y0D0ZR99kuQK+Wa/IYlz3cXJ3G4=,yY06nljRq/GsjtDEoOnpyrgZMqg=
31,-49,Y0D0ZR99kuQK+Wa/IYlz3cXJ3G4=,YaxCpLP+2SeRW24wZrjEXTUD0Io=
26,-58,Y0D0ZR99kuQK+Wa/IYlz3cXJ3G4=,16HmOlnv0tib8giapHPrhRT6Y5Q=
19,-56,Y0D0ZR99kuQK+Wa/IYlz3cXJ3G4=,41xi6p2reFyZZYema1N78wP9fAc=
27,-57,Y0D0ZR99kuQK+Wa/IYlz3cXJ3G4=,16HmOlnv0tib8giapHPrhRT6Y5Q=
29,-49,Y0D0ZR99kuQK+Wa/IYlz3cXJ3G4=,YaxCpLP+2SeRW24wZrjEXTUD0Io=
30,-49,Y0D0ZR99kuQK+Wa/IYlz3cXJ3G4=,YaxCpLP+2SeRW24wZrjEXTUD0Io=
22,-50,Y0D0ZR99kuQK+Wa/IYlz3cXJ3G4=,yY06nljRq/GsjtDEoOnpyrgZMqg=
25,-49,Y0D0ZR99kuQK+Wa/IYlz3cXJ3G4=,16HmOlnv0tib8giapHPrhRT6Y5Q=
21,-49,Y0D0ZR99kuQK+Wa/IYlz3cXJ3G4=,yY06nljRq/GsjtDEoOnpyrgZMqg=
28,-49,Y0D0ZR99kuQK+Wa/IYlz3cXJ3G4=,YaxCpLP+2SeRW24wZrjEXTUD0Io=
29,-50,Y0D0ZR99kuQK+Wa/IYlz3cXJ3G4=,YaxCpLP+2SeRW24wZrjEXTUD0Io=
28,-50,Y0D0ZR99kuQK+Wa/IYlz3cXJ3G4=,YaxCpLP+2SeRW24wZrjEXTUD0Io=
31,-61,Y0D0ZR99kuQK+Wa/IYlz3cXJ3G4=,+5jiniF0FNAld6nrI4NMoAuxwOY=
30,-57,Y0D0ZR99kuQK+Wa/IYlz3cXJ3G4=,+5jiniF0FNAld6nrI4NMoAuxwOY=
29,-64,Y0D0ZR99kuQK+Wa/IYlz3cXJ3G4=,+5jiniF0FNAld6nrI4NMoAuxwOY=
25,-50,Y0D0ZR99kuQK+Wa/IYlz3cXJ3G4=,16HmOlnv0tib8giapHPrhRT6Y5Q=
28,-64,Y0D0ZR99kuQK+Wa/IYlz3cXJ3G4=,+5jiniF0FNAld6nrI4NMoAuxwOY=
26,-55,Y0D0ZR99kuQK+Wa/IYlz3cXJ3G4=,16HmOlnv0tib8giapHPrhRT6Y5Q=
29,-58,Y0D0ZR99kuQK+Wa/IYlz3cXJ3G4=,+5jiniF0FNAld6nrI4NMoAuxwOY=
24,-50,Y0D0ZR99kuQK+Wa/IYlz3cXJ3G4=,16HmOlnv0tib8giapHPrhRT6Y5Q=
26,-50,Y0D0ZR99kuQK+Wa/IYlz3cXJ3G4=,16HmOlnv0tib8giapHPrhRT6Y5Q=
23,-49,Y0D0ZR99kuQK+Wa/IYlz3cXJ3G4=,yY06nljRq/GsjtDEoOnpyrgZMqg=
20,-49,Y0D0ZR99kuQK+Wa/IYlz3cXJ3G4=,yY06nljRq/GsjtDEoOnpyrgZMqg=
29,-63,Y0D0ZR99kuQK+Wa/IYlz3cXJ3G4=,+5jiniF0FNAld6nrI4NMoAuxwOY=
27,-56,Y0D0ZR99kuQK+Wa/IYlz3cXJ3G4=,16HmOlnv0tib8giapHPrhRT6Y5Q=
19,-49,Y0D0ZR99kuQK+Wa/IYlz3cXJ3G4=,41xi6p2reFyZZYema1N78wP9fAc=
24,-49,Y0D0ZR99kuQK+Wa/IYlz3cXJ3G4=,16HmOlnv0tib8giapHPrhRT6Y5Q=
28,-58,Y0D0ZR99kuQK+Wa/IYlz3cXJ3G4=,+5jiniF0FNAld6nrI4NMoAuxwOY=
31,-60,Y0D0ZR99kuQK+Wa/IYlz3cXJ3G4=,+5jiniF0FNAld6nrI4NMoAuxwOY=
30,-58,Y0D0ZR99kuQK+Wa/IYlz3cXJ3G4=,+5jiniF0FNAld6nrI4NMoAuxwOY=
26,-51,Y0D0ZR99kuQK+Wa/IYlz3cXJ3G4=,16HmOlnv0tib8giapHPrhRT6Y5Q=
24,-64,Y0D0ZR99kuQK+Wa/IYlz3cXJ3G4=,kCdes+HzmKV+r6tXqbbLc8vhjr4=
28,-57,Y0D0ZR99kuQK+Wa/IYlz3cXJ3G4=,+5jiniF0FNAld6nrI4NMoAuxwOY=
28,-63,Y0D0ZR99kuQK+Wa/IYlz3cXJ3G4=,+5jiniF0FNAld6nrI4NMoAuxwOY=
31,-57,Y0D0ZR99kuQK+Wa/IYlz3cXJ3G4=,+5jiniF0FNAld6nrI4NMoAuxwOY=
26,-64,Y0D0ZR99kuQK+Wa/IYlz3cXJ3G4=,kCdes+HzmKV+r6tXqbbLc8vhjr4=
23,-64,Y0D0ZR99kuQK+Wa/IYlz3cXJ3G4=,yY06nljRq/GsjtDEoOnpyrgZMqg=
19,-50,Y0D0ZR99kuQK+Wa/IYlz3cXJ3G4=,41xi6p2reFyZZYema1N78wP9fAc=
20,-64,Y0D0ZR99kuQK+Wa/IYlz3cXJ3G4=,yY06nljRq/GsjtDEoOnpyrgZMqg=
28,-55,Y0D0ZR99kuQK+Wa/IYlz3cXJ3G4=,+5jiniF0FNAld6nrI4NMoAuxwOY=
23,-50,Y0D0ZR99kuQK+Wa/IYlz3cXJ3G4=,yY06nljRq/GsjtDEoOnpyrgZMqg=
27,-64,Y0D0ZR99kuQK+Wa/IYlz3cXJ3G4=,kCdes+HzmKV+r6tXqbbLc8vhjr4=
22,-63,Y0D0ZR99kuQK+Wa/IYlz3cXJ3G4=,yY06nljRq/GsjtDEoOnpyrgZMqg=
22,-49,Y0D0ZR99kuQK+Wa/IYlz3cXJ3G4=,yY06nljRq/GsjtDEoOnpyrgZMqg=
31,-58,Y0D0ZR99kuQK+Wa/IYlz3cXJ3G4=,+5jiniF0FNAld6nrI4NMoAuxwOY=
31,-62,Y0D0ZR99kuQK+Wa/IYlz3cXJ3G4=,+5jiniF0FNAld6nrI4NMoAuxwOY=
22,-64,Y0D0ZR99kuQK+Wa/IYlz3cXJ3G4=,yY06nljRq/GsjtDEoOnpyrgZMqg=
30,-55,Y0D0ZR99kuQK+Wa/IYlz3cXJ3G4=,+5jiniF0FNAld6nrI4NMoAuxwOY=
21,-63,Y0D0ZR99kuQK+Wa/IYlz3cXJ3G4=,yY06nljRq/GsjtDEoOnpyrgZMqg=
16,-60,Y0D0ZR99kuQK+Wa/IYlz3cXJ3G4=,41xi6p2reFyZZYema1N78wP9fAc=
21,-64,Y0D0ZR99kuQK+Wa/IYlz3cXJ3G4=,yY06nljRq/GsjtDEoOnpyrgZMqg=
18,-50,Y0D0ZR99kuQK+Wa/IYlz3cXJ3G4=,41xi6p2reFyZZYema1N78wP9fAc=
20,-50,Y0D0ZR99kuQK+Wa/IYlz3cXJ3G4=,yY06nljRq/GsjtDEoOnpyrgZMqg=
16,-49,Y0D0ZR99kuQK+Wa/IYlz3cXJ3G4=,41xi6p2reFyZZYema1N78wP9fAc=
31,-59,Y0D0ZR99kuQK+Wa/IYlz3cXJ3G4=,+5jiniF0FNAld6nrI4NMoAuxwOY=
18,-49,Y0D0ZR99kuQK+Wa/IYlz3cXJ3G4=,41xi6p2reFyZZYema1N78wP9fAc=
29,-57,Y0D0ZR99kuQK+Wa/IYlz3cXJ3G4=,+5jiniF0FNAld6nrI4NMoAuxwOY=
17,-50,Y0D0ZR99kuQK+Wa/IYlz3cXJ3G4=,41xi6p2reFyZZYema1N78wP9fAc=
16,-61,Y0D0ZR99kuQK+Wa/IYlz3cXJ3G4=,41xi6p2reFyZZYema1N78wP9fAc=
25,-64,Y0D0ZR99kuQK+Wa/IYlz3cXJ3G4=,kCdes+HzmKV+r6tXqbbLc8vhjr4=
26,-54,Y0D0ZR99kuQK+Wa/IYlz3cXJ3G4=,16HmOlnv0tib8giapHPrhRT6Y5Q=
21,-50,Y0D0ZR99kuQK+Wa/IYlz3cXJ3G4=,yY06nljRq/GsjtDEoOnpyrgZMqg=
26,-53,Y0D0ZR99kuQK+Wa/IYlz3cXJ3G4=,16HmOlnv0tib8giapHPrhRT6Y5Q=
27,-50,Y0D0ZR99kuQK+Wa/IYlz3cXJ3G4=,16HmOlnv0tib8giapHPrhRT6Y5Q=
31,-64,Y0D0ZR99kuQK+Wa/IYlz3cXJ3G4=,+5jiniF0FNAld6nrI4NMoAuxwOY=
26,-49,Y0D0ZR99kuQK+Wa/IYlz3cXJ3G4=,16HmOlnv0tib8giapHPrhRT6Y5Q=
16,-58,Y0D0ZR99kuQK+Wa/IYlz3cXJ3G4=,41xi6p2reFyZZYema1N78wP9fAc=
30,-60,Y0D0ZR99kuQK+Wa/IYlz3cXJ3G4=,+5jiniF0FNAld6nrI4NMoAuxwOY=
28,-56,Y0D0ZR99kuQK+Wa/IYlz3cXJ3G4=,+5jiniF0FNAld6nrI4NMoAuxwOY=
26,-52,Y0D0ZR99kuQK+Wa/IYlz3cXJ3G4=,16HmOlnv0tib8giapHPrhRT6Y5Q=
16,-50,Y0D0ZR99kuQK+Wa/IYlz3cXJ3G4=,41xi6p2reFyZZYema1N78wP9fAc=
20,-63,Y0D0ZR99kuQK+Wa/IYlz3cXJ3G4=,yY06nljRq/GsjtDEoOnpyrgZMqg=
17,-49,Y0D0ZR99kuQK+Wa/IYlz3cXJ3G4=,41xi6p2reFyZZYema1N78wP9fAc=
19,-64,Y0D0ZR99kuQK+Wa/IYlz3cXJ3G4=,41xi6p2reFyZZYema1N78wP9fAc=
28,-54,Y0D0ZR99kuQK+Wa/IYlz3cXJ3G4=,+5jiniF0FNAld6nrI4NMoAuxwOY=
27,-63,Y0D0ZR99kuQK+Wa/IYlz3cXJ3G4=,kCdes+HzmKV+r6tXqbbLc8vhjr4=
30,-59,Y0D0ZR99kuQK+Wa/IYlz3cXJ3G4=,+5jiniF0FNAld6nrI4NMoAuxwOY=
25,-63,Y0D0ZR99kuQK+Wa/IYlz3cXJ3G4=,kCdes+HzmKV+r6tXqbbLc8vhjr4=
26,-56,Y0D0ZR99kuQK+Wa/IYlz3cXJ3G4=,16HmOlnv0tib8giapHPrhRT6Y5Q=
23,-63,Y0D0ZR99kuQK+Wa/IYlz3cXJ3G4=,yY06nljRq/GsjtDEoOnpyrgZMqg=
26,-63,Y0D0ZR99kuQK+Wa/IYlz3cXJ3G4=,kCdes+HzmKV+r6tXqbbLc8vhjr4=
17,-57,Y0D0ZR99kuQK+Wa/IYlz3cXJ3G4=,41xi6p2reFyZZYema1N78wP9fAc=
24,-63,Y0D0ZR99kuQK+Wa/IYlz3cXJ3G4=,kCdes+HzmKV+r6tXqbbLc8vhjr4=
31,-63,Y0D0ZR99kuQK+Wa/IYlz3cXJ3G4=,+5jiniF0FNAld6nrI4NMoAuxwOY=
18,-63,Y0D0ZR99kuQK+Wa/IYlz3cXJ3G4=,41xi6p2reFyZZYema1N78wP9fAc=
30,-62,Y0D0ZR99kuQK+Wa/IYlz3cXJ3G4=,+5jiniF0FNAld6nrI4NMoAuxwOY=
30,-54,Y0D0ZR99kuQK+Wa/IYlz3cXJ3G4=,+5jiniF0FNAld6nrI4NMoAuxwOY=
29,-56,Y0D0ZR99kuQK+Wa/IYlz3cXJ3G4=,+5jiniF0FNAld6nrI4NMoAuxwOY=
30,-53,Y0D0ZR99kuQK+Wa/IYlz3cXJ3G4=,+5jiniF0FNAld6nrI4NMoAuxwOY=
29,-54,Y0D0ZR99kuQK+Wa/IYlz3cXJ3G4=,+5jiniF0FNAld6nrI4NMoAuxwOY=
30,-61,Y0D0ZR99kuQK+Wa/IYlz3cXJ3G4=,+5jiniF0FNAld6nrI4NMoAuxwOY=
16,-64,Y0D0ZR99kuQK+Wa/IYlz3cXJ3G4=,41xi6p2reFyZZYema1N78wP9fAc=
17,-58,Y0D0ZR99kuQK+Wa/IYlz3cXJ3G4=,41xi6p2reFyZZYema1N78wP9fAc=
27,-54,Y0D0ZR99kuQK+Wa/IYlz3cXJ3G4=,16HmOlnv0tib8giapHPrhRT6Y5Q=
27,-55,Y0D0ZR99kuQK+Wa/IYlz3cXJ3G4=,16HmOlnv0tib8giapHPrhRT6Y5Q=
17,-63,Y0D0ZR99kuQK+Wa/IYlz3cXJ3G4=,41xi6p2reFyZZYema1N78wP9fAc=
16,-59,Y0D0ZR99kuQK+Wa/IYlz3cXJ3G4=,41xi6p2reFyZZYema1N78wP9fAc=
27,-49,Y0D0ZR99kuQK+Wa/IYlz3cXJ3G4=,16HmOlnv0tib8giapHPrhRT6Y5Q=
27,-53,Y0D0ZR99kuQK+Wa/IYlz3cXJ3G4=,16HmOlnv0tib8giapHPrhRT6Y5Q=
29,-53,Y0D0ZR99kuQK+Wa/IYlz3cXJ3G4=,+5jiniF0FNAld6nrI4NMoAuxwOY=
17,-59,Y0D0ZR99kuQK+Wa/IYlz3cXJ3G4=,41xi6p2reFyZZYema1N78wP9fAc=
28,-53,Y0D0ZR99kuQK+Wa/IYlz3cXJ3G4=,+5jiniF0FNAld6nrI4NMoAuxwOY=
16,-51,Y0D0ZR99kuQK+Wa/IYlz3cXJ3G4=,41xi6p2reFyZZYema1N78wP9fAc=
17,-62,Y0D0ZR99kuQK+Wa/IYlz3cXJ3G4=,41xi6p2reFyZZYema1N78wP9fAc=
28,-51,Y0D0ZR99kuQK+Wa/IYlz3cXJ3G4=,YaxCpLP+2SeRW24wZrjEXTUD0Io=
29,-55,Y0D0ZR99kuQK+Wa/IYlz3cXJ3G4=,+5jiniF0FNAld6nrI4NMoAuxwOY=
29,-51,Y0D0ZR99kuQK+Wa/IYlz3cXJ3G4=,YaxCpLP+2SeRW24wZrjEXTUD0Io=
17,-64,Y0D0ZR99kuQK+Wa/IYlz3cXJ3G4=,41xi6p2reFyZZYema1N78wP9fAc=
31,-54,Y0D0ZR99kuQK+Wa/IYlz3cXJ3G4=,+5jiniF0FNAld6nrI4NMoAuxwOY=
16,-54,Y0D0ZR99kuQK+Wa/IYlz3cXJ3G4=,41xi6p2reFyZZYema1N78wP9fAc=
31,-55,Y0D0ZR99kuQK+Wa/IYlz3cXJ3G4=,+5jiniF0FNAld6nrI4NMoAuxwOY=
30,-63,Y0D0ZR99kuQK+Wa/IYlz3cXJ3G4=,+5jiniF0FNAld6nrI4NMoAuxwOY=
27,-51,Y0D0ZR99kuQK+Wa/IYlz3cXJ3G4=,16HmOlnv0tib8giapHPrhRT6Y5Q=
28,-52,Y0D0ZR99kuQK+Wa/IYlz3cXJ3G4=,YaxCpLP+2SeRW24wZrjEXTUD0Io=
16,-62,Y0D0ZR99kuQK+Wa/IYlz3cXJ3G4=,41xi6p2reFyZZYema1N78wP9fAc=
29,-52,Y0D0ZR99kuQK+Wa/IYlz3cXJ3G4=,YaxCpLP+2SeRW24wZrjEXTUD0Io=
31,-56,Y0D0ZR99kuQK+Wa/IYlz3cXJ3G4=,+5jiniF0FNAld6nrI4NMoAuxwOY=
30,-64,Y0D0ZR99kuQK+Wa/IYlz3cXJ3G4=,+5jiniF0FNAld6nrI4NMoAuxwOY=
30,-56,Y0D0ZR99kuQK+Wa/IYlz3cXJ3G4=,+5jiniF0FNAld6nrI4NMoAuxwOY=
18,-64,Y0D0ZR99kuQK+Wa/IYlz3cXJ3G4=,41xi6p2reFyZZYema1N78wP9fAc=
17,-61,Y0D0ZR99kuQK+Wa/IYlz3cXJ3G4=,41xi6p2reFyZZYema1N78wP9fAc=
17,-54,Y0D0ZR99kuQK+Wa/IYlz3cXJ3G4=,41xi6p2reFyZZYema1N78wP9fAc=
30,-52,Y0D0ZR99kuQK+Wa/IYlz3cXJ3G4=,YaxCpLP+2SeRW24wZrjEXTUD0Io=
30,-51,Y0D0ZR99kuQK+Wa/IYlz3cXJ3G4=,YaxCpLP+2SeRW24wZrjEXTUD0Io=
16,-57,Y0D0ZR99kuQK+Wa/IYlz3cXJ3G4=,41xi6p2reFyZZYema1N78wP9fAc=
16,-52,Y0D0ZR99kuQK+Wa/IYlz3cXJ3G4=,41xi6p2reFyZZYema1N78wP9fAc=
17,-60,Y0D0ZR99kuQK+Wa/IYlz3cXJ3G4=,41xi6p2reFyZZYema1N78wP9fAc=
27,-52,Y0D0ZR99kuQK+Wa/IYlz3cXJ3G4=,16HmOlnv0tib8giapHPrhRT6Y5Q=
16,-63,Y0D0ZR99kuQK+Wa/IYlz3cXJ3G4=,41xi6p2reFyZZYema1N78wP9fAc=
31,-51,Y0D0ZR99kuQK+Wa/IYlz3cXJ3G4=,YaxCpLP+2SeRW24wZrjEXTUD0Io=
19,-63,Y0D0ZR99kuQK+Wa/IYlz3cXJ3G4=,41xi6p2reFyZZYema1N78wP9fAc=
17,-52,Y0D0ZR99kuQK+Wa/IYlz3cXJ3G4=,41xi6p2reFyZZYema1N78wP9fAc=
17,-55,Y0D0ZR99kuQK+Wa/IYlz3cXJ3G4=,41xi6p2reFyZZYema1N78wP9fAc=
17,-53,Y0D0ZR99kuQK+Wa/IYlz3cXJ3G4=,41xi6p2reFyZZYema1N78wP9fAc=
17,-51,Y0D0ZR99kuQK+Wa/IYlz3cXJ3G4=,41xi6p2reFyZZYema1N78wP9fAc=
17,-56,Y0D0ZR99kuQK+Wa/IYlz3cXJ3G4=,41xi6p2reFyZZYema1N78wP9fAc=
31,-52,Y0D0ZR99kuQK+Wa/IYlz3cXJ3G4=,YaxCpLP+2SeRW24wZrjEXTUD0Io=
31,-53,Y0D0ZR99kuQK+Wa/IYlz3cXJ3G4=,+5jiniF0FNAld6nrI4NMoAuxwOY=
16,-55,Y0D0ZR99kuQK+Wa/IYlz3cXJ3G4=,41xi6p2reFyZZYema1N78wP9fAc=
16,-56,Y0D0ZR99kuQK+Wa/IYlz3cXJ3G4=,41xi6p2reFyZZYema1N78wP9fAc=
16,-53,Y0D0ZR99kuQK+Wa/IYlz3cXJ3G4=,41xi6p2reFyZZYema1N78wP9fAc=
2,-52,nn7I5UYDY+8EMregrPV1uTn8VBo=,k3uAEArDxWGv3Kxqr3JRc+NCq4Q=
3,-53,nn7I5UYDY+8EMregrPV1uTn8VBo=,k3uAEArDxWGv3Kxqr3JRc+NCq4Q=
4,-53,nn7I5UYDY+8EMregrPV1uTn8VBo=,CcQo6Fqmhn/8aBH0zEhed4E7G5w=
2,-53,BUmJfOf1v9KMIeC/rJbXD5i6Wh8=,k3uAEArDxWGv3Kxqr3JRc+NCq4Q=
3,-52,BUmJfOf1v9KMIeC/rJbXD5i6Wh8=,k3uAEArDxWGv3Kxqr3JRc+NCq4Q=
4,-54,BUmJfOf1v9KMIeC/rJbXD5i6Wh8=,CcQo6Fqmhn/8aBH0zEhed4E7G5w=
5,-54,BUmJfOf1v9KMIeC/rJbXD5i6Wh8=,CcQo6Fqmhn/8aBH0zEhed4E7G5w=
2,-51,BUmJfOf1v9KMIeC/rJbXD5i6Wh8=,k3uAEArDxWGv3Kxqr3JRc+NCq4Q=
2,-54,q6RE9owNRjT9qfHfr90REITNhTc=,k3uAEArDxWGv3Kxqr3JRc+NCq4Q=
5,-51,q6RE9owNRjT9qfHfr90REITNhTc=,CcQo6Fqmhn/8aBH0zEhed4E7G5w=
5,-53,q6RE9owNRjT9qfHfr90REITNhTc=,CcQo6Fqmhn/8aBH0zEhed4E7G5w=
3,-54,q6RE9owNRjT9qfHfr90REITNhTc=,k3uAEArDxWGv3Kxqr3JRc+NCq4Q=
3,-51,hHBKBDXT+hffqw/SQ4+o6mcaufA=,k3uAEArDxWGv3Kxqr3JRc+NCq4Q=
4,-51,hHBKBDXT+hffqw/SQ4+o6mcaufA=,CcQo6Fqmhn/8aBH0zEhed4E7G5w=
5,-52,hHBKBDXT+hffqw/SQ4+o6mcaufA=,CcQo6Fqmhn/8aBH0zEhed4E7G5w=
4,-52,hHBKBDXT+hffqw/SQ4+o6mcaufA=,CcQo6Fqmhn/8aBH0zEhed4E7G5w=
9,-52,hHBKBDXT+hffqw/SQ4+o6mcaufA=,igMtleTZPME0FNAwtf78qO62DtE=
7,-54,+lp1bk4v87pV7zlbDH8OxW/GsK4=,CcQo6Fqmhn/8aBH0zEhed4E7G5w=
9,-53,+lp1bk4v87pV7zlbDH8OxW/GsK4=,igMtleTZPME0FNAwtf78qO62DtE=
8,-53,JZyGa7wDPKruH4/JMXbKLaGh3+k=,igMtleTZPME0FNAwtf78qO62DtE=
6,-51,JZyGa7wDPKruH4/JMXbKLaGh3+k=,CcQo6Fqmhn/8aBH0zEhed4E7G5w=
7,-53,btGVI6TMb1e5y4vp++1t00MM/M0=,CcQo6Fqmhn/8aBH0zEhed4E7G5w=
8,-54,btGVI6TMb1e5y4vp++1t00MM/M0=,igMtleTZPME0FNAwtf78qO62DtE=
8,-52,btGVI6TMb1e5y4vp++1t00MM/M0=,igMtleTZPME0FNAwtf78qO62DtE=
9,-54,btGVI6TMb1e5y4vp++1t00MM/M0=,igMtleTZPME0FNAwtf78qO62DtE=
7,-52,btGVI6TMb1e5y4vp++1t00MM/M0=,CcQo6Fqmhn/8aBH0zEhed4E7G5w=
6,-54,btGVI6TMb1e5y4vp++1t00MM/M0=,CcQo6Fqmhn/8aBH0zEhed4E7G5w=
8,-51,btGVI6TMb1e5y4vp++1t00MM/M0=,igMtleTZPME0FNAwtf78qO62DtE=
6,-53,btGVI6TMb1e5y4vp++1t00MM/M0=,CcQo6Fqmhn/8aBH0zEhed4E7G5w=
9,-51,Unlzj2p4RWSFbw1/fYyLEzCZoUo=,igMtleTZPME0FNAwtf78qO62DtE=
7,-51,Unlzj2p4RWSFbw1/fYyLEzCZoUo=,CcQo6Fqmhn/8aBH0zEhed4E7G5w=
6,-52,Unlzj2p4RWSFbw1/fYyLEzCZoUo=,CcQo6Fqmhn/8aBH0zEhed4E7G5w=
11,-58,Unlzj2p4RWSFbw1/fYyLEzCZoUo=,igMtleTZPME0FNAwtf78qO62DtE=
11,-56,Unlzj2p4RWSFbw1/fYyLEzCZoUo=,igMtleTZPME0FNAwtf78qO62DtE=
11,-57,Unlzj2p4RWSFbw1/fYyLEzCZoUo=,igMtleTZPME0FNAwtf78qO62DtE=
11,-54,Unlzj2p4RWSFbw1/fYyLEzCZoUo=,igMtleTZPME0FNAwtf78qO62DtE=
13,-55,Unlzj2p4RWSFbw1/fYyLEzCZoUo=,V+shmgY2me+Js77MnwAqntxBcgk=
10,-55,Unlzj2p4RWSFbw1/fYyLEzCZoUo=,igMtleTZPME0FNAwtf78qO62DtE=
11,-55,Unlzj2p4RWSFbw1/fYyLEzCZoUo=,igMtleTZPME0FNAwtf78qO62DtE=
11,-51,Unlzj2p4RWSFbw1/fYyLEzCZoUo=,igMtleTZPME0FNAwtf78qO62DtE=
12,-53,a4AbInMrHEdigEe8WyiJTSBez5w=,V+shmgY2me+Js77MnwAqntxBcgk=
11,-53,a4AbInMrHEdigEe8WyiJTSBez5w=,igMtleTZPME0FNAwtf78qO62DtE=
13,-58,a4AbInMrHEdigEe8WyiJTSBez5w=,V+shmgY2me+Js77MnwAqntxBcgk=
12,-58,a4AbInMrHEdigEe8WyiJTSBez5w=,V+shmgY2me+Js77MnwAqntxBcgk=
12,-56,a4AbInMrHEdigEe8WyiJTSBez5w=,V+shmgY2me+Js77MnwAqntxBcgk=
10,-58,a4AbInMrHEdigEe8WyiJTSBez5w=,igMtleTZPME0FNAwtf78qO62DtE=
10,-56,a4AbInMrHEdigEe8WyiJTSBez5w=,igMtleTZPME0FNAwtf78qO62DtE=
12,-57,a4AbInMrHEdigEe8WyiJTSBez5w=,V+shmgY2me+Js77MnwAqntxBcgk=
12,-62,a4AbInMrHEdigEe8WyiJTSBez5w=,jVKJghjTiQrHp59bglBbYhzwUuQ=
13,-57,a4AbInMrHEdigEe8WyiJTSBez5w=,V+shmgY2me+Js77MnwAqntxBcgk=
12,-51,Yh11OtwpCk51Wh+vukmnGmb7/aM=,V+shmgY2me+Js77MnwAqntxBcgk=
10,-57,Yh11OtwpCk51Wh+vukmnGmb7/aM=,igMtleTZPME0FNAwtf78qO62DtE=
10,-54,Yh11OtwpCk51Wh+vukmnGmb7/aM=,igMtleTZPME0FNAwtf78qO62DtE=
13,-56,Yh11OtwpCk51Wh+vukmnGmb7/aM=,V+shmgY2me+Js77MnwAqntxBcgk=
13,-53,Yh11OtwpCk51Wh+vukmnGmb7/aM=,V+shmgY2me+Js77MnwAqntxBcgk=
12,-60,qnDBXaiHoR7tFCjLpzGzB4urD6A=,V+shmgY2me+Js77MnwAqntxBcgk=
11,-52,qnDBXaiHoR7tFCjLpzGzB4urD6A=,igMtleTZPME0FNAwtf78qO62DtE=
12,-59,qnDBXaiHoR7tFCjLpzGzB4urD6A=,V+shmgY2me+Js77MnwAqntxBcgk=
10,-59,qnDBXaiHoR7tFCjLpzGzB4urD6A=,igMtleTZPME0FNAwtf78qO62DtE=
11,-59,qnDBXaiHoR7tFCjLpzGzB4urD6A=,igMtleTZPME0FNAwtf78qO62DtE=
13,-61,f4671s3Q4x5qJ1rkFIbS3/bgn8I=,jVKJghjTiQrHp59bglBbYhzwUuQ=
12,-61,f4671s3Q4x5qJ1rkFIbS3/bgn8I=,jVKJghjTiQrHp59bglBbYhzwUuQ=
10,-61,f4671s3Q4x5qJ1rkFIbS3/bgn8I=,tqR/nC7IGs97/5jo6KWD7qPY9qc=
13,-54,f4671s3Q4x5qJ1rkFIbS3/bgn8I=,V+shmgY2me+Js77MnwAqntxBcgk=
13,-60,f4671s3Q4x5qJ1rkFIbS3/bgn8I=,V+shmgY2me+Js77MnwAqntxBcgk=
10,-53,f4671s3Q4x5qJ1rkFIbS3/bgn8I=,igMtleTZPME0FNAwtf78qO62DtE=
12,-54,f4671s3Q4x5qJ1rkFIbS3/bgn8I=,V+shmgY2me+Js77MnwAqntxBcgk=
13,-59,f4671s3Q4x5qJ1rkFIbS3/bgn8I=,V+shmgY2me+Js77MnwAqntxBcgk=
13,-51,f4671s3Q4x5qJ1rkFIbS3/bgn8I=,V+shmgY2me+Js77MnwAqntxBcgk=
11,-61,f4671s3Q4x5qJ1rkFIbS3/bgn8I=,tqR/nC7IGs97/5jo6KWD7qPY9qc=
12,-55,f4671s3Q4x5qJ1rkFIbS3/bgn8I=,V+shmgY2me+Js77MnwAqntxBcgk=
13,-62,f4671s3Q4x5qJ1rkFIbS3/bgn8I=,jVKJghjTiQrHp59bglBbYhzwUuQ=
10,-52,f4671s3Q4x5qJ1rkFIbS3/bgn8I=,igMtleTZPME0FNAwtf78qO62DtE=
10,-62,f4671s3Q4x5qJ1rkFIbS3/bgn8I=,tqR/nC7IGs97/5jo6KWD7qPY9qc=
12,-52,f4671s3Q4x5qJ1rkFIbS3/bgn8I=,V+shmgY2me+Js77MnwAqntxBcgk=
11,-60,f4671s3Q4x5qJ1rkFIbS3/bgn8I=,igMtleTZPME0FNAwtf78qO62DtE=
10,-51,f4671s3Q4x5qJ1rkFIbS3/bgn8I=,igMtleTZPME0FNAwtf78qO62DtE=
13,-52,f4671s3Q4x5qJ1rkFIbS3/bgn8I=,V+shmgY2me+Js77MnwAqntxBcgk=
10,-60,f4671s3Q4x5qJ1rkFIbS3/bgn8I=,igMtleTZPME0FNAwtf78qO62DtE=
11,-62,f4671s3Q4x5qJ1rkFIbS3/bgn8I=,tqR/nC7IGs97/5jo6KWD7qPY9qc=
3,-56,f4671s3Q4x5qJ1rkFIbS3/bgn8I=,k3uAEArDxWGv3Kxqr3JRc+NCq4Q=
8,-56,f4671s3Q4x5qJ1rkFIbS3/bgn8I=,igMtleTZPME0FNAwtf78qO62DtE=
7,-61,f4671s3Q4x5qJ1rkFIbS3/bgn8I=,CcQo6Fqmhn/8aBH0zEhed4E7G5w=
4,-60,f4671s3Q4x5qJ1rkFIbS3/bgn8I=,CcQo6Fqmhn/8aBH0zEhed4E7G5w=
3,-58,f4671s3Q4x5qJ1rkFIbS3/bgn8I=,k3uAEArDxWGv3Kxqr3JRc+NCq4Q=
6,-60,f4671s3Q4x5qJ1rkFIbS3/bgn8I=,CcQo6Fqmhn/8aBH0zEhed4E7G5w=
2,-58,f4671s3Q4x5qJ1rkFIbS3/bgn8I=,k3uAEArDxWGv3Kxqr3JRc+NCq4Q=
2,-57,f4671s3Q4x5qJ1rkFIbS3/bgn8I=,k3uAEArDxWGv3Kxqr3JRc+NCq4Q=
3,-57,f4671s3Q4x5qJ1rkFIbS3/bgn8I=,k3uAEArDxWGv3Kxqr3JRc+NCq4Q=
3,-62,f4671s3Q4x5qJ1rkFIbS3/bgn8I=,k3uAEArDxWGv3Kxqr3JRc+NCq4Q=
2,-56,f4671s3Q4x5qJ1rkFIbS3/bgn8I=,k3uAEArDxWGv3Kxqr3JRc+NCq4Q=
7,-60,f4671s3Q4x5qJ1rkFIbS3/bgn8I=,CcQo6Fqmhn/8aBH0zEhed4E7G5w=
6,-61,f4671s3Q4x5qJ1rkFIbS3/bgn8I=,CcQo6Fqmhn/8aBH0zEhed4E7G5w=
2,-55,f4671s3Q4x5qJ1rkFIbS3/bgn8I=,k3uAEArDxWGv3Kxqr3JRc+NCq4Q=
3,-55,f4671s3Q4x5qJ1rkFIbS3/bgn8I=,k3uAEArDxWGv3Kxqr3JRc+NCq4Q=
6,-55,f4671s3Q4x5qJ1rkFIbS3/bgn8I=,CcQo6Fqmhn/8aBH0zEhed4E7G5w=
9,-58,f4671s3Q4x5qJ1rkFIbS3/bgn8I=,igMtleTZPME0FNAwtf78qO62DtE=
4,-55,f4671s3Q4x5qJ1rkFIbS3/bgn8I=,CcQo6Fqmhn/8aBH0zEhed4E7G5w=
1,-62,f4671s3Q4x5qJ1rkFIbS3/bgn8I=,k3uAEArDxWGv3Kxqr3JRc+NCq4Q=
5,-55,f4671s3Q4x5qJ1rkFIbS3/bgn8I=,CcQo6Fqmhn/8aBH0zEhed4E7G5w=
10,-64,f4671s3Q4x5qJ1rkFIbS3/bgn8I=,tqR/nC7IGs97/5jo6KWD7qPY9qc=
9,-64,f4671s3Q4x5qJ1rkFIbS3/bgn8I=,tqR/nC7IGs97/5jo6KWD7qPY9qc=
2,-62,f4671s3Q4x5qJ1rkFIbS3/bgn8I=,k3uAEArDxWGv3Kxqr3JRc+NCq4Q=
0,-62,f4671s3Q4x5qJ1rkFIbS3/bgn8I=,k3uAEArDxWGv3Kxqr3JRc+NCq4Q=
4,-57,f4671s3Q4x5qJ1rkFIbS3/bgn8I=,CcQo6Fqmhn/8aBH0zEhed4E7G5w=
9,-59,f4671s3Q4x5qJ1rkFIbS3/bgn8I=,igMtleTZPME0FNAwtf78qO62DtE=
11,-63,f4671s3Q4x5qJ1rkFIbS3/bgn8I=,tqR/nC7IGs97/5jo6KWD7qPY9qc=
5,-59,f4671s3Q4x5qJ1rkFIbS3/bgn8I=,CcQo6Fqmhn/8aBH0zEhed4E7G5w=
5,-64,f4671s3Q4x5qJ1rkFIbS3/bgn8I=,CcQo6Fqmhn/8aBH0zEhed4E7G5w=
9,-57,f4671s3Q4x5qJ1rkFIbS3/bgn8I=,igMtleTZPME0FNAwtf78qO62DtE=
8,-61,f4671s3Q4x5qJ1rkFIbS3/bgn8I=,tqR/nC7IGs97/5jo6KWD7qPY9qc=
9,-56,f4671s3Q4x5qJ1rkFIbS3/bgn8I=,igMtleTZPME0FNAwtf78qO62DtE=
8,-64,f4671s3Q4x5qJ1rkFIbS3/bgn8I=,tqR/nC7IGs97/5jo6KWD7qPY9qc=
8,-55,f4671s3Q4x5qJ1rkFIbS3/bgn8I=,igMtleTZPME0FNAwtf78qO62DtE=
5,-62,f4671s3Q4x5qJ1rkFIbS3/bgn8I=,CcQo6Fqmhn/8aBH0zEhed4E7G5w=
10,-63,f4671s3Q4x5qJ1rkFIbS3/bgn8I=,tqR/nC7IGs97/5jo6KWD7qPY9qc=
3,-60,f4671s3Q4x5qJ1rkFIbS3/bgn8I=,k3uAEArDxWGv3Kxqr3JRc+NCq4Q=
4,-58,f4671s3Q4x5qJ1rkFIbS3/bgn8I=,CcQo6Fqmhn/8aBH0zEhed4E7G5w=
9,-62,f4671s3Q4x5qJ1rkFIbS3/bgn8I=,tqR/nC7IGs97/5jo6KWD7qPY9qc=
7,-55,f4671s3Q4x5qJ1rkFIbS3/bgn8I=,CcQo6Fqmhn/8aBH0zEhed4E7G5w=
9,-61,f4671s3Q4x5qJ1rkFIbS3/bgn8I=,tqR/nC7IGs97/5jo6KWD7qPY9qc=
8,-62,f4671s3Q4x5qJ1rkFIbS3/bgn8I=,tqR/nC7IGs97/5jo6KWD7qPY9qc=
6,-62,f4671s3Q4x5qJ1rkFIbS3/bgn8I=,CcQo6Fqmhn/8aBH0zEhed4E7G5w=
11,-64,f4671s3Q4x5qJ1rkFIbS3/bgn8I=,tqR/nC7IGs97/5jo6KWD7qPY9qc=
5,-60,f4671s3Q4x5qJ1rkFIbS3/bgn8I=,CcQo6Fqmhn/8aBH0zEhed4E7G5w=
9,-55,f4671s3Q4x5qJ1rkFIbS3/bgn8I=,igMtleTZPME0FNAwtf78qO62DtE=
9,-60,f4671s3Q4x5qJ1rkFIbS3/bgn8I=,igMtleTZPME0FNAwtf78qO62DtE=
15,-61,f4671s3Q4x5qJ1rkFIbS3/bgn8I=,jVKJghjTiQrHp59bglBbYhzwUuQ=
5,-61,f4671s3Q4x5qJ1rkFIbS3/bgn8I=,CcQo6Fqmhn/8aBH0zEhed4E7G5w=
4,-59,f4671s3Q4x5qJ1rkFIbS3/bgn8I=,CcQo6Fqmhn/8aBH0zEhed4E7G5w=
2,-60,f4671s3Q4x5qJ1rkFIbS3/bgn8I=,k3uAEArDxWGv3Kxqr3JRc+NCq4Q=
7,-63,f4671s3Q4x5qJ1rkFIbS3/bgn8I=,CcQo6Fqmhn/8aBH0zEhed4E7G5w=
4,-64,f4671s3Q4x5qJ1rkFIbS3/bgn8I=,CcQo6Fqmhn/8aBH0zEhed4E7G5w=
12,-63,f4671s3Q4x5qJ1rkFIbS3/bgn8I=,jVKJghjTiQrHp59bglBbYhzwUuQ=
8,-60,f4671s3Q4x5qJ1rkFIbS3/bgn8I=,igMtleTZPME0FNAwtf78qO62DtE=
5,-56,f4671s3Q4x5qJ1rkFIbS3/bgn8I=,CcQo6Fqmhn/8aBH0zEhed4E7G5w=
7,-62,f4671s3Q4x5qJ1rkFIbS3/bgn8I=,CcQo6Fqmhn/8aBH0zEhed4E7G5w=
15,-55,f4671s3Q4x5qJ1rkFIbS3/bgn8I=,V+shmgY2me+Js77MnwAqntxBcgk=
12,-64,f4671s3Q4x5qJ1rkFIbS3/bgn8I=,jVKJghjTiQrHp59bglBbYhzwUuQ=
4,-56,f4671s3Q4x5qJ1rkFIbS3/bgn8I=,CcQo6Fqmhn/8aBH0zEhed4E7G5w=
3,-64,f4671s3Q4x5qJ1rkFIbS3/bgn8I=,k3uAEArDxWGv3Kxqr3JRc+NCq4Q=
1,-60,f4671s3Q4x5qJ1rkFIbS3/bgn8I=,k3uAEArDxWGv3Kxqr3JRc+NCq4Q=
13,-64,f4671s3Q4x5qJ1rkFIbS3/bgn8I=,jVKJghjTiQrHp59bglBbYhzwUuQ=
7,-64,f4671s3Q4x5qJ1rkFIbS3/bgn8I=,CcQo6Fqmhn/8aBH0zEhed4E7G5w=
8,-59,f4671s3Q4x5qJ1rkFIbS3/bgn8I=,igMtleTZPME0FNAwtf78qO62DtE=
8,-63,f4671s3Q4x5qJ1rkFIbS3/bgn8I=,tqR/nC7IGs97/5jo6KWD7qPY9qc=
9,-63,f4671s3Q4x5qJ1rkFIbS3/bgn8I=,tqR/nC7IGs97/5jo6KWD7qPY9qc=
15,-59,f4671s3Q4x5qJ1rkFIbS3/bgn8I=,V+shmgY2me+Js77MnwAqntxBcgk=
13,-63,f4671s3Q4x5qJ1rkFIbS3/bgn8I=,jVKJghjTiQrHp59bglBbYhzwUuQ=
6,-63,f4671s3Q4x5qJ1rkFIbS3/bgn8I=,CcQo6Fqmhn/8aBH0zEhed4E7G5w=
7,-59,f4671s3Q4x5qJ1rkFIbS3/bgn8I=,CcQo6Fqmhn/8aBH0zEhed4E7G5w=
6,-59,f4671s3Q4x5qJ1rkFIbS3/bgn8I=,CcQo6Fqmhn/8aBH0zEhed4E7G5w=
15,-58,f4671s3Q4x5qJ1rkFIbS3/bgn8I=,V+shmgY2me+Js77MnwAqntxBcgk=
8,-57,f4671s3Q4x5qJ1rkFIbS3/bgn8I=,igMtleTZPME0FNAwtf78qO62DtE=
15,-56,f4671s3Q4x5qJ1rkFIbS3/bgn8I=,V+shmgY2me+Js77MnwAqntxBcgk=
14,-58,f4671s3Q4x5qJ1rkFIbS3/bgn8I=,V+shmgY2me+Js77MnwAqntxBcgk=
2,-64,f4671s3Q4x5qJ1rkFIbS3/bgn8I=,k3uAEArDxWGv3Kxqr3JRc+NCq4Q=
14,-56,f4671s3Q4x5qJ1rkFIbS3/bgn8I=,V+shmgY2me+Js77MnwAqntxBcgk=
15,-53,f4671s3Q4x5qJ1rkFIbS3/bgn8I=,V+shmgY2me+Js77MnwAqntxBcgk=
14,-55,f4671s3Q4x5qJ1rkFIbS3/bgn8I=,V+shmgY2me+Js77MnwAqntxBcgk=
15,-57,f4671s3Q4x5qJ1rkFIbS3/bgn8I=,V+shmgY2me+Js77MnwAqntxBcgk=
0,-60,f4671s3Q4x5qJ1rkFIbS3/bgn8I=,k3uAEArDxWGv3Kxqr3JRc+NCq4Q=
15,-60,f4671s3Q4x5qJ1rkFIbS3/bgn8I=,V+shmgY2me+Js77MnwAqntxBcgk=
15,-52,f4671s3Q4x5qJ1rkFIbS3/bgn8I=,V+shmgY2me+Js77MnwAqntxBcgk=
6,-58,f4671s3Q4x5qJ1rkFIbS3/bgn8I=,CcQo6Fqmhn/8aBH0zEhed4E7G5w=
5,-49,f4671s3Q4x5qJ1rkFIbS3/bgn8I=,CcQo6Fqmhn/8aBH0zEhed4E7G5w=
7,-58,f4671s3Q4x5qJ1rkFIbS3/bgn8I=,CcQo6Fqmhn/8aBH0zEhed4E7G5w=
4,-63,f4671s3Q4x5qJ1rkFIbS3/bgn8I=,CcQo6Fqmhn/8aBH0zEhed4E7G5w=
5,-58,f4671s3Q4x5qJ1rkFIbS3/bgn8I=,CcQo6Fqmhn/8aBH0zEhed4E7G5w=
8,-58,f4671s3Q4x5qJ1rkFIbS3/bgn8I=,igMtleTZPME0FNAwtf78qO62DtE=
14,-52,f4671s3Q4x5qJ1rkFIbS3/bgn8I=,V+shmgY2me+Js77MnwAqntxBcgk=
15,-51,f4671s3Q4x5qJ1rkFIbS3/bgn8I=,V+shmgY2me+Js77MnwAqntxBcgk=
2,-59,f4671s3Q4x5qJ1rkFIbS3/bgn8I=,k3uAEArDxWGv3Kxqr3JRc+NCq4Q=
7,-56,f4671s3Q4x5qJ1rkFIbS3/bgn8I=,CcQo6Fqmhn/8aBH0zEhed4E7G5w=
15,-62,f4671s3Q4x5qJ1rkFIbS3/bgn8I=,jVKJghjTiQrHp59bglBbYhzwUuQ=
1,-59,f4671s3Q4x5qJ1rkFIbS3/bgn8I=,k3uAEArDxWGv3Kxqr3JRc+NCq4Q=
5,-57,f4671s3Q4x5qJ1rkFIbS3/bgn8I=,CcQo6Fqmhn/8aBH0zEhed4E7G5w=
14,-59,f4671s3Q4x5qJ1rkFIbS3/bgn8I=,V+shmgY2me+Js77MnwAqntxBcgk=
6,-57,f4671s3Q4x5qJ1rkFIbS3/bgn8I=,CcQo6Fqmhn/8aBH0zEhed4E7G5w=
7,-57,f4671s3Q4x5qJ1rkFIbS3/bgn8I=,CcQo6Fqmhn/8aBH0zEhed4E7G5w=
3,-59,f4671s3Q4x5qJ1rkFIbS3/bgn8I=,k3uAEArDxWGv3Kxqr3JRc+NCq4Q=
6,-56,f4671s3Q4x5qJ1rkFIbS3/bgn8I=,CcQo6Fqmhn/8aBH0zEhed4E7G5w=
14,-57,f4671s3Q4x5qJ1rkFIbS3/bgn8I=,V+shmgY2me+Js77MnwAqntxBcgk=
6,-64,f4671s3Q4x5qJ1rkFIbS3/bgn8I=,CcQo6Fqmhn/8aBH0zEhed4E7G5w=
14,-61,f4671s3Q4x5qJ1rkFIbS3/bgn8I=,jVKJghjTiQrHp59bglBbYhzwUuQ=
0,-59,f4671s3Q4x5qJ1rkFIbS3/bgn8I=,k3uAEArDxWGv3Kxqr3JRc+NCq4Q=
1,-61,f4671s3Q4x5qJ1rkFIbS3/bgn8I=,k3uAEArDxWGv3Kxqr3JRc+NCq4Q=
15,-54,f4671s3Q4x5qJ1rkFIbS3/bgn8I=,V+shmgY2me+Js77MnwAqntxBcgk=
13,-49,f4671s3Q4x5qJ1rkFIbS3/bgn8I=,V+shmgY2me+Js77MnwAqntxBcgk=
4,-61,f4671s3Q4x5qJ1rkFIbS3/bgn8I=,CcQo6Fqmhn/8aBH0zEhed4E7G5w=
14,-51,f4671s3Q4x5qJ1rkFIbS3/bgn8I=,V+shmgY2me+Js77MnwAqntxBcgk=
3,-63,f4671s3Q4x5qJ1rkFIbS3/bgn8I=,k3uAEArDxWGv3Kxqr3JRc+NCq4Q=
2,-63,f4671s3Q4x5qJ1rkFIbS3/bgn8I=,k3uAEArDxWGv3Kxqr3JRc+NCq4Q=
5,-50,f4671s3Q4x5qJ1rkFIbS3/bgn8I=,CcQo6Fqmhn/8aBH0zEhed4E7G5w=
4,-62,f4671s3Q4x5qJ1rkFIbS3/bgn8I=,CcQo6Fqmhn/8aBH0zEhed4E7G5w=
2,-61,f4671s3Q4x5qJ1rkFIbS3/bgn8I=,k3uAEArDxWGv3Kxqr3JRc+NCq4Q=
3,-50,f4671s3Q4x5qJ1rkFIbS3/bgn8I=,k3uAEArDxWGv3Kxqr3JRc+NCq4Q=
2,-50,f4671s3Q4x5qJ1rkFIbS3/bgn8I=,k3uAEArDxWGv3Kxqr3JRc+NCq4Q=
14,-62,f4671s3Q4x5qJ1rkFIbS3/bgn8I=,jVKJghjTiQrHp59bglBbYhzwUuQ=
4,-49,f4671s3Q4x5qJ1rkFIbS3/bgn8I=,CcQo6Fqmhn/8aBH0zEhed4E7G5w=
0,-61,f4671s3Q4x5qJ1rkFIbS3/bgn8I=,k3uAEArDxWGv3Kxqr3JRc+NCq4Q=
5,-63,f4671s3Q4x5qJ1rkFIbS3/bgn8I=,CcQo6Fqmhn/8aBH0zEhed4E7G5w=
4,-50,f4671s3Q4x5qJ1rkFIbS3/bgn8I=,CcQo6Fqmhn/8aBH0zEhed4E7G5w=
8,-50,f4671s3Q4x5qJ1rkFIbS3/bgn8I=,igMtleTZPME0FNAwtf78qO62DtE=
10,-50,f4671s3Q4x5qJ1rkFIbS3/bgn8I=,igMtleTZPME0FNAwtf78qO62DtE=
3,-61,f4671s3Q4x5qJ1rkFIbS3/bgn8I=,k3uAEArDxWGv3Kxqr3JRc+NCq4Q=
2,-49,f4671s3Q4x5qJ1rkFIbS3/bgn8I=,k3uAEArDxWGv3Kxqr3JRc+NCq4Q=
6,-50,f4671s3Q4x5qJ1rkFIbS3/bgn8I=,CcQo6Fqmhn/8aBH0zEhed4E7G5w=
3,-49,f4671s3Q4x5qJ1rkFIbS3/bgn8I=,k3uAEArDxWGv3Kxqr3JRc+NCq4Q=
13,-50,f4671s3Q4x5qJ1rkFIbS3/bgn8I=,V+shmgY2me+Js77MnwAqntxBcgk=
7,-49,f4671s3Q4x5qJ1rkFIbS3/bgn8I=,CcQo6Fqmhn/8aBH0zEhed4E7G5w=
14,-60,f4671s3Q4x5qJ1rkFIbS3/bgn8I=,V+shmgY2me+Js77MnwAqntxBcgk=
8,-49,f4671s3Q4x5qJ1rkFIbS3/bgn8I=,igMtleTZPME0FNAwtf78qO62DtE=
12,-49,f4671s3Q4x5qJ1rkFIbS3/bgn8I=,V+shmgY2me+Js77MnwAqntxBcgk=
14,-53,f4671s3Q4x5qJ1rkFIbS3/bgn8I=,V+shmgY2me+Js77MnwAqntxBcgk=
0,-49,f4671s3Q4x5qJ1rkFIbS3/bgn8I=,k3uAEArDxWGv3Kxqr3JRc+NCq4Q=
15,-64,f4671s3Q4x5qJ1rkFIbS3/bgn8I=,jVKJghjTiQrHp59bglBbYhzwUuQ=
14,-54,f4671s3Q4x5qJ1rkFIbS3/bgn8I=,V+shmgY2me+Js77MnwAqntxBcgk=
9,-49,f4671s3Q4x5qJ1rkFIbS3/bgn8I=,igMtleTZPME0FNAwtf78qO62DtE=
1,-50,f4671s3Q4x5qJ1rkFIbS3/bgn8I=,k3uAEArDxWGv3Kxqr3JRc+NCq4Q=
0,-57,f4671s3Q4x5qJ1rkFIbS3/bgn8I=,k3uAEArDxWGv3Kxqr3JRc+NCq4Q=
0,-50,f4671s3Q4x5qJ1rkFIbS3/bgn8I=,k3uAEArDxWGv3Kxqr3JRc+NCq4Q=
0,-64,f4671s3Q4x5qJ1rkFIbS3/bgn8I=,k3uAEArDxWGv3Kxqr3JRc+NCq4Q=
1,-64,f4671s3Q4x5qJ1rkFIbS3/bgn8I=,k3uAEArDxWGv3Kxqr3JRc+NCq4Q=
15,-49,f4671s3Q4x5qJ1rkFIbS3/bgn8I=,V+shmgY2me+Js77MnwAqntxBcgk=
1,-63,f4671s3Q4x5qJ1rkFIbS3/bgn8I=,k3uAEArDxWGv3Kxqr3JRc+NCq4Q=
1,-57,f4671s3Q4x5qJ1rkFIbS3/bgn8I=,k3uAEArDxWGv3Kxqr3JRc+NCq4Q=
14,-49,f4671s3Q4x5qJ1rkFIbS3/bgn8I=,V+shmgY2me+Js77MnwAqntxBcgk=
15,-63,f4671s3Q4x5qJ1rkFIbS3/bgn8I=,jVKJghjTiQrHp59bglBbYhzwUuQ=
0,-51,f4671s3Q4x5qJ1rkFIbS3/bgn8I=,k3uAEArDxWGv3Kxqr3JRc+NCq4Q=
15,-50,f4671s3Q4x5qJ1rkFIbS3/bgn8I=,V+shmgY2me+Js77MnwAqntxBcgk=
1,-53,f4671s3Q4x5qJ1rkFIbS3/bgn8I=,k3uAEArDxWGv3Kxqr3JRc+NCq4Q=
14,-64,f4671s3Q4x5qJ1rkFIbS3/bgn8I=,jVKJghjTiQrHp59bglBbYhzwUuQ=
0,-58,f4671s3Q4x5qJ1rkFIbS3/bgn8I=,k3uAEArDxWGv3Kxqr3JRc+NCq4Q=
10,-49,f4671s3Q4x5qJ1rkFIbS3/bgn8I=,igMtleTZPME0FNAwtf78qO62DtE=
12,-50,f4671s3Q4x5qJ1rkFIbS3/bgn8I=,V+shmgY2me+Js77MnwAqntxBcgk=
0,-55,f4671s3Q4x5qJ1rkFIbS3/bgn8I=,k3uAEArDxWGv3Kxqr3JRc+NCq4Q=
14,-63,f4671s3Q4x5qJ1rkFIbS3/bgn8I=,jVKJghjTiQrHp59bglBbYhzwUuQ=
14,-50,f4671s3Q4x5qJ1rkFIbS3/bgn8I=,V+shmgY2me+Js77MnwAqntxBcgk=
1,-56,f4671s3Q4x5qJ1rkFIbS3/bgn8I=,k3uAEArDxWGv3Kxqr3JRc+NCq4Q=
0,-54,f4671s3Q4x5qJ1rkFIbS3/bgn8I=,k3uAEArDxWGv3Kxqr3JRc+NCq4Q=
0,-63,f4671s3Q4x5qJ1rkFIbS3/bgn8I=,k3uAEArDxWGv3Kxqr3JRc+NCq4Q=
0,-52,f4671s3Q4x5qJ1rkFIbS3/bgn8I=,k3uAEArDxWGv3Kxqr3JRc+NCq4Q=
1,-52,f4671s3Q4x5qJ1rkFIbS3/bgn8I=,k3uAEArDxWGv3Kxqr3JRc+NCq4Q=
7,-50,f4671s3Q4x5qJ1rkFIbS3/bgn8I=,CcQo6Fqmhn/8aBH0zEhed4E7G5w=
9,-50,f4671s3Q4x5qJ1rkFIbS3/bgn8I=,igMtleTZPME0FNAwtf78qO62DtE=
1,-49,f4671s3Q4x5qJ1rkFIbS3/bgn8I=,k3uAEArDxWGv3Kxqr3JRc+NCq4Q=
1,-58,f4671s3Q4x5qJ1rkFIbS3/bgn8I=,k3uAEArDxWGv3Kxqr3JRc+NCq4Q=
11,-49,f4671s3Q4x5qJ1rkFIbS3/bgn8I=,igMtleTZPME0FNAwtf78qO62DtE=
1,-51,f4671s3Q4x5qJ1rkFIbS3/bgn8I=,k3uAEArDxWGv3Kxqr3JRc+NCq4Q=
0,-53,f4671s3Q4x5qJ1rkFIbS3/bgn8I=,k3uAEArDxWGv3Kxqr3JRc+NCq4Q=
11,-50,f4671s3Q4x5qJ1rkFIbS3/bgn8I=,igMtleTZPME0FNAwtf78qO62DtE=
1,-54,f4671s3Q4x5qJ1rkFIbS3/bgn8I=,k3uAEArDxWGv3Kxqr3JRc+NCq4Q=
6,-49,f4671s3Q4x5qJ1rkFIbS3/bgn8I=,CcQo6Fqmhn/8aBH0zEhed4E7G5w=
1,-55,f4671s3Q4x5qJ1rkFIbS3/bgn8I=,k3uAEArDxWGv3Kxqr3JRc+NCq4Q=
0,-56,f4671s3Q4x5qJ1rkFIbS3/bgn8I=,k3uAEArDxWGv3Kxqr3JRc+NCq4Q=
3,-36,e8ZR+8b2B/YkUS7W/jqh8AYjie4=,p0LD6XdHue3urs6ebJOq6JwDcRU=
2,-35,e8ZR+8b2B/YkUS7W/jqh8AYjie4=,p0LD6XdHue3urs6ebJOq6JwDcRU=
2,-36,+5h3vnTbrjyK7sBRrDPB9USjRhQ=,p0LD6XdHue3urs6ebJOq6JwDcRU=
3,-35,+5h3vnTbrjyK7sBRrDPB9USjRhQ=,p0LD6XdHue3urs6ebJOq6JwDcRU=
4,-36,+5h3vnTbrjyK7sBRrDPB9USjRhQ=,O7hM7XSKqG9lBXv5zEw4RSwpMFw=
3,-38,+5h3vnTbrjyK7sBRrDPB9USjRhQ=,jy0pl6thmQCHsvXRZTtlx/xg3hg=
5,-37,+5h3vnTbrjyK7sBRrDPB9USjRhQ=,OA60yZZubWsQ64lxpRbBN9lf4rM=
2,-37,+5h3vnTbrjyK7sBRrDPB9USjRhQ=,jy0pl6thmQCHsvXRZTtlx/xg3hg=
3,-37,+5h3vnTbrjyK7sBRrDPB9USjRhQ=,jy0pl6thmQCHsvXRZTtlx/xg3hg=
4,-38,XNJXQ48PTM1IjudWtHQ6FbaCtjg=,OA60yZZubWsQ64lxpRbBN9lf4rM=
4,-35,XNJXQ48PTM1IjudWtHQ6FbaCtjg=,O7hM7XSKqG9lBXv5zEw4RSwpMFw=
5,-38,XNJXQ48PTM1IjudWtHQ6FbaCtjg=,OA60yZZubWsQ64lxpRbBN9lf4rM=
2,-38,/7hf1bexmY+xpjLGLK3KmD7JrNw=,jy0pl6thmQCHsvXRZTtlx/xg3hg=
5,-35,/7hf1bexmY+xpjLGLK3KmD7JrNw=,O7hM7XSKqG9lBXv5zEw4RSwpMFw=
5,-36,/7hf1bexmY+xpjLGLK3KmD7JrNw=,O7hM7XSKqG9lBXv5zEw4RSwpMFw=
4,-37,SeX9+pW4MqInV57lguenfui53nw=,OA60yZZubWsQ64lxpRbBN9lf4rM=
3,-42,SeX9+pW4MqInV57lguenfui53nw=,jy0pl6thmQCHsvXRZTtlx/xg3hg=
4,-41,SeX9+pW4MqInV57lguenfui53nw=,OA60yZZubWsQ64lxpRbBN9lf4rM=
5,-39,SeX9+pW4MqInV57lguenfui53nw=,OA60yZZubWsQ64lxpRbBN9lf4rM=
3,-41,eUkhubCrb+CM1ci+9KliszT3sXg=,jy0pl6thmQCHsvXRZTtlx/xg3hg=
2,-42,eUkhubCrb+CM1ci+9KliszT3sXg=,jy0pl6thmQCHsvXRZTtlx/xg3hg=
4,-39,eUkhubCrb+CM1ci+9KliszT3sXg=,OA60yZZubWsQ64lxpRbBN9lf4rM=
4,-42,OT895ivTacApEV/0wGKMkQKsdEQ=,OA60yZZubWsQ64lxpRbBN9lf4rM=
5,-44,OT895ivTacApEV/0wGKMkQKsdEQ=,OA60yZZubWsQ64lxpRbBN9lf4rM=
5,-41,OT895ivTacApEV/0wGKMkQKsdEQ=,OA60yZZubWsQ64lxpRbBN9lf4rM=
5,-42,OT895ivTacApEV/0wGKMkQKsdEQ=,OA60yZZubWsQ64lxpRbBN9lf4rM=
2,-39,OT895ivTacApEV/0wGKMkQKsdEQ=,jy0pl6thmQCHsvXRZTtlx/xg3hg=
2,-41,zDUw6Q3gKjXpB4yNZ+16jKi6PPM=,jy0pl6thmQCHsvXRZTtlx/xg3hg=
5,-40,zDUw6Q3gKjXpB4yNZ+16jKi6PPM=,OA60yZZubWsQ64lxpRbBN9lf4rM=
4,-43,zDUw6Q3gKjXpB4yNZ+16jKi6PPM=,OA60yZZubWsQ64lxpRbBN9lf4rM=
4,-44,zDUw6Q3gKjXpB4yNZ+16jKi6PPM=,OA60yZZubWsQ64lxpRbBN9lf4rM=
3,-40,U2p9qwCP/oGA6UW5mMkj21AvEN0=,jy0pl6thmQCHsvXRZTtlx/xg3hg=
5,-43,U2p9qwCP/oGA6UW5mMkj21AvEN0=,OA60yZZubWsQ64lxpRbBN9lf4rM=
2,-43,U2p9qwCP/oGA6UW5mMkj21AvEN0=,jy0pl6thmQCHsvXRZTtlx/xg3hg=
3,-39,U2p9qwCP/oGA6UW5mMkj21AvEN0=,jy0pl6thmQCHsvXRZTtlx/xg3hg=
3,-44,DjrVRx9SLdNabQduX4UScOw7XAo=,jy0pl6thmQCHsvXRZTtlx/xg3hg=
4,-40,DjrVRx9SLdNabQduX4UScOw7XAo=,OA60yZZubWsQ64lxpRbBN9lf4rM=
5,-45,DjrVRx9SLdNabQduX4UScOw7XAo=,CcQo6Fqmhn/8aBH0zEhed4E7G5w=
4,-45,DjrVRx9SLdNabQduX4UScOw7XAo=,CcQo6Fqmhn/8aBH0zEhed4E7G5w=
2,-45,kXD4DE+KusZcxsRSkBq/BkwcUzY=,k3uAEArDxWGv3Kxqr3JRc+NCq4Q=
2,-40,kXD4DE+KusZcxsRSkBq/BkwcUzY=,jy0pl6thmQCHsvXRZTtlx/xg3hg=
5,-46,kXD4DE+KusZcxsRSkBq/BkwcUzY=,CcQo6Fqmhn/8aBH0zEhed4E7G5w=
3,-45,kXD4DE+KusZcxsRSkBq/BkwcUzY=,k3uAEArDxWGv3Kxqr3JRc+NCq4Q=
3,-43,kXD4DE+KusZcxsRSkBq/BkwcUzY=,jy0pl6thmQCHsvXRZTtlx/xg3hg=
2,-46,kXD4DE+KusZcxsRSkBq/BkwcUzY=,k3uAEArDxWGv3Kxqr3JRc+NCq4Q=
4,-46,0PNWwkLr0YQ1DeCc3NQqa9t4kFc=,CcQo6Fqmhn/8aBH0zEhed4E7G5w=
2,-44,0PNWwkLr0YQ1DeCc3NQqa9t4kFc=,jy0pl6thmQCHsvXRZTtlx/xg3hg=
3,-46,0PNWwkLr0YQ1DeCc3NQqa9t4kFc=,k3uAEArDxWGv3Kxqr3JRc+NCq4Q=
7,-45,AtzJxjRQ3otBWXY2+4WmZIRjSBg=,CcQo6Fqmhn/8aBH0zEhed4E7G5w=
7,-44,AtzJxjRQ3otBWXY2+4WmZIRjSBg=,OA60yZZubWsQ64lxpRbBN9lf4rM=
7,-46,AtzJxjRQ3otBWXY2+4WmZIRjSBg=,CcQo6Fqmhn/8aBH0zEhed4E7G5w=
7,-43,AtzJxjRQ3otBWXY2+4WmZIRjSBg=,OA60yZZubWsQ64lxpRbBN9lf4rM=
8,-43,AtzJxjRQ3otBWXY2+4WmZIRjSBg=,igMtleTZPME0FNAwtf78qO62DtE=
9,-44,AtzJxjRQ3otBWXY2+4WmZIRjSBg=,igMtleTZPME0FNAwtf78qO62DtE=
6,-43,AtzJxjRQ3otBWXY2+4WmZIRjSBg=,OA60yZZubWsQ64lxpRbBN9lf4rM=
8,-46,AtzJxjRQ3otBWXY2+4WmZIRjSBg=,igMtleTZPME0FNAwtf78qO62DtE=
6,-46,AtzJxjRQ3otBWXY2+4WmZIRjSBg=,CcQo6Fqmhn/8aBH0zEhed4E7G5w=
8,-44,AtzJxjRQ3otBWXY2+4WmZIRjSBg=,igMtleTZPME0FNAwtf78qO62DtE=
9,-45,AtzJxjRQ3otBWXY2+4WmZIRjSBg=,igMtleTZPME0FNAwtf78qO62DtE=
9,-43,AtzJxjRQ3otBWXY2+4WmZIRjSBg=,igMtleTZPME0FNAwtf78qO62DtE=
8,-45,AtzJxjRQ3otBWXY2+4WmZIRjSBg=,igMtleTZPME0FNAwtf78qO62DtE=
12,-43,AtzJxjRQ3otBWXY2+4WmZIRjSBg=,V+shmgY2me+Js77MnwAqntxBcgk=
11,-44,AtzJxjRQ3otBWXY2+4WmZIRjSBg=,igMtleTZPME0FNAwtf78qO62DtE=
9,-46,AtzJxjRQ3otBWXY2+4WmZIRjSBg=,igMtleTZPME0FNAwtf78qO62DtE=
6,-44,AtzJxjRQ3otBWXY2+4WmZIRjSBg=,OA60yZZubWsQ64lxpRbBN9lf4rM=
13,-43,AtzJxjRQ3otBWXY2+4WmZIRjSBg=,V+shmgY2me+Js77MnwAqntxBcgk=
10,-43,AtzJxjRQ3otBWXY2+4WmZIRjSBg=,igMtleTZPME0FNAwtf78qO62DtE=
13,-44,AtzJxjRQ3otBWXY2+4WmZIRjSBg=,V+shmgY2me+Js77MnwAqntxBcgk=
6,-45,AtzJxjRQ3otBWXY2+4WmZIRjSBg=,CcQo6Fqmhn/8aBH0zEhed4E7G5w=
10,-44,AtzJxjRQ3otBWXY2+4WmZIRjSBg=,igMtleTZPME0FNAwtf78qO62DtE=
11,-43,AtzJxjRQ3otBWXY2+4WmZIRjSBg=,igMtleTZPME0FNAwtf78qO62DtE=
11,-46,AtzJxjRQ3otBWXY2+4WmZIRjSBg=,igMtleTZPME0FNAwtf78qO62DtE=
12,-44,AtzJxjRQ3otBWXY2+4WmZIRjSBg=,V+shmgY2me+Js77MnwAqntxBcgk=
11,-45,AtzJxjRQ3otBWXY2+4WmZIRjSBg=,igMtleTZPME0FNAwtf78qO62DtE=
10,-45,AtzJxjRQ3otBWXY2+4WmZIRjSBg=,igMtleTZPME0FNAwtf78qO62DtE=
10,-46,AtzJxjRQ3otBWXY2+4WmZIRjSBg=,igMtleTZPME0FNAwtf78qO62DtE=
12,-45,AtzJxjRQ3otBWXY2+4WmZIRjSBg=,V+shmgY2me+Js77MnwAqntxBcgk=
13,-45,AtzJxjRQ3otBWXY2+4WmZIRjSBg=,V+shmgY2me+Js77MnwAqntxBcgk=
9,-42,AtzJxjRQ3otBWXY2+4WmZIRjSBg=,igMtleTZPME0FNAwtf78qO62DtE=
12,-46,AtzJxjRQ3otBWXY2+4WmZIRjSBg=,V+shmgY2me+Js77MnwAqntxBcgk=
9,-41,AtzJxjRQ3otBWXY2+4WmZIRjSBg=,igMtleTZPME0FNAwtf78qO62DtE=
13,-46,AtzJxjRQ3otBWXY2+4WmZIRjSBg=,V+shmgY2me+Js77MnwAqntxBcgk=
8,-41,AtzJxjRQ3otBWXY2+4WmZIRjSBg=,igMtleTZPME0FNAwtf78qO62DtE=
10,-41,AtzJxjRQ3otBWXY2+4WmZIRjSBg=,igMtleTZPME0FNAwtf78qO62DtE=
8,-42,AtzJxjRQ3otBWXY2+4WmZIRjSBg=,igMtleTZPME0FNAwtf78qO62DtE=
11,-42,AtzJxjRQ3otBWXY2+4WmZIRjSBg=,igMtleTZPME0FNAwtf78qO62DtE=
10,-40,AtzJxjRQ3otBWXY2+4WmZIRjSBg=,igMtleTZPME0FNAwtf78qO62DtE=
7,-42,AtzJxjRQ3otBWXY2+4WmZIRjSBg=,OA60yZZubWsQ64lxpRbBN9lf4rM=
10,-42,AtzJxjRQ3otBWXY2+4WmZIRjSBg=,igMtleTZPME0FNAwtf78qO62DtE=
11,-41,AtzJxjRQ3otBWXY2+4WmZIRjSBg=,igMtleTZPME0FNAwtf78qO62DtE=
7,-40,AtzJxjRQ3otBWXY2+4WmZIRjSBg=,OA60yZZubWsQ64lxpRbBN9lf4rM=
6,-42,AtzJxjRQ3otBWXY2+4WmZIRjSBg=,OA60yZZubWsQ64lxpRbBN9lf4rM=
7,-38,AtzJxjRQ3otBWXY2+4WmZIRjSBg=,OA60yZZubWsQ64lxpRbBN9lf4rM=
7,-37,AtzJxjRQ3otBWXY2+4WmZIRjSBg=,OA60yZZubWsQ64lxpRbBN9lf4rM=
7,-41,AtzJxjRQ3otBWXY2+4WmZIRjSBg=,OA60yZZubWsQ64lxpRbBN9lf4rM=
6,-39,AtzJxjRQ3otBWXY2+4WmZIRjSBg=,OA60yZZubWsQ64lxpRbBN9lf4rM=
11,-39,AtzJxjRQ3otBWXY2+4WmZIRjSBg=,igMtleTZPME0FNAwtf78qO62DtE=
12,-42,AtzJxjRQ3otBWXY2+4WmZIRjSBg=,V+shmgY2me+Js77MnwAqntxBcgk=
9,-39,AtzJxjRQ3otBWXY2+4WmZIRjSBg=,igMtleTZPME0FNAwtf78qO62DtE=
12,-39,AtzJxjRQ3otBWXY2+4WmZIRjSBg=,V+shmgY2me+Js77MnwAqntxBcgk=
11,-40,AtzJxjRQ3otBWXY2+4WmZIRjSBg=,igMtleTZPME0FNAwtf78qO62DtE=
12,-41,AtzJxjRQ3otBWXY2+4WmZIRjSBg=,V+shmgY2me+Js77MnwAqntxBcgk=
7,-39,AtzJxjRQ3otBWXY2+4WmZIRjSBg=,OA60yZZubWsQ64lxpRbBN9lf4rM=
6,-41,AtzJxjRQ3otBWXY2+4WmZIRjSBg=,OA60yZZubWsQ64lxpRbBN9lf4rM=
9,-40,AtzJxjRQ3otBWXY2+4WmZIRjSBg=,igMtleTZPME0FNAwtf78qO62DtE=
13,-39,AtzJxjRQ3otBWXY2+4WmZIRjSBg=,V+shmgY2me+Js77MnwAqntxBcgk=
8,-39,AtzJxjRQ3otBWXY2+4WmZIRjSBg=,igMtleTZPME0FNAwtf78qO62DtE=
13,-42,AtzJxjRQ3otBWXY2+4WmZIRjSBg=,V+shmgY2me+Js77MnwAqntxBcgk=
12,-40,AtzJxjRQ3otBWXY2+4WmZIRjSBg=,V+shmgY2me+Js77MnwAqntxBcgk=
6,-37,AtzJxjRQ3otBWXY2+4WmZIRjSBg=,OA60yZZubWsQ64lxpRbBN9lf4rM=
8,-40,AtzJxjRQ3otBWXY2+4WmZIRjSBg=,igMtleTZPME0FNAwtf78qO62DtE=
13,-40,AtzJxjRQ3otBWXY2+4WmZIRjSBg=,V+shmgY2me+Js77MnwAqntxBcgk=
14,-35,AtzJxjRQ3otBWXY2+4WmZIRjSBg=,KIPsAIfm1b6Tjy4KebcYOgceeU4=
6,-40,AtzJxjRQ3otBWXY2+4WmZIRjSBg=,OA60yZZubWsQ64lxpRbBN9lf4rM=
15,-35,AtzJxjRQ3otBWXY2+4WmZIRjSBg=,KIPsAIfm1b6Tjy4KebcYOgceeU4=
13,-41,AtzJxjRQ3otBWXY2+4WmZIRjSBg=,V+shmgY2me+Js77MnwAqntxBcgk=
14,-38,AtzJxjRQ3otBWXY2+4WmZIRjSBg=,V+shmgY2me+Js77MnwAqntxBcgk=
10,-39,AtzJxjRQ3otBWXY2+4WmZIRjSBg=,igMtleTZPME0FNAwtf78qO62DtE=
14,-37,AtzJxjRQ3otBWXY2+4WmZIRjSBg=,V+shmgY2me+Js77MnwAqntxBcgk=
14,-36,AtzJxjRQ3otBWXY2+4WmZIRjSBg=,KIPsAIfm1b6Tjy4KebcYOgceeU4=
6,-38,AtzJxjRQ3otBWXY2+4WmZIRjSBg=,OA60yZZubWsQ64lxpRbBN9lf4rM=
15,-37,AtzJxjRQ3otBWXY2+4WmZIRjSBg=,V+shmgY2me+Js77MnwAqntxBcgk=
15,-38,AtzJxjRQ3otBWXY2+4WmZIRjSBg=,V+shmgY2me+Js77MnwAqntxBcgk=
14,-33,AtzJxjRQ3otBWXY2+4WmZIRjSBg=,KIPsAIfm1b6Tjy4KebcYOgceeU4=
15,-36,AtzJxjRQ3otBWXY2+4WmZIRjSBg=,KIPsAIfm1b6Tjy4KebcYOgceeU4=
10,-37,AtzJxjRQ3otBWXY2+4WmZIRjSBg=,igMtleTZPME0FNAwtf78qO62DtE=
11,-38,AtzJxjRQ3otBWXY2+4WmZIRjSBg=,igMtleTZPME0FNAwtf78qO62DtE=
8,-38,AtzJxjRQ3otBWXY2+4WmZIRjSBg=,igMtleTZPME0FNAwtf78qO62DtE=
9,-38,AtzJxjRQ3otBWXY2+4WmZIRjSBg=,igMtleTZPME0FNAwtf78qO62DtE=
12,-38,AtzJxjRQ3otBWXY2+4WmZIRjSBg=,V+shmgY2me+Js77MnwAqntxBcgk=
10,-38,AtzJxjRQ3otBWXY2+4WmZIRjSBg=,igMtleTZPME0FNAwtf78qO62DtE=
13,-38,AtzJxjRQ3otBWXY2+4WmZIRjSBg=,V+shmgY2me+Js77MnwAqntxBcgk=
3,-33,AtzJxjRQ3otBWXY2+4WmZIRjSBg=,p0LD6XdHue3urs6ebJOq6JwDcRU=
5,-33,AtzJxjRQ3otBWXY2+4WmZIRjSBg=,O7hM7XSKqG9lBXv5zEw4RSwpMFw=
7,-33,AtzJxjRQ3otBWXY2+4WmZIRjSBg=,O7hM7XSKqG9lBXv5zEw4RSwpMFw=
15,-34,AtzJxjRQ3otBWXY2+4WmZIRjSBg=,KIPsAIfm1b6Tjy4KebcYOgceeU4=
13,-33,AtzJxjRQ3otBWXY2+4WmZIRjSBg=,KIPsAIfm1b6Tjy4KebcYOgceeU4=
12,-36,AtzJxjRQ3otBWXY2+4WmZIRjSBg=,KIPsAIfm1b6Tjy4KebcYOgceeU4=
6,-33,AtzJxjRQ3otBWXY2+4WmZIRjSBg=,O7hM7XSKqG9lBXv5zEw4RSwpMFw=
12,-34,AtzJxjRQ3otBWXY2+4WmZIRjSBg=,KIPsAIfm1b6Tjy4KebcYOgceeU4=
12,-37,AtzJxjRQ3otBWXY2+4WmZIRjSBg=,V+shmgY2me+Js77MnwAqntxBcgk=
8,-33,AtzJxjRQ3otBWXY2+4WmZIRjSBg=,RWli0BsrBJvN7HxF7xoKj4tnSvE=
6,-35,AtzJxjRQ3otBWXY2+4WmZIRjSBg=,O7hM7XSKqG9lBXv5zEw4RSwpMFw=
12,-33,AtzJxjRQ3otBWXY2+4WmZIRjSBg=,KIPsAIfm1b6Tjy4KebcYOgceeU4=
4,-33,AtzJxjRQ3otBWXY2+4WmZIRjSBg=,O7hM7XSKqG9lBXv5zEw4RSwpMFw=
14,-34,AtzJxjRQ3otBWXY2+4WmZIRjSBg=,KIPsAIfm1b6Tjy4KebcYOgceeU4=
13,-36,AtzJxjRQ3otBWXY2+4WmZIRjSBg=,KIPsAIfm1b6Tjy4KebcYOgceeU4=
6,-34,AtzJxjRQ3otBWXY2+4WmZIRjSBg=,O7hM7XSKqG9lBXv5zEw4RSwpMFw=
6,-36,AtzJxjRQ3otBWXY2+4WmZIRjSBg=,O7hM7XSKqG9lBXv5zEw4RSwpMFw=
15,-39,AtzJxjRQ3otBWXY2+4WmZIRjSBg=,V+shmgY2me+Js77MnwAqntxBcgk=
15,-45,AtzJxjRQ3otBWXY2+4WmZIRjSBg=,V+shmgY2me+Js77MnwAqntxBcgk=
12,-35,AtzJxjRQ3otBWXY2+4WmZIRjSBg=,KIPsAIfm1b6Tjy4KebcYOgceeU4=
15,-33,AtzJxjRQ3otBWXY2+4WmZIRjSBg=,KIPsAIfm1b6Tjy4KebcYOgceeU4=
8,-37,AtzJxjRQ3otBWXY2+4WmZIRjSBg=,igMtleTZPME0FNAwtf78qO62DtE=
15,-40,AtzJxjRQ3otBWXY2+4WmZIRjSBg=,V+shmgY2me+Js77MnwAqntxBcgk=
7,-36,AtzJxjRQ3otBWXY2+4WmZIRjSBg=,O7hM7XSKqG9lBXv5zEw4RSwpMFw=
13,-34,AtzJxjRQ3otBWXY2+4WmZIRjSBg=,KIPsAIfm1b6Tjy4KebcYOgceeU4=
13,-35,AtzJxjRQ3otBWXY2+4WmZIRjSBg=,KIPsAIfm1b6Tjy4KebcYOgceeU4=
8,-34,AtzJxjRQ3otBWXY2+4WmZIRjSBg=,RWli0BsrBJvN7HxF7xoKj4tnSvE=
13,-48,AtzJxjRQ3otBWXY2+4WmZIRjSBg=,V+shmgY2me+Js77MnwAqntxBcgk=
10,-36,AtzJxjRQ3otBWXY2+4WmZIRjSBg=,RWli0BsrBJvN7HxF7xoKj4tnSvE=
7,-34,AtzJxjRQ3otBWXY2+4WmZIRjSBg=,O7hM7XSKqG9lBXv5zEw4RSwpMFw=
11,-35,AtzJxjRQ3otBWXY2+4WmZIRjSBg=,RWli0BsrBJvN7HxF7xoKj4tnSvE=
11,-36,AtzJxjRQ3otBWXY2+4WmZIRjSBg=,RWli0BsrBJvN7HxF7xoKj4tnSvE=
13,-37,AtzJxjRQ3otBWXY2+4WmZIRjSBg=,V+shmgY2me+Js77MnwAqntxBcgk=
11,-37,AtzJxjRQ3otBWXY2+4WmZIRjSBg=,igMtleTZPME0FNAwtf78qO62DtE=
14,-43,AtzJxjRQ3otBWXY2+4WmZIRjSBg=,V+shmgY2me+Js77MnwAqntxBcgk=
11,-33,AtzJxjRQ3otBWXY2+4WmZIRjSBg=,RWli0BsrBJvN7HxF7xoKj4tnSvE=
14,-42,AtzJxjRQ3otBWXY2+4WmZIRjSBg=,V+shmgY2me+Js77MnwAqntxBcgk=
11,-34,AtzJxjRQ3otBWXY2+4WmZIRjSBg=,RWli0BsrBJvN7HxF7xoKj4tnSvE=
9,-37,AtzJxjRQ3otBWXY2+4WmZIRjSBg=,igMtleTZPME0FNAwtf78qO62DtE=
9,-33,AtzJxjRQ3otBWXY2+4WmZIRjSBg=,RWli0BsrBJvN7HxF7xoKj4tnSvE=
15,-43,AtzJxjRQ3otBWXY2+4WmZIRjSBg=,V+shmgY2me+Js77MnwAqntxBcgk=
9,-34,AtzJxjRQ3otBWXY2+4WmZIRjSBg=,RWli0BsrBJvN7HxF7xoKj4tnSvE=
12,-48,AtzJxjRQ3otBWXY2+4WmZIRjSBg=,V+shmgY2me+Js77MnwAqntxBcgk=
9,-36,AtzJxjRQ3otBWXY2+4WmZIRjSBg=,RWli0BsrBJvN7HxF7xoKj4tnSvE=
7,-35,AtzJxjRQ3otBWXY2+4WmZIRjSBg=,O7hM7XSKqG9lBXv5zEw4RSwpMFw=
5,-34,AtzJxjRQ3otBWXY2+4WmZIRjSBg=,O7hM7XSKqG9lBXv5zEw4RSwpMFw=
10,-34,AtzJxjRQ3otBWXY2+4WmZIRjSBg=,RWli0BsrBJvN7HxF7xoKj4tnSvE=
10,-35,AtzJxjRQ3otBWXY2+4WmZIRjSBg=,RWli0BsrBJvN7HxF7xoKj4tnSvE=
2,-34,AtzJxjRQ3otBWXY2+4WmZIRjSBg=,p0LD6XdHue3urs6ebJOq6JwDcRU=
4,-48,AtzJxjRQ3otBWXY2+4WmZIRjSBg=,CcQo6Fqmhn/8aBH0zEhed4E7G5w=
13,-47,AtzJxjRQ3otBWXY2+4WmZIRjSBg=,V+shmgY2me+Js77MnwAqntxBcgk=
8,-35,AtzJxjRQ3otBWXY2+4WmZIRjSBg=,RWli0BsrBJvN7HxF7xoKj4tnSvE=
8,-36,AtzJxjRQ3otBWXY2+4WmZIRjSBg=,RWli0BsrBJvN7HxF7xoKj4tnSvE=
14,-40,AtzJxjRQ3otBWXY2+4WmZIRjSBg=,V+shmgY2me+Js77MnwAqntxBcgk=
15,-44,AtzJxjRQ3otBWXY2+4WmZIRjSBg=,V+shmgY2me+Js77MnwAqntxBcgk=
10,-33,AtzJxjRQ3otBWXY2+4WmZIRjSBg=,RWli0BsrBJvN7HxF7xoKj4tnSvE=
2,-33,AtzJxjRQ3otBWXY2+4WmZIRjSBg=,p0LD6XdHue3urs6ebJOq6JwDcRU=
15,-41,AtzJxjRQ3otBWXY2+4WmZIRjSBg=,V+shmgY2me+Js77MnwAqntxBcgk=
3,-34,AtzJxjRQ3otBWXY2+4WmZIRjSBg=,p0LD6XdHue3urs6ebJOq6JwDcRU=
12,-47,AtzJxjRQ3otBWXY2+4WmZIRjSBg=,V+shmgY2me+Js77MnwAqntxBcgk=
14,-39,AtzJxjRQ3otBWXY2+4WmZIRjSBg=,V+shmgY2me+Js77MnwAqntxBcgk=
3,-48,AtzJxjRQ3otBWXY2+4WmZIRjSBg=,k3uAEArDxWGv3Kxqr3JRc+NCq4Q=
5,-47,AtzJxjRQ3otBWXY2+4WmZIRjSBg=,CcQo6Fqmhn/8aBH0zEhed4E7G5w=
15,-46,AtzJxjRQ3otBWXY2+4WmZIRjSBg=,V+shmgY2me+Js77MnwAqntxBcgk=
5,-48,AtzJxjRQ3otBWXY2+4WmZIRjSBg=,CcQo6Fqmhn/8aBH0zEhed4E7G5w=
15,-42,AtzJxjRQ3otBWXY2+4WmZIRjSBg=,V+shmgY2me+Js77MnwAqntxBcgk=
7,-48,AtzJxjRQ3otBWXY2+4WmZIRjSBg=,CcQo6Fqmhn/8aBH0zEhed4E7G5w=
1,-45,AtzJxjRQ3otBWXY2+4WmZIRjSBg=,k3uAEArDxWGv3Kxqr3JRc+NCq4Q=
4,-47,AtzJxjRQ3otBWXY2+4WmZIRjSBg=,CcQo6Fqmhn/8aBH0zEhed4E7G5w=
9,-35,AtzJxjRQ3otBWXY2+4WmZIRjSBg=,RWli0BsrBJvN7HxF7xoKj4tnSvE=
8,-47,AtzJxjRQ3otBWXY2+4WmZIRjSBg=,igMtleTZPME0FNAwtf78qO62DtE=
6,-47,AtzJxjRQ3otBWXY2+4WmZIRjSBg=,CcQo6Fqmhn/8aBH0zEhed4E7G5w=
7,-47,AtzJxjRQ3otBWXY2+4WmZIRjSBg=,CcQo6Fqmhn/8aBH0zEhed4E7G5w=
4,-34,AtzJxjRQ3otBWXY2+4WmZIRjSBg=,O7hM7XSKqG9lBXv5zEw4RSwpMFw=
9,-47,AtzJxjRQ3otBWXY2+4WmZIRjSBg=,igMtleTZPME0FNAwtf78qO62DtE=
14,-45,AtzJxjRQ3otBWXY2+4WmZIRjSBg=,V+shmgY2me+Js77MnwAqntxBcgk=
10,-47,AtzJxjRQ3otBWXY2+4WmZIRjSBg=,igMtleTZPME0FNAwtf78qO62DtE=
14,-44,AtzJxjRQ3otBWXY2+4WmZIRjSBg=,V+shmgY2me+Js77MnwAqntxBcgk=
9,-48,AtzJxjRQ3otBWXY2+4WmZIRjSBg=,igMtleTZPME0FNAwtf78qO62DtE=
10,-48,AtzJxjRQ3otBWXY2+4WmZIRjSBg=,igMtleTZPME0FNAwtf78qO62DtE=
6,-48,AtzJxjRQ3otBWXY2+4WmZIRjSBg=,CcQo6Fqmhn/8aBH0zEhed4E7G5w=
2,-48,AtzJxjRQ3otBWXY2+4WmZIRjSBg=,k3uAEArDxWGv3Kxqr3JRc+NCq4Q=
1,-43,AtzJxjRQ3otBWXY2+4WmZIRjSBg=,jy0pl6thmQCHsvXRZTtlx/xg3hg=
14,-41,AtzJxjRQ3otBWXY2+4WmZIRjSBg=,V+shmgY2me+Js77MnwAqntxBcgk=
0,-36,AtzJxjRQ3otBWXY2+4WmZIRjSBg=,p0LD6XdHue3urs6ebJOq6JwDcRU=
0,-34,AtzJxjRQ3otBWXY2+4WmZIRjSBg=,p0LD6XdHue3urs6ebJOq6JwDcRU=
1,-35,AtzJxjRQ3otBWXY2+4WmZIRjSBg=,p0LD6XdHue3urs6ebJOq6JwDcRU=
0,-43,AtzJxjRQ3otBWXY2+4WmZIRjSBg=,jy0pl6thmQCHsvXRZTtlx/xg3hg=
2,-47,AtzJxjRQ3otBWXY2+4WmZIRjSBg=,k3uAEArDxWGv3Kxqr3JRc+NCq4Q=
1,-36,AtzJxjRQ3otBWXY2+4WmZIRjSBg=,p0LD6XdHue3urs6ebJOq6JwDcRU=
8,-48,AtzJxjRQ3otBWXY2+4WmZIRjSBg=,igMtleTZPME0FNAwtf78qO62DtE=
11,-48,AtzJxjRQ3otBWXY2+4WmZIRjSBg=,igMtleTZPME0FNAwtf78qO62DtE=
0,-42,AtzJxjRQ3otBWXY2+4WmZIRjSBg=,jy0pl6thmQCHsvXRZTtlx/xg3hg=
14,-46,AtzJxjRQ3otBWXY2+4WmZIRjSBg=,V+shmgY2me+Js77MnwAqntxBcgk=
1,-38,AtzJxjRQ3otBWXY2+4WmZIRjSBg=,jy0pl6thmQCHsvXRZTtlx/xg3hg=
0,-35,AtzJxjRQ3otBWXY2+4WmZIRjSBg=,p0LD6XdHue3urs6ebJOq6JwDcRU=
14,-48,AtzJxjRQ3otBWXY2+4WmZIRjSBg=,V+shmgY2me+Js77MnwAqntxBcgk=
1,-37,AtzJxjRQ3otBWXY2+4WmZIRjSBg=,jy0pl6thmQCHsvXRZTtlx/xg3hg=
0,-37,AtzJxjRQ3otBWXY2+4WmZIRjSBg=,jy0pl6thmQCHsvXRZTtlx/xg3hg=
0,-33,AtzJxjRQ3otBWXY2+4WmZIRjSBg=,p0LD6XdHue3urs6ebJOq6JwDcRU=
0,-38,AtzJxjRQ3otBWXY2+4WmZIRjSBg=,jy0pl6thmQCHsvXRZTtlx/xg3hg=
3,-47,AtzJxjRQ3otBWXY2+4WmZIRjSBg=,k3uAEArDxWGv3Kxqr3JRc+NCq4Q=
11,-47,AtzJxjRQ3otBWXY2+4WmZIRjSBg=,igMtleTZPME0FNAwtf78qO62DtE=
1,-47,AtzJxjRQ3otBWXY2+4WmZIRjSBg=,k3uAEArDxWGv3Kxqr3JRc+NCq4Q=
0,-46,AtzJxjRQ3otBWXY2+4WmZIRjSBg=,k3uAEArDxWGv3Kxqr3JRc+NCq4Q=
0,-45,AtzJxjRQ3otBWXY2+4WmZIRjSBg=,k3uAEArDxWGv3Kxqr3JRc+NCq4Q=
1,-44,AtzJxjRQ3otBWXY2+4WmZIRjSBg=,jy0pl6thmQCHsvXRZTtlx/xg3hg=
1,-40,AtzJxjRQ3otBWXY2+4WmZIRjSBg=,jy0pl6thmQCHsvXRZTtlx/xg3hg=
0,-48,AtzJxjRQ3otBWXY2+4WmZIRjSBg=,k3uAEArDxWGv3Kxqr3JRc+NCq4Q=
1,-46,AtzJxjRQ3otBWXY2+4WmZIRjSBg=,k3uAEArDxWGv3Kxqr3JRc+NCq4Q=
15,-47,AtzJxjRQ3otBWXY2+4WmZIRjSBg=,V+shmgY2me+Js77MnwAqntxBcgk=
1,-39,AtzJxjRQ3otBWXY2+4WmZIRjSBg=,jy0pl6thmQCHsvXRZTtlx/xg3hg=
1,-34,AtzJxjRQ3otBWXY2+4WmZIRjSBg=,p0LD6XdHue3urs6ebJOq6JwDcRU=
14,-47,AtzJxjRQ3otBWXY2+4WmZIRjSBg=,V+shmgY2me+Js77MnwAqntxBcgk=
0,-47,AtzJxjRQ3otBWXY2+4WmZIRjSBg=,k3uAEArDxWGv3Kxqr3JRc+NCq4Q=
0,-41,AtzJxjRQ3otBWXY2+4WmZIRjSBg=,jy0pl6thmQCHsvXRZTtlx/xg3hg=
1,-33,AtzJxjRQ3otBWXY2+4WmZIRjSBg=,p0LD6XdHue3urs6ebJOq6JwDcRU=
15,-48,AtzJxjRQ3otBWXY2+4WmZIRjSBg=,V+shmgY2me+Js77MnwAqntxBcgk=
0,-39,AtzJxjRQ3otBWXY2+4WmZIRjSBg=,jy0pl6thmQCHsvXRZTtlx/xg3hg=
1,-42,AtzJxjRQ3otBWXY2+4WmZIRjSBg=,jy0pl6thmQCHsvXRZTtlx/xg3hg=
1,-48,AtzJxjRQ3otBWXY2+4WmZIRjSBg=,k3uAEArDxWGv3Kxqr3JRc+NCq4Q=
0,-44,AtzJxjRQ3otBWXY2+4WmZIRjSBg=,jy0pl6thmQCHsvXRZTtlx/xg3hg=
1,-41,AtzJxjRQ3otBWXY2+4WmZIRjSBg=,jy0pl6thmQCHsvXRZTtlx/xg3hg=
0,-40,AtzJxjRQ3otBWXY2+4WmZIRjSBg=,jy0pl6thmQCHsvXRZTtlx/xg3hg=
