-1,-1,U4fXqE5Gl33kQcaOT1VHxUAo3Ak=,hdXlKerurA4bG4biPf7BXPYoWNw=
-1,-2,U4fXqE5Gl33kQcaOT1VHxUAo3Ak=,hdXlKerurA4bG4biPf7BXPYoWNw=
-1,-3,U4fXqE5Gl33kQcaOT1VHxUAo3Ak=,gj2wjotPXGycCAdRTQdg24lHohc=
-1,-4,U4fXqE5Gl33kQcaOT1VHxUAo3Ak=,47KX75lc9V21mD6jHYs4WbB81g8=
-1,-5,U4fXqE5Gl33kQcaOT1VHxUAo3Ak=,viJJdgLX8wBtMP0qJAlfQfCDMTw=
-1,-6,q5/2z8fU0/XjlGiuH9X74J4FxHA=,gxlOXrISkZXMlEOLvWqOKBu2i4I=
-1,-7,q5/2z8fU0/XjlGiuH9X74J4FxHA=,QPMqAoBK3VjAPNCgvxU09q4Nyro=
-1,-8,q5/2z8fU0/XjlGiuH9X74J4FxHA=,Oo00v4WgXI17HFPIhD9YwDfuE6Y=
-1,-9,q5/2z8fU0/XjlGiuH9X74J4FxHA=,ofk4QKMBJxmx1VrcvZqpm+v/CIg=
-1,-10,q5/2z8fU0/XjlGiuH9X74J4FxHA=,vPq6EjhHA3dxsRKxuSKtfFGKsTc=
-1,-11,q5/2z8fU0/XjlGiuH9X74J4FxHA=,0qsZul+RVwX828JEW8iOa//NbPc=
-1,-12,qGsUPzc49270oNv2AMiej9yLc00=,HUZY86ZBFgVD0OvR5pOuZgKUKaw=
-1,-13,qGsUPzc49270oNv2AMiej9yLc00=,tfZ0eShaljpIhLhQ1f8FbQh899s=
-1,-14,qGsUPzc49270oNv2AMiej9yLc00=,ZVBqzHQtWHYCNtCHp/yv1Z7VKCE=
-1,-15,qGsUPzc49270oNv2AMiej9yLc00=,tfZ0eShaljpIhLhQ1f8FbQh899s=
-1,-16,qGsUPzc49270oNv2AMiej9yLc00=,tfZ0eShaljpIhLhQ1f8FbQh899s=
-1,-17,qGsUPzc49270oNv2AMiej9yLc00=,uvN4IucydxiX06wapssNQ93nR6I=
-1,-18,srYdcl7exCZwbFd/dTcrjZcIEQg=,GabpVKbFPPCvin4lyTlU9gBo7VM=
-1,-19,srYdcl7exCZwbFd/dTcrjZcIEQg=,z+pVQGR8ymaHDb58G8im2K3uU5M=
-1,-20,srYdcl7exCZwbFd/dTcrjZcIEQg=,E+zkGkssoWkQyAc9t/pYiwx9w6M=
-1,-21,srYdcl7exCZwbFd/dTcrjZcIEQg=,0CX8u5Yza83O2Umhs412nYGpaec=
-1,-22,srYdcl7exCZwbFd/dTcrjZcIEQg=,0CX8u5Yza83O2Umhs412nYGpaec=
-1,-23,srYdcl7exCZwbFd/dTcrjZcIEQg=,0CX8u5Yza83O2Umhs412nYGpaec=
-1,-24,XgUoxpcD5wFwUZitGidjJAzh+Ew=,0CX8u5Yza83O2Umhs412nYGpaec=
-1,-25,XgUoxpcD5wFwUZitGidjJAzh+Ew=,g8JTp5k3fJXOt47yd4rrqDqicbE=
-1,-26,XgUoxpcD5wFwUZitGidjJAzh+Ew=,ooxqKchbRU4cw3WZ648Xrbdftwo=
-2,-2,XgUoxpcD5wFwUZitGidjJAzh+Ew=,hdXlKerurA4bG4biPf7BXPYoWNw=
-2,-1,XgUoxpcD5wFwUZitGidjJAzh+Ew=,hdXlKerurA4bG4biPf7BXPYoWNw=
-2,-4,XgUoxpcD5wFwUZitGidjJAzh+Ew=,aiuxRp0lCc2/bcu3I6ozCBiHfN0=
-2,-3,Ss8ewA2881BRz4vLN3S7eSBsyg0=,/glGsoK7gKFn/Y+YqaixEn3KCak=
-2,-6,Ss8ewA2881BRz4vLN3S7eSBsyg0=,fX1zXh0v274KlgbXbCKyOFe50zY=
-2,-5,Ss8ewA2881BRz4vLN3S7eSBsyg0=,ZDxamzt9+kQGy211BSGDt4j0xLA=
-2,-8,Ss8ewA2881BRz4vLN3S7eSBsyg0=,GAbMRLC60gYxvEyUxQzJVzcfM2E=
-2,-7,Ss8ewA2881BRz4vLN3S7eSBsyg0=,hYKoF2pXyj2AdtGKCzlqGzyAQoU=
-2,-10,hGLrefimoqLNsvvJrPpmibmxNDs=,X2+K3VcVKluBYGsjS8zeeqthdPg=
-2,-9,hGLrefimoqLNsvvJrPpmibmxNDs=,byXKGYbQLnyiiit5NaKG1e6Bf7I=
-2,-12,hGLrefimoqLNsvvJrPpmibmxNDs=,UsUQq0k4U84/uIdH718urC6BMR4=
-2,-11,hGLrefimoqLNsvvJrPpmibmxNDs=,/kFOoEDDZ5H9bd6lawkL8I/U8nA=
-2,-14,hGLrefimoqLNsvvJrPpmibmxNDs=,8T9uBr+2Bucg8aJOrWMHDafqA3U=
-2,-13,tBLeElKPf8/Hjr7nfLLVp7BCEiA=,LsRDzxzWSpP3dnv3kome2uUdGI4=
-2,-16,tBLeElKPf8/Hjr7nfLLVp7BCEiA=,/3gBODgZ4SYFtZ9P/zatnrgC0d8=
-2,-15,tBLeElKPf8/Hjr7nfLLVp7BCEiA=,8T9uBr+2Bucg8aJOrWMHDafqA3U=
-2,-18,tBLeElKPf8/Hjr7nfLLVp7BCEiA=,LgkXt/RIU4gJRCguAw4QhK2Vo9Q=
-2,-17,tBLeElKPf8/Hjr7nfLLVp7BCEiA=,YdEtf8mRkqxPf1pZpdyv105/HhE=
-2,-20,tBLeElKPf8/Hjr7nfLLVp7BCEiA=,iPRNCjhqJBlXnhznnlIYrcqEoGc=
-2,-19,fqhvnh7RRXbKpdiZArjC5lG5KTU=,uNhbM6JBKRXP+yFKRfzBbM34isA=
-2,-22,fqhvnh7RRXbKpdiZArjC5lG5KTU=,JH/B3oKC+v5UsrP07cTLkmnnP2s=
-2,-21,fqhvnh7RRXbKpdiZArjC5lG5KTU=,gq/+XTsQ4J347cwGQgFbE5V2aXU=
-2,-24,fqhvnh7RRXbKpdiZArjC5lG5KTU=,3y5fftFlAFQXdPdwlAwQ2Tm+9qg=
-2,-23,fqhvnh7RRXbKpdiZArjC5lG5KTU=,jFc0lOBX4EDPA7r06IlMu5bBqW8=
-2,-26,fqhvnh7RRXbKpdiZArjC5lG5KTU=,rNY0gETFVQOC3FXiQGeqBeeC+Ws=
-2,-25,fqhvnh7RRXbKpdiZArjC5lG5KTU=,JzlcNHhu/CV2XITDElYf1n7YIfU=
-3,-3,7uCXuvmplsA45+Sc5ND4gZJwjLU=,34Vb8cQDpouGOtm7ycORuCMURqM=
-3,-4,7uCXuvmplsA45+Sc5ND4gZJwjLU=,zCLzTvEomdc1h/kzkyACIzjTj/E=
-3,-1,7uCXuvmplsA45+Sc5ND4gZJwjLU=,hdXlKerurA4bG4biPf7BXPYoWNw=
-3,-2,7uCXuvmplsA45+Sc5ND4gZJwjLU=,hdXlKerurA4bG4biPf7BXPYoWNw=
-3,-7,7uCXuvmplsA45+Sc5ND4gZJwjLU=,zopMC8M1j6fW28UVvsVOH7EYVps=
-3,-8,qsRw/D0Nrz0HCl7HVliDkewWcIA=,Gu5A4Pij+5sshAX1biBro9SivPw=
-3,-5,qsRw/D0Nrz0HCl7HVliDkewWcIA=,oYdZzKsdNLppxYYSHENNe8gOYEA=
-3,-6,qsRw/D0Nrz0HCl7HVliDkewWcIA=,BmPzdprFN+dL7S/G3r08Ow4/tdY=
-3,-11,qsRw/D0Nrz0HCl7HVliDkewWcIA=,wUwNrBjB0ToqKhjWdkX5pjEFTPU=
-3,-12,qsRw/D0Nrz0HCl7HVliDkewWcIA=,miKPHQBS9i5jL1Fs0IqGCnuUHyA=
-3,-9,0E600zrKCIF4id/sVIecrodv/74=,l0099w15S4CGt57RgywrQPq1AiQ=
-3,-10,0E600zrKCIF4id/sVIecrodv/74=,v0Jbu+NndAH47IqGyr4WQ0PASBU=
-3,-15,0E600zrKCIF4id/sVIecrodv/74=,eFVXLSewBoYypkLy/S1sdY7EJwE=
-3,-16,0E600zrKCIF4id/sVIecrodv/74=,jjpMEsTYIbkT0F4UR/Wnw+yo2ZY=
-3,-13,0E600zrKCIF4id/sVIecrodv/74=,nVJpDyf+vaiizxrTqiAVxa7hiXI=
-3,-14,0E600zrKCIF4id/sVIecrodv/74=,uyEMk7XCJgfZy/RSkgoN2ht34Vw=
-3,-19,OKN6Be2mfkkBBAop1tA54AuEUzg=,ahDpn/TG0neI6Wua+Z7GDO3iNdY=
-3,-20,OKN6Be2mfkkBBAop1tA54AuEUzg=,0CX8u5Yza83O2Umhs412nYGpaec=
-3,-17,OKN6Be2mfkkBBAop1tA54AuEUzg=,O0SqLDnUgOjT9IeTgDkSXC5bslE=
-3,-18,OKN6Be2mfkkBBAop1tA54AuEUzg=,mrVj7tD7RHcgwZGFOwLyZd4S+Xo=
-3,-23,OKN6Be2mfkkBBAop1tA54AuEUzg=,gcnVCAx6JQvTf8jUn03Z9XxKvDU=
-3,-24,OKN6Be2mfkkBBAop1tA54AuEUzg=,O71wKzlIEujdKgJFg9DqnpEE7vo=
-3,-21,OKN6Be2mfkkBBAop1tA54AuEUzg=,QRW1+TcK8ubX900b9Mjk7ok+iTM=
-3,-22,m8IhPNO03tCSjRa3S/rzcaI36FI=,5MBLAPRUAp0W2rb2uShc8Y2RFxo=
-3,-25,m8IhPNO03tCSjRa3S/rzcaI36FI=,QppEV2oI3FiS58WuwonawxkZKVA=
-3,-26,m8IhPNO03tCSjRa3S/rzcaI36FI=,sCR+aXBK/eXLNDgEIul6Gy7gyyE=
-4,-4,m8IhPNO03tCSjRa3S/rzcaI36FI=,lNb1bKh/ZIWoVZNJt3WyI5fdf+I=
-4,-3,m8IhPNO03tCSjRa3S/rzcaI36FI=,b7ehO+MuxuSvZ6P277jRq7rif6A=
-4,-2,emy6IgFSeF14daFTbdiYrRjx/Vo=,hdXlKerurA4bG4biPf7BXPYoWNw=
-4,-1,emy6IgFSeF14daFTbdiYrRjx/Vo=,hdXlKerurA4bG4biPf7BXPYoWNw=
-4,-8,emy6IgFSeF14daFTbdiYrRjx/Vo=,8MV35j698CbBaIg6jT3AqR5tO20=
-4,-7,emy6IgFSeF14daFTbdiYrRjx/Vo=,X1hO7TCQ32JJR98/FuwWQegPQXM=
-4,-6,emy6IgFSeF14daFTbdiYrRjx/Vo=,NaL7CFeC6Y3p/DnAU1osLh9p/dQ=
-4,-5,DoUA0Ou5DA589+M1mtkb4QoU1rM=,6JAja3akz5fCTTRorMCW1jQVvHo=
-4,-12,DoUA0Ou5DA589+M1mtkb4QoU1rM=,P17Pzb/KLwsz8OdIeymc0+AhTHQ=
-4,-11,DoUA0Ou5DA589+M1mtkb4QoU1rM=,nLd0Ejj7yKEV8Fd8J9tKD3q6ySI=
-4,-10,DoUA0Ou5DA589+M1mtkb4QoU1rM=,9xoJvhUL1f64W23QpGoGkzdM1Mk=
-4,-9,DoUA0Ou5DA589+M1mtkb4QoU1rM=,WrU5I+/qVw6FZokDVJ5xfJcUesw=
-4,-16,DoUA0Ou5DA589+M1mtkb4QoU1rM=,uzasO+eWFySJeJhg1WltHKQxDHs=
-4,-15,0x/it4eguLoS8FRH/FttYzqTXxY=,enw6bl8Tr+ivszq+BDBOYiVTFG4=
-4,-14,0x/it4eguLoS8FRH/FttYzqTXxY=,Nhi+E4JNp89tSwsT7JL3y9dj8/U=
-4,-13,0x/it4eguLoS8FRH/FttYzqTXxY=,zQwquXmPaJNIe0Poq6umjD7cWfQ=
-4,-20,0x/it4eguLoS8FRH/FttYzqTXxY=,X1cjVO7GrwiPnJf02Kz2TkWYLug=
-4,-19,0x/it4eguLoS8FRH/FttYzqTXxY=,0vuuQsphifChg9PyWJFgKE0PDm8=
-4,-18,0x/it4eguLoS8FRH/FttYzqTXxY=,yrjfoPvy+Rz9eWpBtN9eUywWEt8=
-4,-17,z8ii0IfYfJzmyM1JiZTNsRQ0p7c=,k57fVpKY8apIUIbnEk+mNb/OczM=
-4,-24,z8ii0IfYfJzmyM1JiZTNsRQ0p7c=,CcKyZDjfMU7AewIFjAu5mjrlu4s=
-4,-23,z8ii0IfYfJzmyM1JiZTNsRQ0p7c=,GRDkC72rIr8Dp3/3QSWIUrzRA5s=
-4,-22,z8ii0IfYfJzmyM1JiZTNsRQ0p7c=,byjkBvqP1jYMi25Amk5783CwaBM=
-4,-21,z8ii0IfYfJzmyM1JiZTNsRQ0p7c=,wImeT5CC+LJ5lC57Z6oYNbagb+E=
-4,-26,z8ii0IfYfJzmyM1JiZTNsRQ0p7c=,qh5K0zJ9rkERFJLI0cyNETyp/6g=
-4,-25,z8ii0IfYfJzmyM1JiZTNsRQ0p7c=,OKxF2KdZr6hujAskhG+6MiqQzuU=
-5,-5,LCyeVWJk6Fxnm7Aw09RUbYNYVm8=,hdXlKerurA4bG4biPf7BXPYoWNw=
-5,-6,LCyeVWJk6Fxnm7Aw09RUbYNYVm8=,TVcOXlZmJ1Vuxq+DNDrTln520pQ=
-5,-7,LCyeVWJk6Fxnm7Aw09RUbYNYVm8=,EiYuDJ07Fen7LDspfjW9GQbSYG4=
-5,-8,LCyeVWJk6Fxnm7Aw09RUbYNYVm8=,wG/BTAOh9nIbiY/RVJUgE9fmwVw=
-5,-1,tKMxie47Rat7lS+LjTDvZ+0/3k4=,hdXlKerurA4bG4biPf7BXPYoWNw=
-5,-2,tKMxie47Rat7lS+LjTDvZ+0/3k4=,hdXlKerurA4bG4biPf7BXPYoWNw=
-5,-3,tKMxie47Rat7lS+LjTDvZ+0/3k4=,Z6/fQ28fujYnXvr0yq5miPwma9g=
-5,-4,tKMxie47Rat7lS+LjTDvZ+0/3k4=,+OAONUVF12Xn0+TyjR0f1LZKKvI=
-5,-13,tKMxie47Rat7lS+LjTDvZ+0/3k4=,Mk/094oHasVnfLVcyh/vRX9yHkE=
-5,-14,tKMxie47Rat7lS+LjTDvZ+0/3k4=,wPj1bBBLE4zTPrCfcuHhxuAkKTQ=
-5,-15,QEjBaOc/SoFouGlwX4ejMY5yFiI=,lcJjG6BndkxrnbZU0KIUN2tDl2s=
-5,-16,QEjBaOc/SoFouGlwX4ejMY5yFiI=,xDUQQg0bz4drxeo6byuiMaKd9xM=
-5,-9,QEjBaOc/SoFouGlwX4ejMY5yFiI=,yISHJoZAXWrX/WMZChh8BrSTKwA=
-5,-10,QEjBaOc/SoFouGlwX4ejMY5yFiI=,M9p1gvZkRcHvgLKuDTN/xPuRsys=
-5,-11,QEjBaOc/SoFouGlwX4ejMY5yFiI=,difLlJji3wZwn5B8t3f7s2MumCs=
-5,-12,7YU6zciO4gY7cYEiOvLQnocRmpM=,LXp+/X/WNAEjVVx9Rh57BydHHzg=
-5,-21,7YU6zciO4gY7cYEiOvLQnocRmpM=,35f/QlcXItIXFlffjtvc/gXy+b4=
-5,-22,7YU6zciO4gY7cYEiOvLQnocRmpM=,+swNHn9+SHDnjBpmqxYzRTayyF8=
-5,-23,7YU6zciO4gY7cYEiOvLQnocRmpM=,fS7mJIUQP2y3Zs9vW0fltAkG8rc=
-5,-24,7YU6zciO4gY7cYEiOvLQnocRmpM=,UpoIBuwtXQl4vvkxYSTGfOTOZpw=
-5,-17,yyX8rvnOIjGN3lnH0Ry3beLT88M=,0CX8u5Yza83O2Umhs412nYGpaec=
-5,-18,yyX8rvnOIjGN3lnH0Ry3beLT88M=,0CX8u5Yza83O2Umhs412nYGpaec=
-5,-19,yyX8rvnOIjGN3lnH0Ry3beLT88M=,MwieMc3HNQtjtmzdpM0Qefnfc7o=
-5,-20,yyX8rvnOIjGN3lnH0Ry3beLT88M=,4ve4fSssB75NOYf9gCqC1a4kgFI=
-5,-25,yyX8rvnOIjGN3lnH0Ry3beLT88M=,MMcau4arsJJQMIYZTR6BoWM2dYg=
-5,-26,yyX8rvnOIjGN3lnH0Ry3beLT88M=,rOOKVmF6k7uawFnV+tY6F5eHedo=
-6,-6,zW9VpL1WnlXYvlVfQF2duZ8PrEA=,y8v+wmltpvbnHsqJ4a3wI3WGcl4=
-6,-5,zW9VpL1WnlXYvlVfQF2duZ8PrEA=,psfVWBtJYat6xnrW93uJC8puiCE=
-6,-8,zW9VpL1WnlXYvlVfQF2duZ8PrEA=,16wq8jUWIpjozeRsJGrNkM/TkN4=
-6,-7,zW9VpL1WnlXYvlVfQF2duZ8PrEA=,4aWCr35yiPCaGlUHzDtW8O7BHIk=
-6,-2,zW9VpL1WnlXYvlVfQF2duZ8PrEA=,v1bYdD+oRK1VhpURaQPZAkayZU4=
-6,-1,P+108vWdmzILQNuJ4Opze1ejcMc=,hdXlKerurA4bG4biPf7BXPYoWNw=
-6,-4,P+108vWdmzILQNuJ4Opze1ejcMc=,tzIZ+PnPUH2LKPXFSO9Bqh+5zn4=
-6,-3,P+108vWdmzILQNuJ4Opze1ejcMc=,N810pxqf90n250SgR+HEP6krOmE=
-6,-14,P+108vWdmzILQNuJ4Opze1ejcMc=,Q44bMaYyzs0zrT5y9k9nSnNkyBk=
-6,-13,P+108vWdmzILQNuJ4Opze1ejcMc=,cHNeLhqzCOSLyjs/5oeQD771Mws=
-6,-16,v3j2UdTOI0GkX8zncz3QM9SLHus=,tfZ0eShaljpIhLhQ1f8FbQh899s=
-6,-15,v3j2UdTOI0GkX8zncz3QM9SLHus=,tfZ0eShaljpIhLhQ1f8FbQh899s=
-6,-10,v3j2UdTOI0GkX8zncz3QM9SLHus=,yqHeApTyDn1wUMM/f8tvN11FW4Q=
-6,-9,v3j2UdTOI0GkX8zncz3QM9SLHus=,0wfkMcJGFfzJNZ5Uuu7rmOgsJYw=
-6,-12,v3j2UdTOI0GkX8zncz3QM9SLHus=,Gvxa59kEyz9ud/3cozGfY4cS7bo=
-6,-11,v3j2UdTOI0GkX8zncz3QM9SLHus=,WO6Amn29avurn81mRs2pVjFtvXQ=
-6,-22,v3j2UdTOI0GkX8zncz3QM9SLHus=,0/JwTXu8Ob+tV9Jr36XlK/VL3fM=
-6,-21,emT3RSNpZHg/dRD/HR5UrYa+hFM=,CRsl3nDD76cIf5MsJDA1y/snPaA=
-6,-24,emT3RSNpZHg/dRD/HR5UrYa+hFM=,jMP+qgOjHoM3bZAGHzK0JKF8fX0=
-6,-23,emT3RSNpZHg/dRD/HR5UrYa+hFM=,EMOO4KR505ofEs2OCToP9QC0oJw=
-6,-18,emT3RSNpZHg/dRD/HR5UrYa+hFM=,AJWoZj8G0gKVfkZB1mH5SCEqiao=
-6,-17,emT3RSNpZHg/dRD/HR5UrYa+hFM=,P2z0aaHEUKW7uhyRInBHM8zUg70=
-6,-20,eZ6EYLn7A/L/B7oK1mBzMlZjXec=,RVqf3Cd1P48jGihhQCgB9Ec5L9U=
-6,-19,eZ6EYLn7A/L/B7oK1mBzMlZjXec=,VO55K8CicN/ak9v0DhM6OinvVqE=
-6,-25,eZ6EYLn7A/L/B7oK1mBzMlZjXec=,iOnY1DfWOFKUQ8LArjCGC4JVY64=
-7,-7,eZ6EYLn7A/L/B7oK1mBzMlZjXec=,FIXezrw9FLkEdPFn1wA+EIdy4K0=
-7,-8,eZ6EYLn7A/L/B7oK1mBzMlZjXec=,ruF+vUEFqB7Iq+c1y2nscsVJ8TE=
-7,-5,JjdXTMoxV6nt0/7UyIci6BvXNU8=,7E5BAKbMCblYhjK+tVKJape8wdY=
-7,-6,JjdXTMoxV6nt0/7UyIci6BvXNU8=,X8yZ7X3Cj0fRI4eMagCmjvqjn6k=
-7,-3,JjdXTMoxV6nt0/7UyIci6BvXNU8=,ycVhUMsfcqhFZL0zYsg42RYgs00=
-7,-4,JjdXTMoxV6nt0/7UyIci6BvXNU8=,+A7ev9c7sOC0EaYaFXNPtZZJdVY=
-7,-1,JjdXTMoxV6nt0/7UyIci6BvXNU8=,Lh1pzitWcxCNEFkam90U2n6gcqE=
-7,-2,+974/Fph7u5zRK7gRuounn3jhfA=,s9FQBOlpzugHKTWhi6K6oLuRKL4=
-7,-15,+974/Fph7u5zRK7gRuounn3jhfA=,tfZ0eShaljpIhLhQ1f8FbQh899s=
-7,-16,+974/Fph7u5zRK7gRuounn3jhfA=,tfZ0eShaljpIhLhQ1f8FbQh899s=
-7,-13,+974/Fph7u5zRK7gRuounn3jhfA=,guvJBSfNn5hpMPRQDT01EMBdFzI=
-7,-14,+974/Fph7u5zRK7gRuounn3jhfA=,XjwicQZOO+xOoYMkAn8fkngtaes=
-7,-11,+974/Fph7u5zRK7gRuounn3jhfA=,+aHeFErrPoorzU9nFuauBYiN7Ag=
-7,-12,TCMex+Sj5vVZShwTsa4QABtw3UQ=,eaRejGuz72Mv4qA04OAzSoDlK6E=
-7,-9,TCMex+Sj5vVZShwTsa4QABtw3UQ=,/qW15lC1JbzHrlz/YL9tKKYNLp4=
-7,-10,TCMex+Sj5vVZShwTsa4QABtw3UQ=,y+yeCqhTlhjcQsOG1RLVIIusI3s=
-7,-23,TCMex+Sj5vVZShwTsa4QABtw3UQ=,gTj+3oUZPeNf4teTWNRuWEkjkL8=
-7,-24,TCMex+Sj5vVZShwTsa4QABtw3UQ=,1ye6IVErD/v3B2yfHARE5/YUumQ=
-7,-21,TCMex+Sj5vVZShwTsa4QABtw3UQ=,KS7mxj01SkHyccNV+x3xNIVOq3A=
-7,-22,6rYlubxPsWhU95QVmZcsKxzYBgQ=,AVlNXXQOnId/Uh8dx5hGiYNJNEo=
-7,-19,6rYlubxPsWhU95QVmZcsKxzYBgQ=,0CX8u5Yza83O2Umhs412nYGpaec=
-7,-20,6rYlubxPsWhU95QVmZcsKxzYBgQ=,0CX8u5Yza83O2Umhs412nYGpaec=
-7,-17,6rYlubxPsWhU95QVmZcsKxzYBgQ=,nWsHOSi9GOHq18EOcOh6db2f6v8=
-7,-18,6rYlubxPsWhU95QVmZcsKxzYBgQ=,zIGmKBsP6KdxrQdqgRmXoy+ztrQ=
-7,-25,6rYlubxPsWhU95QVmZcsKxzYBgQ=,MMcau4arsJJQMIYZTR6BoWM2dYg=
-8,-8,kQ3uzB8cBFqOab4NCNqsc0sYOJ8=,yWd2/Rw+f+UxXn/p+dOLLHGOhOc=
-8,-7,kQ3uzB8cBFqOab4NCNqsc0sYOJ8=,podvlaohij3vnqcHrEuiaJg/maw=
-8,-6,kQ3uzB8cBFqOab4NCNqsc0sYOJ8=,ON1N5aEQAdYJz7sokbBfXRwdXYM=
-8,-5,kQ3uzB8cBFqOab4NCNqsc0sYOJ8=,Xy59TMKeyq/8U2oYX8EVmKIJe9E=
-8,-4,pXUXRPzLhvGExEnvIwQWwIHXSpw=,hdXlKerurA4bG4biPf7BXPYoWNw=
-8,-3,pXUXRPzLhvGExEnvIwQWwIHXSpw=,hdXlKerurA4bG4biPf7BXPYoWNw=
-8,-2,pXUXRPzLhvGExEnvIwQWwIHXSpw=,oUPLC7MsOvzGllwdSSsYsBnzhO8=
-8,-1,pXUXRPzLhvGExEnvIwQWwIHXSpw=,sAZlgToKKI2O67f5D3mrIwbe0Lc=
-8,-16,pXUXRPzLhvGExEnvIwQWwIHXSpw=,tfZ0eShaljpIhLhQ1f8FbQh899s=
-8,-15,fgKIGOvbmFsAOcqQOpVxlDF2EhQ=,tfZ0eShaljpIhLhQ1f8FbQh899s=
-8,-14,fgKIGOvbmFsAOcqQOpVxlDF2EhQ=,byDh2C1FZlxzk04ccJcRUr/f0FQ=
-8,-13,fgKIGOvbmFsAOcqQOpVxlDF2EhQ=,lcJjG6BndkxrnbZU0KIUN2tDl2s=
-8,-12,fgKIGOvbmFsAOcqQOpVxlDF2EhQ=,1S8WlysamW+hs+7RIuVxvPNlXTI=
-8,-11,fgKIGOvbmFsAOcqQOpVxlDF2EhQ=,yUHDxD8WSFzjOy+Cv7M7A/kxfAs=
-8,-10,fgKIGOvbmFsAOcqQOpVxlDF2EhQ=,yUHDxD8WSFzjOy+Cv7M7A/kxfAs=
-8,-9,TpwiSE361uWzuvD1fvvVRUoWexk=,d8OSvxd8aNryySaJBjCCYFeiBbg=
-8,-24,TpwiSE361uWzuvD1fvvVRUoWexk=,3SeGDdSiBopDr0mxp+9r6rYzOrU=
-8,-23,TpwiSE361uWzuvD1fvvVRUoWexk=,bqsyEqpkYkBR96KMzgysyjLW2MA=
-8,-22,TpwiSE361uWzuvD1fvvVRUoWexk=,1thGaw09rfcIOt0eUW0CId9R6SE=
-8,-21,TpwiSE361uWzuvD1fvvVRUoWexk=,HEadUSxS9CbPjtQlTURWcMaDU3w=
-8,-20,TpwiSE361uWzuvD1fvvVRUoWexk=,0CX8u5Yza83O2Umhs412nYGpaec=
-8,-19,TpwiSE361uWzuvD1fvvVRUoWexk=,0CX8u5Yza83O2Umhs412nYGpaec=
-8,-18,TpwiSE361uWzuvD1fvvVRUoWexk=,TqLNGhjEsKu4p96DDSRqXELxhYk=
-8,-17,TpwiSE361uWzuvD1fvvVRUoWexk=,iWERukp6bhwPKvOIsMpjg14wu+4=
-8,-25,DLNFgc8TJueaXW3pUSHNKUJ2Bxw=,hvCCwGWfOauQT2mDdoi5jNLwfSY=
-9,-9,DLNFgc8TJueaXW3pUSHNKUJ2Bxw=,ZZfQzC/g4FszPiJMRegL/IqmAv4=
-9,-10,xaH/mX2TLySfaL3NhESKa4pEBfw=,ZZfQzC/g4FszPiJMRegL/IqmAv4=
-9,-11,xaH/mX2TLySfaL3NhESKa4pEBfw=,ZZfQzC/g4FszPiJMRegL/IqmAv4=
-9,-12,xaH/mX2TLySfaL3NhESKa4pEBfw=,ZZfQzC/g4FszPiJMRegL/IqmAv4=
-9,-13,xaH/mX2TLySfaL3NhESKa4pEBfw=,ZZfQzC/g4FszPiJMRegL/IqmAv4=
-9,-14,t7SwbIgs4xA2cBOG8Uro3GqWEc8=,ZZfQzC/g4FszPiJMRegL/IqmAv4=
-9,-15,t7SwbIgs4xA2cBOG8Uro3GqWEc8=,ZZfQzC/g4FszPiJMRegL/IqmAv4=
-9,-16,t7SwbIgs4xA2cBOG8Uro3GqWEc8=,ZZfQzC/g4FszPiJMRegL/IqmAv4=
-9,-1,t7SwbIgs4xA2cBOG8Uro3GqWEc8=,NwEx68EsaFe6jJWQ9uEvKMI8jpM=
-9,-2,t7SwbIgs4xA2cBOG8Uro3GqWEc8=,NwEx68EsaFe6jJWQ9uEvKMI8jpM=
-9,-3,t7SwbIgs4xA2cBOG8Uro3GqWEc8=,NwEx68EsaFe6jJWQ9uEvKMI8jpM=
-9,-4,+4FC1Q8QdfB/FTHMA1bUSBERuPY=,G58iom3g6a2yTA5b7vXBTCuoxJc=
-9,-5,+4FC1Q8QdfB/FTHMA1bUSBERuPY=,WHGeCotprwv0mgtRt/KmWP5+BQY=
-9,-6,+4FC1Q8QdfB/FTHMA1bUSBERuPY=,TD4+LfkhY4czXsd2smD9p1nIQGU=
-9,-7,+4FC1Q8QdfB/FTHMA1bUSBERuPY=,pFufQxFJJjV9C50TLbR/LrTA+6g=
-9,-8,+4FC1Q8QdfB/FTHMA1bUSBERuPY=,L+ydH9CvFMHK3tpIqPq1g/XvxyA=
-9,-25,+4FC1Q8QdfB/FTHMA1bUSBERuPY=,NwEx68EsaFe6jJWQ9uEvKMI8jpM=
-9,-17,pJjUuGvMumXiGzndU4QE2D803S0=,R0SmSL+II3WrJ8S+3AOyMqKq4gk=
-9,-18,pJjUuGvMumXiGzndU4QE2D803S0=,R0SmSL+II3WrJ8S+3AOyMqKq4gk=
-9,-19,pJjUuGvMumXiGzndU4QE2D803S0=,R0SmSL+II3WrJ8S+3AOyMqKq4gk=
-9,-20,pJjUuGvMumXiGzndU4QE2D803S0=,R0SmSL+II3WrJ8S+3AOyMqKq4gk=
-9,-21,pJjUuGvMumXiGzndU4QE2D803S0=,R0SmSL+II3WrJ8S+3AOyMqKq4gk=
-9,-22,p/Ilr0HiCs/aosjcEJvmYlVCvHI=,0A7iAibReAVS4BdX1BHsLEQGsLk=
-9,-23,p/Ilr0HiCs/aosjcEJvmYlVCvHI=,j5k8jzbW3reN0O0SrQc45An0EGA=
-9,-24,p/Ilr0HiCs/aosjcEJvmYlVCvHI=,R0SmSL+II3WrJ8S+3AOyMqKq4gk=
-10,-10,p/Ilr0HiCs/aosjcEJvmYlVCvHI=,ZZfQzC/g4FszPiJMRegL/IqmAv4=
-10,-9,p/Ilr0HiCs/aosjcEJvmYlVCvHI=,ZZfQzC/g4FszPiJMRegL/IqmAv4=
-10,-12,a/leeUORWkS3ipxWDgxUGY7Puj0=,ZZfQzC/g4FszPiJMRegL/IqmAv4=
-10,-11,a/leeUORWkS3ipxWDgxUGY7Puj0=,ZZfQzC/g4FszPiJMRegL/IqmAv4=
-10,-14,a/leeUORWkS3ipxWDgxUGY7Puj0=,ZZfQzC/g4FszPiJMRegL/IqmAv4=
-10,-13,a/leeUORWkS3ipxWDgxUGY7Puj0=,ZZfQzC/g4FszPiJMRegL/IqmAv4=
-10,-16,a/leeUORWkS3ipxWDgxUGY7Puj0=,ZZfQzC/g4FszPiJMRegL/IqmAv4=
-10,-15,bOWegB6hesXmYIqqCv+Hjl1feOA=,ZZfQzC/g4FszPiJMRegL/IqmAv4=
-10,-2,bOWegB6hesXmYIqqCv+Hjl1feOA=,VkSG/sFBaKz4JUbo7g0KHIk7iDA=
-10,-1,bOWegB6hesXmYIqqCv+Hjl1feOA=,NwEx68EsaFe6jJWQ9uEvKMI8jpM=
-10,-4,bOWegB6hesXmYIqqCv+Hjl1feOA=,3GXUO/3ElOsmGs3Xv1y5PdXoGYA=
-10,-3,bOWegB6hesXmYIqqCv+Hjl1feOA=,NDXtDejr6gIZfGUiynzuab1vxLI=
-10,-6,bOWegB6hesXmYIqqCv+Hjl1feOA=,8c9+3np+Yt586T6+Q8Z2nKghddk=
-10,-5,aUbCdWtVjtVJe/F5wtjlcBP415o=,zdlZ0ROG1/xR3RuiruCGOVAUxY4=
-10,-8,aUbCdWtVjtVJe/F5wtjlcBP415o=,2ZmhMOPQEGRReHijS6kB+2BxNMc=
-10,-7,aUbCdWtVjtVJe/F5wtjlcBP415o=,VGCWlohZvYzkCuRiT1W/dVvypeU=
-10,-18,aUbCdWtVjtVJe/F5wtjlcBP415o=,R0SmSL+II3WrJ8S+3AOyMqKq4gk=
-10,-17,aUbCdWtVjtVJe/F5wtjlcBP415o=,R0SmSL+II3WrJ8S+3AOyMqKq4gk=
-10,-20,aUbCdWtVjtVJe/F5wtjlcBP415o=,U0Xr14tER/c47tyvHPWZJfhJQEY=
-10,-19,MpS7atJnTF7FKzoRDaLcdWOz28E=,R0SmSL+II3WrJ8S+3AOyMqKq4gk=
-10,-22,MpS7atJnTF7FKzoRDaLcdWOz28E=,1olHIw2mgWMZyn+5CW++LFpzpLg=
-10,-21,MpS7atJnTF7FKzoRDaLcdWOz28E=,wgyl5Dzb9+BqJRZk2BYRWey4dS8=
-10,-24,MpS7atJnTF7FKzoRDaLcdWOz28E=,ESrTOnMW+zH6N91N0EMWQJiDYCo=
-10,-23,MpS7atJnTF7FKzoRDaLcdWOz28E=,iBGVrCXeW0BehJ8YCvu6OMXHv00=
-11,-11,p/tA66rfHMF/lWokGN3ZEqEpx6Y=,LFtaLbfZNYJK1qdAC9rPo2ioVo8=
-11,-12,p/tA66rfHMF/lWokGN3ZEqEpx6Y=,IgPJvygLJ+rk5bSRy6qp/wYJzdA=
-11,-9,p/tA66rfHMF/lWokGN3ZEqEpx6Y=,vQEDLwK7DCU7wAMvxBT4ASFNGto=
-11,-10,p/tA66rfHMF/lWokGN3ZEqEpx6Y=,xYIu4WeHJd039LIvT/1oGnJndk0=
-11,-15,p/tA66rfHMF/lWokGN3ZEqEpx6Y=,Kz8LFJywBNkpT948xa30c6Ae5cE=
-11,-16,YYIfr+SDmBE3N8iKQYGiBZgFYe0=,g8WW/t9p89eu8X5xIXoOTaTYUxc=
-11,-13,YYIfr+SDmBE3N8iKQYGiBZgFYe0=,IgPJvygLJ+rk5bSRy6qp/wYJzdA=
-11,-14,YYIfr+SDmBE3N8iKQYGiBZgFYe0=,GXsLPx5vZ2c1TuvkT7R/QjklEOE=
-11,-3,YYIfr+SDmBE3N8iKQYGiBZgFYe0=,Q1AnfMkbs6RjC1yWFnttfi9+OTI=
-11,-4,YYIfr+SDmBE3N8iKQYGiBZgFYe0=,P0D+Xtnz6IM2e4lHnX4M0tXE5Z0=
-11,-1,YYIfr+SDmBE3N8iKQYGiBZgFYe0=,nps4MwKOJD44XZnYQvXb6xxl4QE=
-11,-2,T8+LpAJxwn43GMV1+57VN3JtU1U=,NwEx68EsaFe6jJWQ9uEvKMI8jpM=
-11,-7,T8+LpAJxwn43GMV1+57VN3JtU1U=,qT2vimfF8L8qa8ALSkumPxrUwhQ=
-11,-8,T8+LpAJxwn43GMV1+57VN3JtU1U=,7RJrq5rOFh6vR4yA1KRGJAetyHE=
-11,-5,T8+LpAJxwn43GMV1+57VN3JtU1U=,doOU+h/o6KUWmcxQBrxnWxcenIs=
-11,-6,T8+LpAJxwn43GMV1+57VN3JtU1U=,NwEx68EsaFe6jJWQ9uEvKMI8jpM=
-11,-19,T8+LpAJxwn43GMV1+57VN3JtU1U=,R0SmSL+II3WrJ8S+3AOyMqKq4gk=
-11,-20,T8+LpAJxwn43GMV1+57VN3JtU1U=,yk1h+EYGcrnIhrsfgiwF7kTpJQs=
-11,-17,vPy2U3sPsy98aaWQ5QRX7o8nXIc=,R0SmSL+II3WrJ8S+3AOyMqKq4gk=
-11,-18,vPy2U3sPsy98aaWQ5QRX7o8nXIc=,R0SmSL+II3WrJ8S+3AOyMqKq4gk=
-11,-23,vPy2U3sPsy98aaWQ5QRX7o8nXIc=,COVGtIP2Z8ksmvMoWcZpD5T4Z7Y=
-11,-24,vPy2U3sPsy98aaWQ5QRX7o8nXIc=,nhSwIiqDWWj9YFAMBYZ1Eehv3Kg=
-11,-21,vPy2U3sPsy98aaWQ5QRX7o8nXIc=,8qszvHLUnSWOPJMTglBE3k4jxBQ=
-11,-22,vPy2U3sPsy98aaWQ5QRX7o8nXIc=,OvLM9dorcmgAcAEpYNUD0crNm7c=
-12,-12,hdOTUXdzxV99EfO8jHz6wxOydIA=,TCXI/KRGO9qfXURLmAV0W0QYO1Y=
-12,-11,hdOTUXdzxV99EfO8jHz6wxOydIA=,TNLz58JP5/m6XpZsgjAL2l1p0tU=
-12,-10,hdOTUXdzxV99EfO8jHz6wxOydIA=,mC48dGi7z5/uSApfqYiXlT01IfE=
-12,-9,hdOTUXdzxV99EfO8jHz6wxOydIA=,ijbItNJpLLxO+H8xXceQS3h4MAs=
-12,-16,hdOTUXdzxV99EfO8jHz6wxOydIA=,PqOmRvu+qlPWg7l92zzPX+V1z9c=
-12,-15,p8cgyScSXdMzDuQyYXa36OMbT5g=,6ofeDaJR4/p55yxUK+3iWGyk4o8=
-12,-14,p8cgyScSXdMzDuQyYXa36OMbT5g=,cs5fFKaiyij3/A85lax+HvKDVKE=
-12,-13,p8cgyScSXdMzDuQyYXa36OMbT5g=,SIMBz9v/csQANPP4BkeWFtqa0jY=
-12,-4,p8cgyScSXdMzDuQyYXa36OMbT5g=,se6I4rTAugxUD7Pr9U/KfDeoWpQ=
-12,-3,p8cgyScSXdMzDuQyYXa36OMbT5g=,VQmWuopfikeybXlBMM13WId7K0g=
-12,-2,p8cgyScSXdMzDuQyYXa36OMbT5g=,NwEx68EsaFe6jJWQ9uEvKMI8jpM=
-12,-1,7GDDmrnkVnbZ6o2qQXE3V8j9UbQ=,NwEx68EsaFe6jJWQ9uEvKMI8jpM=
-12,-8,7GDDmrnkVnbZ6o2qQXE3V8j9UbQ=,Ju142ewDmnrNs1iniG/ZKJL+i+o=
-12,-7,7GDDmrnkVnbZ6o2qQXE3V8j9UbQ=,PnPZNN9Ru7pq2cr44ocDG4gRonI=
-12,-6,7GDDmrnkVnbZ6o2qQXE3V8j9UbQ=,NwEx68EsaFe6jJWQ9uEvKMI8jpM=
-12,-5,7GDDmrnkVnbZ6o2qQXE3V8j9UbQ=,NwEx68EsaFe6jJWQ9uEvKMI8jpM=
-12,-20,7GDDmrnkVnbZ6o2qQXE3V8j9UbQ=,HVDJUiLCBwxRaSQIHGe2PFcIvJM=
-12,-19,YwnovnTkl5+2KydmSpYEDfAq4Ns=,R0SmSL+II3WrJ8S+3AOyMqKq4gk=
-12,-18,YwnovnTkl5+2KydmSpYEDfAq4Ns=,R0SmSL+II3WrJ8S+3AOyMqKq4gk=
-12,-17,YwnovnTkl5+2KydmSpYEDfAq4Ns=,R0SmSL+II3WrJ8S+3AOyMqKq4gk=
-12,-23,YwnovnTkl5+2KydmSpYEDfAq4Ns=,VPtjFpglNWRMmr6Ix1YGBAHfHOU=
-12,-22,YwnovnTkl5+2KydmSpYEDfAq4Ns=,GpnJ/ZFCTz+oumF+MwXzuEAdZPI=
-12,-21,G+D/0SV61o24la/6zHHlONHeEXg=,4tEKT4yQ+uhjgn2eKqvfSl2G40M=
-13,-13,G+D/0SV61o24la/6zHHlONHeEXg=,r+fgzYR3XjxZA8RP9bW0JbZgBrI=
-13,-14,G+D/0SV61o24la/6zHHlONHeEXg=,HqTTX4so00GQi0ZKXPuiTQH8Mlk=
-13,-15,G+D/0SV61o24la/6zHHlONHeEXg=,C6OJVsq8PpAxGk9g4V1hkvYcvkw=
-13,-16,G+D/0SV61o24la/6zHHlONHeEXg=,FIzF/Wc2vWZYSURxlWu10T9qI7E=
-13,-9,nvJAu9bwF+eVcDZjaHIu5yrFiFo=,r5NEzGCI76v5mAy0+DG4rRpg+hA=
-13,-10,nvJAu9bwF+eVcDZjaHIu5yrFiFo=,1ebjJ3NUq5duwIlmeiw8zabxAsQ=
-13,-11,nvJAu9bwF+eVcDZjaHIu5yrFiFo=,wpLCCJivL2rGjjdwUH0m9gUImN4=
-13,-12,nvJAu9bwF+eVcDZjaHIu5yrFiFo=,ZZfQzC/g4FszPiJMRegL/IqmAv4=
-13,-5,nvJAu9bwF+eVcDZjaHIu5yrFiFo=,NwEx68EsaFe6jJWQ9uEvKMI8jpM=
-13,-6,Jl9SYZR3/4MKcqRAmQYka/GBUIg=,NwEx68EsaFe6jJWQ9uEvKMI8jpM=
-13,-7,Jl9SYZR3/4MKcqRAmQYka/GBUIg=,fW9xBrQhulLj4rtk4nMLXLALunE=
-13,-8,Jl9SYZR3/4MKcqRAmQYka/GBUIg=,Ou18O0e+ScVCgrMICEkmZojfzTQ=
-13,-1,Jl9SYZR3/4MKcqRAmQYka/GBUIg=,NwEx68EsaFe6jJWQ9uEvKMI8jpM=
-13,-2,Jl9SYZR3/4MKcqRAmQYka/GBUIg=,NwEx68EsaFe6jJWQ9uEvKMI8jpM=
-13,-3,Jl9SYZR3/4MKcqRAmQYka/GBUIg=,NwEx68EsaFe6jJWQ9uEvKMI8jpM=
-13,-4,pDjoB7i7tsBFuOqZMTjs1UbxF4Q=,NwEx68EsaFe6jJWQ9uEvKMI8jpM=
-13,-21,pDjoB7i7tsBFuOqZMTjs1UbxF4Q=,zvhpC72mkxfveMQX2su9SJQhOvo=
-13,-22,pDjoB7i7tsBFuOqZMTjs1UbxF4Q=,Yzuck5A0jJ/ALnPLAD58W5QLmBE=
-13,-23,pDjoB7i7tsBFuOqZMTjs1UbxF4Q=,K/3Y/YXzTjlYTxPAJWqYa6zJnlc=
-13,-17,pDjoB7i7tsBFuOqZMTjs1UbxF4Q=,R0SmSL+II3WrJ8S+3AOyMqKq4gk=
-13,-18,pDjoB7i7tsBFuOqZMTjs1UbxF4Q=,R0SmSL+II3WrJ8S+3AOyMqKq4gk=
-13,-19,BkYTnYkO5vr1xrsdPFX2MXhZuc0=,R0SmSL+II3WrJ8S+3AOyMqKq4gk=
-13,-20,BkYTnYkO5vr1xrsdPFX2MXhZuc0=,FgoQi6gFwkcsL36yjMIA2rYnPcs=
-14,-14,BkYTnYkO5vr1xrsdPFX2MXhZuc0=,ZZfQzC/g4FszPiJMRegL/IqmAv4=
-14,-13,BkYTnYkO5vr1xrsdPFX2MXhZuc0=,ZZfQzC/g4FszPiJMRegL/IqmAv4=
-14,-16,BkYTnYkO5vr1xrsdPFX2MXhZuc0=,ZZfQzC/g4FszPiJMRegL/IqmAv4=
-14,-15,1t1Z89HZSM2Iq1tGmoW4k8O2VD8=,ZZfQzC/g4FszPiJMRegL/IqmAv4=
-14,-10,1t1Z89HZSM2Iq1tGmoW4k8O2VD8=,JWDMvAEJTBJgknFapuSE3QczNSE=
-14,-9,1t1Z89HZSM2Iq1tGmoW4k8O2VD8=,3wRli+WcHINT0AVSE7vlkDPjJiU=
-14,-12,1t1Z89HZSM2Iq1tGmoW4k8O2VD8=,ZZfQzC/g4FszPiJMRegL/IqmAv4=
-14,-11,1t1Z89HZSM2Iq1tGmoW4k8O2VD8=,yuurxndFZxLuveb04S66amTeToI=
-14,-6,MQjCUwZMrfJ5fCl5HxnlrAAUPag=,NwEx68EsaFe6jJWQ9uEvKMI8jpM=
-14,-5,MQjCUwZMrfJ5fCl5HxnlrAAUPag=,NwEx68EsaFe6jJWQ9uEvKMI8jpM=
-14,-8,MQjCUwZMrfJ5fCl5HxnlrAAUPag=,AMUosbDNpkhlVjlM5sT3pVRrq30=
-14,-7,MQjCUwZMrfJ5fCl5HxnlrAAUPag=,4EFRFBbDtnwDb8TSLNuIi7x8hyM=
-14,-2,tbQNpp4quFVQBf+3C32/U+JrIls=,NwEx68EsaFe6jJWQ9uEvKMI8jpM=
-14,-1,tbQNpp4quFVQBf+3C32/U+JrIls=,NwEx68EsaFe6jJWQ9uEvKMI8jpM=
-14,-4,tbQNpp4quFVQBf+3C32/U+JrIls=,NwEx68EsaFe6jJWQ9uEvKMI8jpM=
-14,-3,tbQNpp4quFVQBf+3C32/U+JrIls=,NwEx68EsaFe6jJWQ9uEvKMI8jpM=
-14,-22,tbQNpp4quFVQBf+3C32/U+JrIls=,AFYW9FwqLw9x0iPjxEmG7oIOtiM=
-14,-21,tbQNpp4quFVQBf+3C32/U+JrIls=,JqJ+qyDE5KdT8J0mvHC88awGIqY=
-14,-18,DyVd69grxq/I1QcrQICvboozsJc=,R0SmSL+II3WrJ8S+3AOyMqKq4gk=
-14,-17,DyVd69grxq/I1QcrQICvboozsJc=,R0SmSL+II3WrJ8S+3AOyMqKq4gk=
-14,-20,DyVd69grxq/I1QcrQICvboozsJc=,RzqpLQAgnSLNdj1zuapdXwv7fx4=
-14,-19,DyVd69grxq/I1QcrQICvboozsJc=,R0SmSL+II3WrJ8S+3AOyMqKq4gk=
-15,-15,DyVd69grxq/I1QcrQICvboozsJc=,ZZfQzC/g4FszPiJMRegL/IqmAv4=
-15,-16,J9DCYy/DwDLpbaZ91+gsobkPKSA=,ZZfQzC/g4FszPiJMRegL/IqmAv4=
-15,-13,J9DCYy/DwDLpbaZ91+gsobkPKSA=,ZZfQzC/g4FszPiJMRegL/IqmAv4=
-15,-14,J9DCYy/DwDLpbaZ91+gsobkPKSA=,ZZfQzC/g4FszPiJMRegL/IqmAv4=
-15,-11,J9DCYy/DwDLpbaZ91+gsobkPKSA=,pI4VwOogQIXjc+0Cdzct7X3eRqU=
-15,-12,J9DCYy/DwDLpbaZ91+gsobkPKSA=,ZZfQzC/g4FszPiJMRegL/IqmAv4=
-15,-9,J9DCYy/DwDLpbaZ91+gsobkPKSA=,cz5m2yiGNr7c3fsXgTJLacGSbOM=
-15,-10,vu4Ntx2hWlxdE7+qe4hvT2dGAY4=,3RiBaNWFySoe0hjXrS95Mdm03oA=
-15,-7,vu4Ntx2hWlxdE7+qe4hvT2dGAY4=,hU+DdA450jBcHQ8QpqpUZcMgXg4=
-15,-8,vu4Ntx2hWlxdE7+qe4hvT2dGAY4=,YC6Nbku6Q1RYBPlVN+QmWlJRehA=
-15,-5,vu4Ntx2hWlxdE7+qe4hvT2dGAY4=,FC7bpBfPuwJBWFAfcHdeq9/Tjc8=
-15,-6,KcOBZIRUKhbAebYd4lWmDPot5aE=,Tjz9WL7IkG1inTc47mKTu/6k2j8=
-15,-3,KcOBZIRUKhbAebYd4lWmDPot5aE=,XtmQgYGjaLwrwdzawJ5LOirgMno=
-15,-4,KcOBZIRUKhbAebYd4lWmDPot5aE=,YTVtARlprtmetA287o9vyd/U+w4=
-15,-1,KcOBZIRUKhbAebYd4lWmDPot5aE=,qGg0v/dEAbNnvlexo7pymMbpRDE=
-15,-2,KcOBZIRUKhbAebYd4lWmDPot5aE=,uCgiKGgChraOng4Xn6+XosDSUnk=
-15,-21,3yIdzDOOeIpe49sQjApZzyLiAB0=,LlQ7x6UUpt5eK1VxA8Cc/3AcnOQ=
-15,-22,3yIdzDOOeIpe49sQjApZzyLiAB0=,cuQKZ+wfQ92AXp2F/xxrsTuUrgI=
-15,-19,3yIdzDOOeIpe49sQjApZzyLiAB0=,R0SmSL+II3WrJ8S+3AOyMqKq4gk=
-15,-20,3yIdzDOOeIpe49sQjApZzyLiAB0=,R0SmSL+II3WrJ8S+3AOyMqKq4gk=
-15,-17,3yIdzDOOeIpe49sQjApZzyLiAB0=,R0SmSL+II3WrJ8S+3AOyMqKq4gk=
-15,-18,3yIdzDOOeIpe49sQjApZzyLiAB0=,R0SmSL+II3WrJ8S+3AOyMqKq4gk=
-16,-16,3yIdzDOOeIpe49sQjApZzyLiAB0=,ZZfQzC/g4FszPiJMRegL/IqmAv4=
-16,-15,3yIdzDOOeIpe49sQjApZzyLiAB0=,ZZfQzC/g4FszPiJMRegL/IqmAv4=
-16,-14,yYlV94puuVPXC1MGkU2B5JUIn8M=,ZZfQzC/g4FszPiJMRegL/IqmAv4=
-16,-13,yYlV94puuVPXC1MGkU2B5JUIn8M=,ZZfQzC/g4FszPiJMRegL/IqmAv4=
-16,-12,yYlV94puuVPXC1MGkU2B5JUIn8M=,ZZfQzC/g4FszPiJMRegL/IqmAv4=
-16,-11,yYlV94puuVPXC1MGkU2B5JUIn8M=,9D5gQUVsbacudFmsTVqk7NJBMpk=
-16,-10,yYlV94puuVPXC1MGkU2B5JUIn8M=,XfPQCuP4Rtn4Zk43QhcDKtI41Hg=
-16,-9,yYlV94puuVPXC1MGkU2B5JUIn8M=,GOHhmBHvd9u4HfWuEigvsOmIMJI=
-16,-8,yYlV94puuVPXC1MGkU2B5JUIn8M=,NwEx68EsaFe6jJWQ9uEvKMI8jpM=
-16,-7,yYlV94puuVPXC1MGkU2B5JUIn8M=,YC6Nbku6Q1RYBPlVN+QmWlJRehA=
-16,-6,Y1sGPP/JOawqibP14b6vPNZkRyA=,sRlyizCjXKdaA6lBMhOQKvD54xE=
-16,-5,Y1sGPP/JOawqibP14b6vPNZkRyA=,J/7SNvragKM91pwX+yYDr1O4dqs=
-16,-4,Y1sGPP/JOawqibP14b6vPNZkRyA=,UqTVCHSgpZWsYxqf2Xp6igALC7A=
-16,-3,Y1sGPP/JOawqibP14b6vPNZkRyA=,XZZnJsKA7e1bGonN5WrlhRHzdxs=
-16,-2,Y1sGPP/JOawqibP14b6vPNZkRyA=,tgZcvMi+YwzvN7ekZdrrYc5Rhfw=
-16,-1,Y1sGPP/JOawqibP14b6vPNZkRyA=,En5ammPEmzGNdyRZe2asmcmyBA8=
-16,-21,5ctjLR1+JBkkuQ5vQEHrH3veuh8=,TViPma+CORcvMx+p2DJ4XzusACk=
-16,-20,5ctjLR1+JBkkuQ5vQEHrH3veuh8=,R0SmSL+II3WrJ8S+3AOyMqKq4gk=
-16,-19,zvSIRbi6ft+qYGm01FCcHJzGOVY=,R0SmSL+II3WrJ8S+3AOyMqKq4gk=
-16,-18,zvSIRbi6ft+qYGm01FCcHJzGOVY=,R0SmSL+II3WrJ8S+3AOyMqKq4gk=
-16,-17,zvSIRbi6ft+qYGm01FCcHJzGOVY=,R0SmSL+II3WrJ8S+3AOyMqKq4gk=
-17,-17,zvSIRbi6ft+qYGm01FCcHJzGOVY=,tkDBZzIeC58sLpAE02L90EI8NlQ=
-17,-18,zvSIRbi6ft+qYGm01FCcHJzGOVY=,WNXS2EMWFoyL/AV1rkctZqXp7yc=
-17,-19,zvSIRbi6ft+qYGm01FCcHJzGOVY=,WIhnfVRiQs5xxZfMjfAM9PcdSis=
-17,-20,zvSIRbi6ft+qYGm01FCcHJzGOVY=,tkDBZzIeC58sLpAE02L90EI8NlQ=
-17,-1,UfGWuS7gUIZIIyZk/YExUfQShgw=,lqeK82IVCz8cuRrGOF8v86+EGc8=
-17,-2,UfGWuS7gUIZIIyZk/YExUfQShgw=,lqeK82IVCz8cuRrGOF8v86+EGc8=
-17,-3,UfGWuS7gUIZIIyZk/YExUfQShgw=,lqeK82IVCz8cuRrGOF8v86+EGc8=
-17,-4,UfGWuS7gUIZIIyZk/YExUfQShgw=,TDU2GLBsaz7k+TMgNWRMG/qt3bY=
-17,-5,T58Ks7d/Ace54rdFGRzyHindh8Q=,pF1Uz9q5qlR7RH7nfEHsz2UpJnA=
-17,-6,T58Ks7d/Ace54rdFGRzyHindh8Q=,oiElcLli5xyyHIDSM8lMO56j95w=
-17,-7,T58Ks7d/Ace54rdFGRzyHindh8Q=,9kok0tt+OMLo8jSLta3jPj2r7zs=
-17,-8,T58Ks7d/Ace54rdFGRzyHindh8Q=,3XOwWF8hfuil1RoATo9WpQAbIRU=
-17,-9,T58Ks7d/Ace54rdFGRzyHindh8Q=,moAmYeMerVDZXsBo1SIimz/To3Q=
-17,-10,H3aefbbcZy+Po3b+zKm9JbAs3FY=,moAmYeMerVDZXsBo1SIimz/To3Q=
-17,-11,H3aefbbcZy+Po3b+zKm9JbAs3FY=,moAmYeMerVDZXsBo1SIimz/To3Q=
-17,-12,H3aefbbcZy+Po3b+zKm9JbAs3FY=,moAmYeMerVDZXsBo1SIimz/To3Q=
-17,-13,H3aefbbcZy+Po3b+zKm9JbAs3FY=,moAmYeMerVDZXsBo1SIimz/To3Q=
-17,-14,H3aefbbcZy+Po3b+zKm9JbAs3FY=,moAmYeMerVDZXsBo1SIimz/To3Q=
-17,-15,fmj250x+/pDbYRhxUvs8bXkSvYg=,moAmYeMerVDZXsBo1SIimz/To3Q=
-17,-16,fmj250x+/pDbYRhxUvs8bXkSvYg=,moAmYeMerVDZXsBo1SIimz/To3Q=
-18,-18,fmj250x+/pDbYRhxUvs8bXkSvYg=,4l/NKpjdUJh7lKih/N8G00lTuMQ=
-18,-17,fmj250x+/pDbYRhxUvs8bXkSvYg=,tkDBZzIeC58sLpAE02L90EI8NlQ=
-18,-19,fmj250x+/pDbYRhxUvs8bXkSvYg=,oeBwtTefz9O55ixiRSM+4Bct+gY=
-18,-2,fmj250x+/pDbYRhxUvs8bXkSvYg=,lqeK82IVCz8cuRrGOF8v86+EGc8=
-18,-1,fmj250x+/pDbYRhxUvs8bXkSvYg=,lqeK82IVCz8cuRrGOF8v86+EGc8=
-18,-4,fyB/77VqVBdakOdfXCfNUQoox3g=,JkNEatqLlNRC/0iphDlVxBb/tBk=
-18,-3,fyB/77VqVBdakOdfXCfNUQoox3g=,AFhlXrjj886gQnb2mrxB+L1uA/w=
-18,-6,fyB/77VqVBdakOdfXCfNUQoox3g=,rOYVHYPCxkZuUW1lq/OlajiTcQI=
-18,-5,fyB/77VqVBdakOdfXCfNUQoox3g=,mCaNjnojTD1o+Pvh2xRLVPiU91U=
-18,-8,fyB/77VqVBdakOdfXCfNUQoox3g=,ToQVugFlJayz8DOJQvfxxL9Y8CI=
-18,-7,fSy/LJVMyOwTrK1P7CppC239j1A=,yLBopn5rC3gzOvhn6HYippnUnuM=
-18,-10,fSy/LJVMyOwTrK1P7CppC239j1A=,moAmYeMerVDZXsBo1SIimz/To3Q=
-18,-9,fSy/LJVMyOwTrK1P7CppC239j1A=,moAmYeMerVDZXsBo1SIimz/To3Q=
-18,-12,fSy/LJVMyOwTrK1P7CppC239j1A=,moAmYeMerVDZXsBo1SIimz/To3Q=
-18,-11,fSy/LJVMyOwTrK1P7CppC239j1A=,moAmYeMerVDZXsBo1SIimz/To3Q=
-18,-14,47fBwP+uu2wz7euDuxzyivFrwfs=,moAmYeMerVDZXsBo1SIimz/To3Q=
-18,-13,47fBwP+uu2wz7euDuxzyivFrwfs=,moAmYeMerVDZXsBo1SIimz/To3Q=
-18,-16,47fBwP+uu2wz7euDuxzyivFrwfs=,moAmYeMerVDZXsBo1SIimz/To3Q=
-18,-15,47fBwP+uu2wz7euDuxzyivFrwfs=,moAmYeMerVDZXsBo1SIimz/To3Q=
-19,-17,47fBwP+uu2wz7euDuxzyivFrwfs=,w1iGJaagjWS0fz4Jbs/UXpKiXHQ=
-19,-18,47fBwP+uu2wz7euDuxzyivFrwfs=,Ec/kEbCXTnwUWVr8cuif6ApUJts=
-19,-3,47fBwP+uu2wz7euDuxzyivFrwfs=,aQAG9zTA4X/JgL1BwN8NXBHFtwg=
-19,-4,+3HnnV4anpwx7UFxPX54aSCYQME=,VEwTHHzSiPRd+biwd5IrT2HONik=
-19,-1,+3HnnV4anpwx7UFxPX54aSCYQME=,lqeK82IVCz8cuRrGOF8v86+EGc8=
-19,-2,+3HnnV4anpwx7UFxPX54aSCYQME=,lqeK82IVCz8cuRrGOF8v86+EGc8=
-19,-7,+3HnnV4anpwx7UFxPX54aSCYQME=,RKVn4kd9qZLBpM8RgWAf5ePI6wU=
-19,-8,1fkDi2VkoHZs9sIMlE24+d4PANY=,v9VOKHwpZhiPsq15JewQbwSi+EQ=
-19,-5,1fkDi2VkoHZs9sIMlE24+d4PANY=,pNHSmXmne3xTc6B0MhKSAyo9jEI=
-19,-6,1fkDi2VkoHZs9sIMlE24+d4PANY=,IUPLuBbiaxF9VA7hGNcLSKpU4xI=
-19,-11,1fkDi2VkoHZs9sIMlE24+d4PANY=,MI5wG/nbLpAlp3sWjK6tdixCBoM=
-19,-12,1fkDi2VkoHZs9sIMlE24+d4PANY=,moAmYeMerVDZXsBo1SIimz/To3Q=
-19,-9,N1SSBTJbEHDJririmhC9tvJD6Kg=,tNYNvNUEhzVYp3Zwt4kin2xaA7s=
-19,-10,N1SSBTJbEHDJririmhC9tvJD6Kg=,jGJl/QwWRth8XtN0wpvP5MGG4gc=
-19,-15,N1SSBTJbEHDJririmhC9tvJD6Kg=,moAmYeMerVDZXsBo1SIimz/To3Q=
-19,-16,N1SSBTJbEHDJririmhC9tvJD6Kg=,moAmYeMerVDZXsBo1SIimz/To3Q=
-19,-13,N1SSBTJbEHDJririmhC9tvJD6Kg=,moAmYeMerVDZXsBo1SIimz/To3Q=
-19,-14,N1SSBTJbEHDJririmhC9tvJD6Kg=,moAmYeMerVDZXsBo1SIimz/To3Q=
-20,-17,N1SSBTJbEHDJririmhC9tvJD6Kg=,w1iGJaagjWS0fz4Jbs/UXpKiXHQ=
-20,-4,XOE/65vejRF+ZcSyRby3/Ujrkmo=,0l9KL/J6A66RmLPNoLkzFtU4vLw=
-20,-3,XOE/65vejRF+ZcSyRby3/Ujrkmo=,zW2/NWwJu8fHKo9K1MRRToBusys=
-20,-2,XOE/65vejRF+ZcSyRby3/Ujrkmo=,lqeK82IVCz8cuRrGOF8v86+EGc8=
-20,-1,XOE/65vejRF+ZcSyRby3/Ujrkmo=,lqeK82IVCz8cuRrGOF8v86+EGc8=
-20,-8,XOE/65vejRF+ZcSyRby3/Ujrkmo=,NO3a4S9jJDvqtU4wId1sF0TpRGM=
-20,-7,QnrYqPyn6QsQ8kwIuD6RT3EbfrE=,Zxg5MhD80K/VJifNYWy+FsMBJwU=
-20,-6,QnrYqPyn6QsQ8kwIuD6RT3EbfrE=,lqeK82IVCz8cuRrGOF8v86+EGc8=
-20,-5,QnrYqPyn6QsQ8kwIuD6RT3EbfrE=,lqeK82IVCz8cuRrGOF8v86+EGc8=
-20,-12,QnrYqPyn6QsQ8kwIuD6RT3EbfrE=,YUNW/y5TQjLV2IMBVvhYU3bEEfw=
-20,-11,QnrYqPyn6QsQ8kwIuD6RT3EbfrE=,gTPB25CHDFCS+Q6qogUDlKcVPkg=
-20,-10,QnrYqPyn6QsQ8kwIuD6RT3EbfrE=,reJK6avjZJGvleOvgenxBH0Kkvg=
-20,-9,0KgxWkI59izqjChVjly/E2bHsYI=,Rf1+wi1HG1tZGHvgeccuD0PAnYo=
-20,-16,0KgxWkI59izqjChVjly/E2bHsYI=,s5Xle5Vi0ArSISf5WjWk1aOKd68=
-20,-15,0KgxWkI59izqjChVjly/E2bHsYI=,xHatM8jVjbUQkxipWGjhuWsN860=
-20,-14,0KgxWkI59izqjChVjly/E2bHsYI=,TSkquYqKNmLx+DKYBlGBdm4v4Zc=
-20,-13,0KgxWkI59izqjChVjly/E2bHsYI=,TSkquYqKNmLx+DKYBlGBdm4v4Zc=
-21,-5,kkxD0WFi2LaJF1PT5/BtiUCQTBw=,iIJVdnflFOcF6ZyBDJEr+1FC6TA=
-21,-6,kkxD0WFi2LaJF1PT5/BtiUCQTBw=,OCNOPVgI3hot72BB+PqtJLiPYUc=
-21,-7,kkxD0WFi2LaJF1PT5/BtiUCQTBw=,AQ0ZetYneNK2AzcOIdDHdPnuNf4=
-21,-8,kkxD0WFi2LaJF1PT5/BtiUCQTBw=,7Tc7d9b9VlyhZOKPH3rYagg0Nzc=
-21,-1,kkxD0WFi2LaJF1PT5/BtiUCQTBw=,cReK7IU371uWD5AEpXeeGRM2fwI=
-21,-2,kkxD0WFi2LaJF1PT5/BtiUCQTBw=,ToulxD6n+coWE9Il++cbW4AJqr4=
-21,-3,nMpfR7cLtv+D4uGRkUSFCbHF6Pk=,7sPgvqghhzNS7YZAq5I/UAhNAsE=
-21,-4,nMpfR7cLtv+D4uGRkUSFCbHF6Pk=,eSCnXA6bLRxSuWJydvaiYYtcHsk=
-21,-13,nMpfR7cLtv+D4uGRkUSFCbHF6Pk=,OcccUJK91xmEinHTdC+U02bXDYo=
-21,-14,nMpfR7cLtv+D4uGRkUSFCbHF6Pk=,OcccUJK91xmEinHTdC+U02bXDYo=
-21,-15,nMpfR7cLtv+D4uGRkUSFCbHF6Pk=,Orag9mohe26VeOnjnlrNhAiYkUw=
-21,-16,nMpfR7cLtv+D4uGRkUSFCbHF6Pk=,v8RspV07H9mlbjfwpNRek93+y6M=
-21,-9,nMpfR7cLtv+D4uGRkUSFCbHF6Pk=,Wlw1sd0BC0l6DdLRkQFDbrNoQFo=
-21,-10,l2lXN+Y2sbEZcDeQWeL+3ECpQQ4=,TgpCJwCBxLf9Mz3mxDzIQ7XISMc=
-21,-11,l2lXN+Y2sbEZcDeQWeL+3ECpQQ4=,1fFEHNmWVsEROiub/u1aujo0Amg=
-21,-12,l2lXN+Y2sbEZcDeQWeL+3ECpQQ4=,zw/GW+7D58yiX6Nkqxpe8T9/5IA=
-22,-6,l2lXN+Y2sbEZcDeQWeL+3ECpQQ4=,quuzU2JsSsdG9T0I7k7m3Adewbo=
-22,-5,l2lXN+Y2sbEZcDeQWeL+3ECpQQ4=,+h9j4CefACW7epnut6Ooha5do1E=
-22,-8,U0m/mNWrSe9grkDCVyUU6RZDxQg=,lqeK82IVCz8cuRrGOF8v86+EGc8=
-22,-7,U0m/mNWrSe9grkDCVyUU6RZDxQg=,d82krCLMFiORdDy5pMkfaQAax7A=
-22,-2,U0m/mNWrSe9grkDCVyUU6RZDxQg=,SqQpifktxk5QvZQC6qbQ9DSMR9k=
-22,-1,U0m/mNWrSe9grkDCVyUU6RZDxQg=,4OpaSjsGT0f/FdVafnANpPJr/+A=
-22,-4,U0m/mNWrSe9grkDCVyUU6RZDxQg=,lqeK82IVCz8cuRrGOF8v86+EGc8=
-22,-3,TB3r782z0xJmHl/d620ve15AmTA=,BQ8bfT0a6DuAaSgsiGbLDQqsL/M=
-22,-14,TB3r782z0xJmHl/d620ve15AmTA=,moAmYeMerVDZXsBo1SIimz/To3Q=
-22,-13,TB3r782z0xJmHl/d620ve15AmTA=,moAmYeMerVDZXsBo1SIimz/To3Q=
-22,-15,TB3r782z0xJmHl/d620ve15AmTA=,moAmYeMerVDZXsBo1SIimz/To3Q=
-22,-10,TB3r782z0xJmHl/d620ve15AmTA=,JsHYt+Wx1mDXEazsmitom047AmY=
-22,-9,TB3r782z0xJmHl/d620ve15AmTA=,/gwoMvLiZo6uAUL29K12mDDGi8g=
-22,-12,TB3r782z0xJmHl/d620ve15AmTA=,TuoBFOT0XRFmE5YfgGp4+E96uzI=
-22,-11,sUlOQkrAX//0wpjzGvdXMt2ikJQ=,ooGFkMqzG9kETZSP7I0fi/ofWsY=
-23,-7,sUlOQkrAX//0wpjzGvdXMt2ikJQ=,lqeK82IVCz8cuRrGOF8v86+EGc8=
-23,-8,sUlOQkrAX//0wpjzGvdXMt2ikJQ=,lqeK82IVCz8cuRrGOF8v86+EGc8=
-23,-5,sUlOQkrAX//0wpjzGvdXMt2ikJQ=,lqeK82IVCz8cuRrGOF8v86+EGc8=
-23,-6,sUlOQkrAX//0wpjzGvdXMt2ikJQ=,lqeK82IVCz8cuRrGOF8v86+EGc8=
-23,-3,z/gwdjsurj4AFFV90e/gIQdwsa8=,ANGjlgCtYrXO7lonFr+/mxmhxHM=
-23,-4,z/gwdjsurj4AFFV90e/gIQdwsa8=,lqeK82IVCz8cuRrGOF8v86+EGc8=
-23,-1,z/gwdjsurj4AFFV90e/gIQdwsa8=,1gA8MJ8rAngQyvyNB52M1gZMMGI=
-23,-2,z/gwdjsurj4AFFV90e/gIQdwsa8=,IKHaSNJHK/yRH/Vx7209Ec20iTM=
-23,-13,z/gwdjsurj4AFFV90e/gIQdwsa8=,moAmYeMerVDZXsBo1SIimz/To3Q=
-23,-11,z/gwdjsurj4AFFV90e/gIQdwsa8=,JAzy+kWJUmDTFzKJA1+3+MGM8y0=
-23,-12,Dp7QNZilCdvf66Vc2JY8CJ6dv0o=,vo4xhWOVCydhyFycCDcqvbQI5xI=
-23,-9,Dp7QNZilCdvf66Vc2JY8CJ6dv0o=,p14ej7OT4Qsaxk3/TPuJqxRLL+U=
-23,-10,Dp7QNZilCdvf66Vc2JY8CJ6dv0o=,0/QxscfQ/FtAOCCEGV0tpdXnmgo=
-24,-8,Dp7QNZilCdvf66Vc2JY8CJ6dv0o=,lqeK82IVCz8cuRrGOF8v86+EGc8=
-24,-7,Dp7QNZilCdvf66Vc2JY8CJ6dv0o=,lqeK82IVCz8cuRrGOF8v86+EGc8=
-24,-6,Dp7QNZilCdvf66Vc2JY8CJ6dv0o=,lqeK82IVCz8cuRrGOF8v86+EGc8=
-24,-5,Dp7QNZilCdvf66Vc2JY8CJ6dv0o=,lqeK82IVCz8cuRrGOF8v86+EGc8=
-24,-4,Dp7QNZilCdvf66Vc2JY8CJ6dv0o=,lqeK82IVCz8cuRrGOF8v86+EGc8=
-24,-3,vID1NRFst1Ijy50Fhopa1Lj8BeE=,lqeK82IVCz8cuRrGOF8v86+EGc8=
-24,-2,vID1NRFst1Ijy50Fhopa1Lj8BeE=,JLcLvlBWbuTdlJAe+/wvls+y71w=
-24,-1,vID1NRFst1Ijy50Fhopa1Lj8BeE=,mPVN3lT1QtJkDuBeMI4zRTJ3ya4=
-24,-11,vID1NRFst1Ijy50Fhopa1Lj8BeE=,k9jzKjRRdjucorNQNALsr0C/9iI=
-24,-10,rAD0ej9R/YSj3bk41b0DZsB+S5k=,qJGo+yyNrAW1+r5mGnU4nx7HbDg=
-24,-9,rAD0ej9R/YSj3bk41b0DZsB+S5k=,ILHT91z9V4g+pfqEKQBrSav/0yc=
-25,-9,rAD0ej9R/YSj3bk41b0DZsB+S5k=,RmtcPfe8S8MrJk4XZTpfUJQc8CY=
-25,-1,rAD0ej9R/YSj3bk41b0DZsB+S5k=,48WdH+eNwjhwhciDJlMIlB0z2t4=
-25,-2,rAD0ej9R/YSj3bk41b0DZsB+S5k=,sbFRFGkG6B4xxK9DdExtmywmIz4=
-25,-3,rAD0ej9R/YSj3bk41b0DZsB+S5k=,43dWHnJIte32nkcDUe5Pw0f8tBc=
-25,-4,rAD0ej9R/YSj3bk41b0DZsB+S5k=,xM8t3dSLYokWiZG2X3bNwpa1B8U=
-25,-5,rAD0ej9R/YSj3bk41b0DZsB+S5k=,MSg0B2YLWfhC/HcRs4KiZFlJ2MQ=
-25,-6,rAD0ej9R/YSj3bk41b0DZsB+S5k=,48WdH+eNwjhwhciDJlMIlB0z2t4=
-25,-7,3lIEEN12sUss8Zqt1kzPmKjkLz4=,48WdH+eNwjhwhciDJlMIlB0z2t4=
-25,-8,3lIEEN12sUss8Zqt1kzPmKjkLz4=,48WdH+eNwjhwhciDJlMIlB0z2t4=
-26,-2,3lIEEN12sUss8Zqt1kzPmKjkLz4=,/p7A/wNvBpBp4Ood3zaD7zSmSpo=
-26,-1,3lIEEN12sUss8Zqt1kzPmKjkLz4=,sbFRFGkG6B4xxK9DdExtmywmIz4=
-26,-4,3lIEEN12sUss8Zqt1kzPmKjkLz4=,SoO8sLKFKdFZwnVV5SuPQFNS8rA=
-26,-3,3lIEEN12sUss8Zqt1kzPmKjkLz4=,AVyp+7m1Z5lyF4MEKqHBwoQ7Slw=
-26,-5,3lIEEN12sUss8Zqt1kzPmKjkLz4=,5hi4bmndQZZP/fE8jo9HaJFAurs=
