-26,4,3lIEEN12sUss8Zqt1kzPmKjkLz4=,KJ8pBsU3gN4lvjH0CZEK6w/vMIk=
-26,2,3lIEEN12sUss8Zqt1kzPmKjkLz4=,Q2McAaNGoFPZF+2VqAFqCke30do=
-26,3,3lIEEN12sUss8Zqt1kzPmKjkLz4=,KJ8pBsU3gN4lvjH0CZEK6w/vMIk=
-26,0,3lIEEN12sUss8Zqt1kzPmKjkLz4=,ZImSoOlgz20NyFkYtGT5FkjB8yQ=
-26,1,3lIEEN12sUss8Zqt1kzPmKjkLz4=,Y7yGbRXlY5L43ss0i16b4bIJQIQ=
-25,7,3lIEEN12sUss8Zqt1kzPmKjkLz4=,JpDl85pIlc9Vvi5zwte3fkMz0HE=
-25,6,3lIEEN12sUss8Zqt1kzPmKjkLz4=,JpDl85pIlc9Vvi5zwte3fkMz0HE=
-25,5,3lIEEN12sUss8Zqt1kzPmKjkLz4=,JpDl85pIlc9Vvi5zwte3fkMz0HE=
-25,4,3lIEEN12sUss8Zqt1kzPmKjkLz4=,JpDl85pIlc9Vvi5zwte3fkMz0HE=
-25,3,erMIKC5wpZRQT04zUYx3Wkwxy3w=,JpDl85pIlc9Vvi5zwte3fkMz0HE=
-25,2,erMIKC5wpZRQT04zUYx3Wkwxy3w=,AYrfEIXTKfJgU3lpl7vh4IV1wX4=
-25,1,erMIKC5wpZRQT04zUYx3Wkwxy3w=,fRupyTf7kSqMcjySHs2qGNilUKc=
-25,0,erMIKC5wpZRQT04zUYx3Wkwxy3w=,e6x5EoIAoIlU6mrn9+1lOF2adiU=
-25,8,erMIKC5wpZRQT04zUYx3Wkwxy3w=,rytIFzGq0tqjZTUilc+y02WORAg=
-24,8,erMIKC5wpZRQT04zUYx3Wkwxy3w=,CsGDM7uTXtu7hdI5E9LTRdcVDFA=
-24,9,erMIKC5wpZRQT04zUYx3Wkwxy3w=,CsGDM7uTXtu7hdI5E9LTRdcVDFA=
-24,10,ngt/VzFclismbXaUx06XrYUMc5I=,CsGDM7uTXtu7hdI5E9LTRdcVDFA=
-24,0,ngt/VzFclismbXaUx06XrYUMc5I=,zO02vRLvQVSkrt6fS4OXpbBNnis=
-24,1,ngt/VzFclismbXaUx06XrYUMc5I=,zO02vRLvQVSkrt6fS4OXpbBNnis=
-24,2,ngt/VzFclismbXaUx06XrYUMc5I=,zO02vRLvQVSkrt6fS4OXpbBNnis=
-24,3,ngt/VzFclismbXaUx06XrYUMc5I=,zO02vRLvQVSkrt6fS4OXpbBNnis=
-24,4,P38G00M6DNAXAici2JfIQSf35IY=,+SYSxsFvegNr20LVOqgMXu1sn5w=
-24,5,P38G00M6DNAXAici2JfIQSf35IY=,SFZjVbeOKEw3NGpnTy52i+9AAnE=
-24,6,P38G00M6DNAXAici2JfIQSf35IY=,2qb7uXmo3yLby5VA0cE05LWKOMI=
-24,7,P38G00M6DNAXAici2JfIQSf35IY=,zO02vRLvQVSkrt6fS4OXpbBNnis=
-23,9,P38G00M6DNAXAici2JfIQSf35IY=,CsGDM7uTXtu7hdI5E9LTRdcVDFA=
-23,8,P38G00M6DNAXAici2JfIQSf35IY=,CsGDM7uTXtu7hdI5E9LTRdcVDFA=
-23,11,gxCL2QaDvAiXuzZuYz9trutLRsk=,CsGDM7uTXtu7hdI5E9LTRdcVDFA=
-23,10,gxCL2QaDvAiXuzZuYz9trutLRsk=,CsGDM7uTXtu7hdI5E9LTRdcVDFA=
-23,12,gxCL2QaDvAiXuzZuYz9trutLRsk=,CsGDM7uTXtu7hdI5E9LTRdcVDFA=
-23,1,gxCL2QaDvAiXuzZuYz9trutLRsk=,zO02vRLvQVSkrt6fS4OXpbBNnis=
-23,0,gxCL2QaDvAiXuzZuYz9trutLRsk=,zO02vRLvQVSkrt6fS4OXpbBNnis=
-23,3,gxCL2QaDvAiXuzZuYz9trutLRsk=,OARSFU+u8GQDZaal7XU4L/z2PkU=
-23,2,wtuy5FC9DVwL4UQXiyHrBKeDC+k=,zO02vRLvQVSkrt6fS4OXpbBNnis=
-23,5,wtuy5FC9DVwL4UQXiyHrBKeDC+k=,wswXATjP778qvZzUbNIuwWJ9J3M=
-23,4,wtuy5FC9DVwL4UQXiyHrBKeDC+k=,UziWq2sAmAbWoDjhGyy8pB9bH+4=
-23,7,wtuy5FC9DVwL4UQXiyHrBKeDC+k=,zO02vRLvQVSkrt6fS4OXpbBNnis=
-23,6,wtuy5FC9DVwL4UQXiyHrBKeDC+k=,zZCiZ0iQ0ljZzgN+eAGHfepM4mE=
-22,10,1LXF+BhdUFcKSz0JxWmAPXPWAkg=,4urZB8+lZ2V82eh6d/JOmelQsUc=
-22,11,1LXF+BhdUFcKSz0JxWmAPXPWAkg=,YxcKzFrOFHFwUU3YmypO4vnhMxc=
-22,8,1LXF+BhdUFcKSz0JxWmAPXPWAkg=,ZyqLyHrjUo1JoKbUG9RXdDHXGjg=
-22,9,1LXF+BhdUFcKSz0JxWmAPXPWAkg=,srUUdeIlUieB6JBOXv54JCrSP4U=
-22,14,1LXF+BhdUFcKSz0JxWmAPXPWAkg=,CsGDM7uTXtu7hdI5E9LTRdcVDFA=
-22,12,1LXF+BhdUFcKSz0JxWmAPXPWAkg=,pffN4E2LUNvAxfdY9qEtufSLa0Y=
-22,13,1LXF+BhdUFcKSz0JxWmAPXPWAkg=,CsGDM7uTXtu7hdI5E9LTRdcVDFA=
-22,2,uzHY99usml1bW3wfiYWsjj2Zbcc=,zO02vRLvQVSkrt6fS4OXpbBNnis=
-22,3,uzHY99usml1bW3wfiYWsjj2Zbcc=,D7Yc/bIQrtfo//UrR86zoE9MoNQ=
-22,0,uzHY99usml1bW3wfiYWsjj2Zbcc=,zO02vRLvQVSkrt6fS4OXpbBNnis=
-22,1,uzHY99usml1bW3wfiYWsjj2Zbcc=,zO02vRLvQVSkrt6fS4OXpbBNnis=
-22,6,5nxzCm8j/y4Rb0GCeeyBYVg9BBQ=,DBgEr80IH7oShgQGxmWbHwBAgbY=
-22,7,5nxzCm8j/y4Rb0GCeeyBYVg9BBQ=,i9dj5ZkNO2bJUooxttFCrrVa/gw=
-22,4,5nxzCm8j/y4Rb0GCeeyBYVg9BBQ=,LsNSbGJSof8M2L4RbnThZXvfIzg=
-22,5,5nxzCm8j/y4Rb0GCeeyBYVg9BBQ=,vXEPokAhfj6a5P4wx+w3/D79PBA=
-21,11,5nxzCm8j/y4Rb0GCeeyBYVg9BBQ=,vtAPYPInJ+aPMJ343sToQNtqiFg=
-21,10,hITFcyuwZguQQEDbcswyGMwu4EA=,0gzctUMr2KDvQ78Y0sbrbeo31mI=
-21,9,hITFcyuwZguQQEDbcswyGMwu4EA=,IMd+c/bG14ImUy7DQtK2hy5cFKs=
-21,8,hITFcyuwZguQQEDbcswyGMwu4EA=,GQCJ+d+stK7hRC/0D2EqK16p8+Y=
-21,15,hITFcyuwZguQQEDbcswyGMwu4EA=,CsGDM7uTXtu7hdI5E9LTRdcVDFA=
-21,14,hITFcyuwZguQQEDbcswyGMwu4EA=,CsGDM7uTXtu7hdI5E9LTRdcVDFA=
-21,13,hITFcyuwZguQQEDbcswyGMwu4EA=,CsGDM7uTXtu7hdI5E9LTRdcVDFA=
-21,12,hITFcyuwZguQQEDbcswyGMwu4EA=,08KcJY6WL6VmZpKHnCmnoyrgGZs=
-21,3,Sb5jqfv08KRXiFPh5coj9sOed5M=,zO02vRLvQVSkrt6fS4OXpbBNnis=
-21,2,Sb5jqfv08KRXiFPh5coj9sOed5M=,zO02vRLvQVSkrt6fS4OXpbBNnis=
-21,1,Sb5jqfv08KRXiFPh5coj9sOed5M=,zO02vRLvQVSkrt6fS4OXpbBNnis=
-21,0,Sb5jqfv08KRXiFPh5coj9sOed5M=,zO02vRLvQVSkrt6fS4OXpbBNnis=
-21,7,Sb5jqfv08KRXiFPh5coj9sOed5M=,1hP8Z1Z+v0eSYV2UoK4U/UZYJTk=
-21,6,2YVyLbYq9d+hri03+8BU7D4pXTA=,Y7PTTJKDOuUwslaCbJbNFxO20aE=
-21,5,2YVyLbYq9d+hri03+8BU7D4pXTA=,s9XLHjWB+Wp21o5UOP+0IwLt8Mo=
-21,4,2YVyLbYq9d+hri03+8BU7D4pXTA=,gfml+nJmoDclptkyqdxyR3sX9rE=
-20,12,2YVyLbYq9d+hri03+8BU7D4pXTA=,mC82A/S3bTP23TMrtVjLT/8T+R4=
-20,13,2YVyLbYq9d+hri03+8BU7D4pXTA=,x1BAFVXRb/Ncvteemv6yL1f9Xy8=
-20,14,TLQVTBklNEPAHzIG/4hros9kSiQ=,CsGDM7uTXtu7hdI5E9LTRdcVDFA=
-20,15,TLQVTBklNEPAHzIG/4hros9kSiQ=,CsGDM7uTXtu7hdI5E9LTRdcVDFA=
-20,8,TLQVTBklNEPAHzIG/4hros9kSiQ=,owWrBh1Atnvrx4FGZsME5UaHKwM=
-20,9,TLQVTBklNEPAHzIG/4hros9kSiQ=,shhc6n6DVkQzEQ6ujfbRk1KlqTI=
-20,10,TLQVTBklNEPAHzIG/4hros9kSiQ=,dF1xLhiJA5bv6pAwk1dcA02L8BE=
-20,11,TLQVTBklNEPAHzIG/4hros9kSiQ=,GfKTKY30yk/j03NdK8DCDi/VHHE=
-20,4,q+eYVPv3LFqpsAbVt5Y5wCXbAQs=,MoHYZxt7AcXi6npJmlApwI3AM9E=
-20,5,q+eYVPv3LFqpsAbVt5Y5wCXbAQs=,k6gzSOF5/rNUOVvOirUh03oGbgs=
-20,6,q+eYVPv3LFqpsAbVt5Y5wCXbAQs=,V4nczXVzJFht6T61qJuO5IF5lFI=
-20,7,q+eYVPv3LFqpsAbVt5Y5wCXbAQs=,emGzc2PkGJVXE0Z21sigDq2ZuGk=
-20,0,q+eYVPv3LFqpsAbVt5Y5wCXbAQs=,zO02vRLvQVSkrt6fS4OXpbBNnis=
-20,1,yKZltJllqx82ya0cf1S3hbN1ukc=,zO02vRLvQVSkrt6fS4OXpbBNnis=
-20,2,yKZltJllqx82ya0cf1S3hbN1ukc=,zO02vRLvQVSkrt6fS4OXpbBNnis=
-20,3,yKZltJllqx82ya0cf1S3hbN1ukc=,zO02vRLvQVSkrt6fS4OXpbBNnis=
-20,16,yKZltJllqx82ya0cf1S3hbN1ukc=,P6m/x2MEHMJuvKBaVgq1ZSiu7xI=
-19,13,yKZltJllqx82ya0cf1S3hbN1ukc=,CsGDM7uTXtu7hdI5E9LTRdcVDFA=
-19,12,yKZltJllqx82ya0cf1S3hbN1ukc=,KvYDG59Xc0WQtkNRNQ6KDlzOf0A=
-19,15,A7pMjxERXj8nQ8XhCp60HG/4oDk=,CsGDM7uTXtu7hdI5E9LTRdcVDFA=
-19,14,A7pMjxERXj8nQ8XhCp60HG/4oDk=,CsGDM7uTXtu7hdI5E9LTRdcVDFA=
-19,9,A7pMjxERXj8nQ8XhCp60HG/4oDk=,zz7oNewfTPZ1WSKET1qwIcPuGNQ=
-19,8,A7pMjxERXj8nQ8XhCp60HG/4oDk=,SLLA5378AZS/ZhvEJ/wJbOcmNhQ=
-19,11,A7pMjxERXj8nQ8XhCp60HG/4oDk=,/BrMhGG98t+abpsSkIFwO1O2uUw=
-19,10,P1EBvE62u6idwXGLY3IQxwZj6w4=,JOM4GUKDmp4Tp+2nZOVW8FKj208=
-19,5,P1EBvE62u6idwXGLY3IQxwZj6w4=,HQhyXtV4lP95bE+nZfL3157KzwM=
-19,4,P1EBvE62u6idwXGLY3IQxwZj6w4=,3kUY2z8abkvbJ+myulNfa4niMuQ=
-19,7,P1EBvE62u6idwXGLY3IQxwZj6w4=,zO02vRLvQVSkrt6fS4OXpbBNnis=
-19,6,P1EBvE62u6idwXGLY3IQxwZj6w4=,X1wrNMnoPfBrhrFw09t30iF6gN4=
-19,1,fL1XZKmOcuMeS3WqqpNHyRKBKso=,zO02vRLvQVSkrt6fS4OXpbBNnis=
-19,0,fL1XZKmOcuMeS3WqqpNHyRKBKso=,zO02vRLvQVSkrt6fS4OXpbBNnis=
-19,3,fL1XZKmOcuMeS3WqqpNHyRKBKso=,zO02vRLvQVSkrt6fS4OXpbBNnis=
-19,2,fL1XZKmOcuMeS3WqqpNHyRKBKso=,zO02vRLvQVSkrt6fS4OXpbBNnis=
-19,17,fL1XZKmOcuMeS3WqqpNHyRKBKso=,P6m/x2MEHMJuvKBaVgq1ZSiu7xI=
-19,16,fL1XZKmOcuMeS3WqqpNHyRKBKso=,P6m/x2MEHMJuvKBaVgq1ZSiu7xI=
-19,18,fL1XZKmOcuMeS3WqqpNHyRKBKso=,P6m/x2MEHMJuvKBaVgq1ZSiu7xI=
-18,14,SG6W5M9byG7YJKThBdePJ+wnoaw=,CsGDM7uTXtu7hdI5E9LTRdcVDFA=
-18,15,SG6W5M9byG7YJKThBdePJ+wnoaw=,CsGDM7uTXtu7hdI5E9LTRdcVDFA=
-18,12,SG6W5M9byG7YJKThBdePJ+wnoaw=,CsGDM7uTXtu7hdI5E9LTRdcVDFA=
-18,13,SG6W5M9byG7YJKThBdePJ+wnoaw=,CsGDM7uTXtu7hdI5E9LTRdcVDFA=
-18,10,SG6W5M9byG7YJKThBdePJ+wnoaw=,dxZVcouxqf6luQ0WnLM0IZbnOSY=
-18,11,Us95qPvAdkNWlFiF68FOe5G9Sio=,CsGDM7uTXtu7hdI5E9LTRdcVDFA=
-18,8,Us95qPvAdkNWlFiF68FOe5G9Sio=,mJSZvHWUxDkFnzb5EYXK8NMg4jQ=
-18,9,Us95qPvAdkNWlFiF68FOe5G9Sio=,NmS9Vn/H3znue1B41+biDXY3wqI=
-18,6,Us95qPvAdkNWlFiF68FOe5G9Sio=,zO02vRLvQVSkrt6fS4OXpbBNnis=
-18,7,Us95qPvAdkNWlFiF68FOe5G9Sio=,zO02vRLvQVSkrt6fS4OXpbBNnis=
-18,4,Us95qPvAdkNWlFiF68FOe5G9Sio=,IQ32Ekm1QUerkS8Spgv6NCdAUoc=
-18,5,Dzwrk202aaMGFFw2TDME76Bp0Do=,0t1SVf19VHoJcS0D4+iuV49/Bdg=
-18,2,Dzwrk202aaMGFFw2TDME76Bp0Do=,2G9IPFH/t0kstZwdCgF47jLCCSE=
-18,3,Dzwrk202aaMGFFw2TDME76Bp0Do=,fHx+aS6vUIQV6FFAyNu1e50ckEk=
-18,0,Dzwrk202aaMGFFw2TDME76Bp0Do=,Z5H3wjjGDDpoKcYcdVGlPMOt/YU=
-18,1,Dzwrk202aaMGFFw2TDME76Bp0Do=,LCdXuHjN5cJXi58IkVnD9A6tNW4=
-18,18,Dzwrk202aaMGFFw2TDME76Bp0Do=,z/pzzKSMXjngAoEBSTXrFcHRK5I=
-18,16,0UCZZk70URnouZ3bcdwkA3JW1+Y=,P6m/x2MEHMJuvKBaVgq1ZSiu7xI=
-18,17,0UCZZk70URnouZ3bcdwkA3JW1+Y=,bQv9RhfLXqhGR28eEj+C0knzU9w=
-17,15,0UCZZk70URnouZ3bcdwkA3JW1+Y=,CsGDM7uTXtu7hdI5E9LTRdcVDFA=
-17,14,0UCZZk70URnouZ3bcdwkA3JW1+Y=,CsGDM7uTXtu7hdI5E9LTRdcVDFA=
-17,13,0UCZZk70URnouZ3bcdwkA3JW1+Y=,CsGDM7uTXtu7hdI5E9LTRdcVDFA=
-17,12,0UCZZk70URnouZ3bcdwkA3JW1+Y=,CsGDM7uTXtu7hdI5E9LTRdcVDFA=
-17,11,Ko3K2DD5OwLfQwnjT8aQg35Izj4=,CsGDM7uTXtu7hdI5E9LTRdcVDFA=
-17,10,Ko3K2DD5OwLfQwnjT8aQg35Izj4=,CsGDM7uTXtu7hdI5E9LTRdcVDFA=
-17,9,Ko3K2DD5OwLfQwnjT8aQg35Izj4=,rauHnkLB4V7AsRx/sv1WETf+orQ=
-17,8,Ko3K2DD5OwLfQwnjT8aQg35Izj4=,hHLwZ9ECGeQNlKz/zQGTe4pGdeI=
-17,7,Ko3K2DD5OwLfQwnjT8aQg35Izj4=,zO02vRLvQVSkrt6fS4OXpbBNnis=
-17,6,SGASCQpNvY1OFiv/NbGEwPWNckA=,zO02vRLvQVSkrt6fS4OXpbBNnis=
-17,5,SGASCQpNvY1OFiv/NbGEwPWNckA=,dFhmZK9756gZ7MvCf/ujmPjkofk=
-17,4,SGASCQpNvY1OFiv/NbGEwPWNckA=,CSkujpHWHJDCMlFgzJ4M2FuSVL8=
-17,3,SGASCQpNvY1OFiv/NbGEwPWNckA=,rvEkZZ6Sp9q/wjp5TTB2Mzg5x6c=
-17,2,SGASCQpNvY1OFiv/NbGEwPWNckA=,lmVWXRO3YCADDGnVgTIzCWbMZCw=
-17,1,SGASCQpNvY1OFiv/NbGEwPWNckA=,1Rqh9AidiNFeAPWZvcyv+GVLKoI=
-17,0,qA0zv4Nmh6jcKzC0Hqc3iu0DABA=,7pra1uBVTiGWNu140SxW0w3Tg9A=
-17,19,qA0zv4Nmh6jcKzC0Hqc3iu0DABA=,P6m/x2MEHMJuvKBaVgq1ZSiu7xI=
-17,18,qA0zv4Nmh6jcKzC0Hqc3iu0DABA=,P6m/x2MEHMJuvKBaVgq1ZSiu7xI=
-17,17,qA0zv4Nmh6jcKzC0Hqc3iu0DABA=,P6m/x2MEHMJuvKBaVgq1ZSiu7xI=
-17,16,qA0zv4Nmh6jcKzC0Hqc3iu0DABA=,P6m/x2MEHMJuvKBaVgq1ZSiu7xI=
-16,16,qA0zv4Nmh6jcKzC0Hqc3iu0DABA=,K0tHuuLEQJaIxjif9spv6YLY1ps=
-16,17,qA0zv4Nmh6jcKzC0Hqc3iu0DABA=,K0tHuuLEQJaIxjif9spv6YLY1ps=
-16,18,T7Fm566Fax/XDEl+9hcwIYxsUxU=,K0tHuuLEQJaIxjif9spv6YLY1ps=
-16,19,T7Fm566Fax/XDEl+9hcwIYxsUxU=,K0tHuuLEQJaIxjif9spv6YLY1ps=
-16,20,T7Fm566Fax/XDEl+9hcwIYxsUxU=,K0tHuuLEQJaIxjif9spv6YLY1ps=
-16,0,M94z4MWxeV6yrduJaqNB9fbTrJ0=,D9ay5veCduJ9M9IBiaByZQL1DA0=
-16,1,M94z4MWxeV6yrduJaqNB9fbTrJ0=,D9ay5veCduJ9M9IBiaByZQL1DA0=
-16,2,M94z4MWxeV6yrduJaqNB9fbTrJ0=,D9ay5veCduJ9M9IBiaByZQL1DA0=
-16,3,M94z4MWxeV6yrduJaqNB9fbTrJ0=,D9ay5veCduJ9M9IBiaByZQL1DA0=
-16,4,M94z4MWxeV6yrduJaqNB9fbTrJ0=,D9ay5veCduJ9M9IBiaByZQL1DA0=
-16,5,M94z4MWxeV6yrduJaqNB9fbTrJ0=,D9ay5veCduJ9M9IBiaByZQL1DA0=
-16,6,M94z4MWxeV6yrduJaqNB9fbTrJ0=,D9ay5veCduJ9M9IBiaByZQL1DA0=
-16,7,M94z4MWxeV6yrduJaqNB9fbTrJ0=,D9ay5veCduJ9M9IBiaByZQL1DA0=
-16,8,KKenvQxr1vBLE4LZKuwy4grYzp4=,E3pcMwmkpvbbvXPX7NwHBVB/w2Y=
-16,9,KKenvQxr1vBLE4LZKuwy4grYzp4=,Y++BZn4+yjVfBQhkt1/8dewJAVw=
-16,10,KKenvQxr1vBLE4LZKuwy4grYzp4=,AVIx3DchcudXM4nw7aIQ+eJtrSM=
-16,11,KKenvQxr1vBLE4LZKuwy4grYzp4=,tdualCbjmLsVCQLBwFZxpeaLGmI=
-16,12,KKenvQxr1vBLE4LZKuwy4grYzp4=,lKWcXKkf1hPKnknsdzyybtjZVBY=
-16,13,KKenvQxr1vBLE4LZKuwy4grYzp4=,3ticfjqkC5OtN4eU+yNyMviRk+I=
-16,14,KKenvQxr1vBLE4LZKuwy4grYzp4=,E3pcMwmkpvbbvXPX7NwHBVB/w2Y=
-16,15,KvjwrddSJRZ6udQpSiaA4+b1/Ag=,E3pcMwmkpvbbvXPX7NwHBVB/w2Y=
-15,17,KvjwrddSJRZ6udQpSiaA4+b1/Ag=,K0tHuuLEQJaIxjif9spv6YLY1ps=
-15,16,KvjwrddSJRZ6udQpSiaA4+b1/Ag=,BtiZ266+x/5WcDkkqXEz1eDkt/g=
-15,19,KvjwrddSJRZ6udQpSiaA4+b1/Ag=,K0tHuuLEQJaIxjif9spv6YLY1ps=
-15,18,KvjwrddSJRZ6udQpSiaA4+b1/Ag=,K0tHuuLEQJaIxjif9spv6YLY1ps=
-15,21,KvjwrddSJRZ6udQpSiaA4+b1/Ag=,K0tHuuLEQJaIxjif9spv6YLY1ps=
-15,20,ra1+jwmYb3hZyylsaZrhBu5tE6s=,K0tHuuLEQJaIxjif9spv6YLY1ps=
-15,1,ra1+jwmYb3hZyylsaZrhBu5tE6s=,D9ay5veCduJ9M9IBiaByZQL1DA0=
-15,0,ra1+jwmYb3hZyylsaZrhBu5tE6s=,D9ay5veCduJ9M9IBiaByZQL1DA0=
-15,3,ra1+jwmYb3hZyylsaZrhBu5tE6s=,D9ay5veCduJ9M9IBiaByZQL1DA0=
-15,2,ra1+jwmYb3hZyylsaZrhBu5tE6s=,D9ay5veCduJ9M9IBiaByZQL1DA0=
-15,5,ra1+jwmYb3hZyylsaZrhBu5tE6s=,D9ay5veCduJ9M9IBiaByZQL1DA0=
-15,4,IwYf/rsOCwvYtn1vM6qzm1yi/K4=,D9ay5veCduJ9M9IBiaByZQL1DA0=
-15,7,IwYf/rsOCwvYtn1vM6qzm1yi/K4=,D9ay5veCduJ9M9IBiaByZQL1DA0=
-15,6,IwYf/rsOCwvYtn1vM6qzm1yi/K4=,D9ay5veCduJ9M9IBiaByZQL1DA0=
-15,9,IwYf/rsOCwvYtn1vM6qzm1yi/K4=,aABQEmobM2sWASrd+GH5I+am1OQ=
-15,8,IwYf/rsOCwvYtn1vM6qzm1yi/K4=,6qGPLb1Uq2vlc1U3PcRuCw3JqOA=
-15,11,IwYf/rsOCwvYtn1vM6qzm1yi/K4=,ti1htYRoh7CCjkH+KaKK6NNw8Pg=
-15,10,IwYf/rsOCwvYtn1vM6qzm1yi/K4=,nWyj2YspNaH+3ZJoP6id4P+S38s=
-15,13,VMXZ4yN6GrOnNtU492duiMxlBm0=,xlADauP/Q8HUKx2C9V2XN8sxkfU=
-15,12,VMXZ4yN6GrOnNtU492duiMxlBm0=,i2gyK8xQaTE3useQgiaOMldvhJw=
-15,15,VMXZ4yN6GrOnNtU492duiMxlBm0=,E3pcMwmkpvbbvXPX7NwHBVB/w2Y=
-15,14,VMXZ4yN6GrOnNtU492duiMxlBm0=,E3pcMwmkpvbbvXPX7NwHBVB/w2Y=
-14,18,VMXZ4yN6GrOnNtU492duiMxlBm0=,rf8jOIj+ijM+diaRR4G2WH78LVI=
-14,19,VMXZ4yN6GrOnNtU492duiMxlBm0=,v6FHJkJcRy8Z+cN9EWsrWazyovg=
-14,16,S6tlfdVzHTCJ6X3yAC+bAnoSq34=,VH+P2/+4tFG7jsFb/ujrEmaPnWQ=
-14,17,S6tlfdVzHTCJ6X3yAC+bAnoSq34=,ccCROLVswaLh3jloQ/BlFmeEHoU=
-14,20,S6tlfdVzHTCJ6X3yAC+bAnoSq34=,G1dGxYExBdwCWdtrBHTzGzstFXw=
-14,21,S6tlfdVzHTCJ6X3yAC+bAnoSq34=,K0tHuuLEQJaIxjif9spv6YLY1ps=
-14,2,S6tlfdVzHTCJ6X3yAC+bAnoSq34=,D9ay5veCduJ9M9IBiaByZQL1DA0=
-14,3,m6qADg3RM7ac4olT4OiYHhYqgC8=,D9ay5veCduJ9M9IBiaByZQL1DA0=
-14,0,m6qADg3RM7ac4olT4OiYHhYqgC8=,D9ay5veCduJ9M9IBiaByZQL1DA0=
-14,1,m6qADg3RM7ac4olT4OiYHhYqgC8=,D9ay5veCduJ9M9IBiaByZQL1DA0=
-14,6,m6qADg3RM7ac4olT4OiYHhYqgC8=,D9ay5veCduJ9M9IBiaByZQL1DA0=
-14,7,m6qADg3RM7ac4olT4OiYHhYqgC8=,D9ay5veCduJ9M9IBiaByZQL1DA0=
-14,4,m6qADg3RM7ac4olT4OiYHhYqgC8=,D9ay5veCduJ9M9IBiaByZQL1DA0=
-14,5,m6qADg3RM7ac4olT4OiYHhYqgC8=,D9ay5veCduJ9M9IBiaByZQL1DA0=
-14,10,ocGyF5YMDuUddLfdZ/dY2kyTLU4=,rDFBBIYqFkMAX0X+FDcTe+3VK14=
-14,11,ocGyF5YMDuUddLfdZ/dY2kyTLU4=,9UPhY0KfbSWnO50a7OnX2w9J1ow=
-14,8,ocGyF5YMDuUddLfdZ/dY2kyTLU4=,gGkAkqjqmHzmDnrjn/s8j2+Bd6U=
-14,9,ocGyF5YMDuUddLfdZ/dY2kyTLU4=,m/cT9KcO+nvQY5Wcwq/139FLGAo=
-14,14,ocGyF5YMDuUddLfdZ/dY2kyTLU4=,E3pcMwmkpvbbvXPX7NwHBVB/w2Y=
-14,15,ocGyF5YMDuUddLfdZ/dY2kyTLU4=,E3pcMwmkpvbbvXPX7NwHBVB/w2Y=
-14,12,URgIqCtyfaDUzKnO0/4C2qdr64s=,UPE4e4IKiN0FDyXV+Ctsz7oGiOE=
-14,13,URgIqCtyfaDUzKnO0/4C2qdr64s=,yT4DbRIVKpvGigyGfmmsJfT7iU4=
-13,19,URgIqCtyfaDUzKnO0/4C2qdr64s=,7TZZET1EkqO0jbMVqt4lWqboRWk=
-13,18,URgIqCtyfaDUzKnO0/4C2qdr64s=,ygJlgh2seHk46bVY7xJ8LhA9isY=
-13,17,URgIqCtyfaDUzKnO0/4C2qdr64s=,Rfv29xLuWSuxTeVqjE6ZBbnrRo4=
-13,16,yj9XgpvbPJGKAWboZCgFxK9y6wA=,NI7/UJaUDqW5KKemcpayfHestQc=
-13,22,yj9XgpvbPJGKAWboZCgFxK9y6wA=,K0tHuuLEQJaIxjif9spv6YLY1ps=
-13,21,yj9XgpvbPJGKAWboZCgFxK9y6wA=,kLXihv+ZPbGcf5nNgpf0eh372VA=
-13,20,yj9XgpvbPJGKAWboZCgFxK9y6wA=,1CD82UYC6jOewLzZ3rHZ6C7chBQ=
-13,3,yj9XgpvbPJGKAWboZCgFxK9y6wA=,D9ay5veCduJ9M9IBiaByZQL1DA0=
-13,2,yj9XgpvbPJGKAWboZCgFxK9y6wA=,D9ay5veCduJ9M9IBiaByZQL1DA0=
-13,1,AdOdPkBnViIEOrLgHPo83GlgaDA=,D9ay5veCduJ9M9IBiaByZQL1DA0=
-13,0,AdOdPkBnViIEOrLgHPo83GlgaDA=,D9ay5veCduJ9M9IBiaByZQL1DA0=
-13,7,AdOdPkBnViIEOrLgHPo83GlgaDA=,D9ay5veCduJ9M9IBiaByZQL1DA0=
-13,6,AdOdPkBnViIEOrLgHPo83GlgaDA=,D9ay5veCduJ9M9IBiaByZQL1DA0=
-13,5,AdOdPkBnViIEOrLgHPo83GlgaDA=,D9ay5veCduJ9M9IBiaByZQL1DA0=
-13,4,AdOdPkBnViIEOrLgHPo83GlgaDA=,D9ay5veCduJ9M9IBiaByZQL1DA0=
-13,11,aVL7ln1W/yYpqJw/cDFbDZHYFgY=,E3pcMwmkpvbbvXPX7NwHBVB/w2Y=
-13,10,aVL7ln1W/yYpqJw/cDFbDZHYFgY=,E3pcMwmkpvbbvXPX7NwHBVB/w2Y=
-13,9,aVL7ln1W/yYpqJw/cDFbDZHYFgY=,cfVhsJaf66QmQ7a/XzuvN4KQXPw=
-13,8,aVL7ln1W/yYpqJw/cDFbDZHYFgY=,hlAJbvdvr/fLpr7YNKkC72fQ5p8=
-13,15,aVL7ln1W/yYpqJw/cDFbDZHYFgY=,E3pcMwmkpvbbvXPX7NwHBVB/w2Y=
-13,14,juwD63Q/k8DNSgEmQ1rK3k76Abk=,E3pcMwmkpvbbvXPX7NwHBVB/w2Y=
-13,13,juwD63Q/k8DNSgEmQ1rK3k76Abk=,E3pcMwmkpvbbvXPX7NwHBVB/w2Y=
-13,12,juwD63Q/k8DNSgEmQ1rK3k76Abk=,E3pcMwmkpvbbvXPX7NwHBVB/w2Y=
-12,20,juwD63Q/k8DNSgEmQ1rK3k76Abk=,TgxYFR3hzF3HzXmCbRymtZcU/jU=
-12,21,juwD63Q/k8DNSgEmQ1rK3k76Abk=,wsXEPJ5I1Hq/M3l4ixXEd/ZC0ds=
-12,22,fo1m4iY/pL+bDFM3DT5+S+/9r4A=,K0tHuuLEQJaIxjif9spv6YLY1ps=
-12,16,fo1m4iY/pL+bDFM3DT5+S+/9r4A=,K0tHuuLEQJaIxjif9spv6YLY1ps=
-12,17,fo1m4iY/pL+bDFM3DT5+S+/9r4A=,K0tHuuLEQJaIxjif9spv6YLY1ps=
-12,18,fo1m4iY/pL+bDFM3DT5+S+/9r4A=,OtQhID8mecp2g4SQcpumua6UvGA=
-12,19,fo1m4iY/pL+bDFM3DT5+S+/9r4A=,J9FPnS6tGrUtZ0/Qhn58ilwOZx8=
-12,4,fo1m4iY/pL+bDFM3DT5+S+/9r4A=,VDBfOFoFn0jBwE67c8/JGL6/24c=
-12,5,tfV5zBXu0XVGSZ+HXTkyazq/hmw=,OqnIBAJnT2+k9b0e+2dQWn7ih4o=
-12,6,tfV5zBXu0XVGSZ+HXTkyazq/hmw=,X5PuhYq75bpadEMt2xSLnMEiz3c=
-12,7,tfV5zBXu0XVGSZ+HXTkyazq/hmw=,kkN1qMrVgrDPIaklfTTvRnuSoYM=
-12,0,tfV5zBXu0XVGSZ+HXTkyazq/hmw=,D9ay5veCduJ9M9IBiaByZQL1DA0=
-12,1,tfV5zBXu0XVGSZ+HXTkyazq/hmw=,D9ay5veCduJ9M9IBiaByZQL1DA0=
-12,2,tfV5zBXu0XVGSZ+HXTkyazq/hmw=,D9ay5veCduJ9M9IBiaByZQL1DA0=
-12,3,VQUerZSsTIrD4veT5BriUKESFJo=,D9ay5veCduJ9M9IBiaByZQL1DA0=
-12,12,VQUerZSsTIrD4veT5BriUKESFJo=,E3pcMwmkpvbbvXPX7NwHBVB/w2Y=
-12,13,VQUerZSsTIrD4veT5BriUKESFJo=,E3pcMwmkpvbbvXPX7NwHBVB/w2Y=
-12,14,VQUerZSsTIrD4veT5BriUKESFJo=,E3pcMwmkpvbbvXPX7NwHBVB/w2Y=
-12,15,VQUerZSsTIrD4veT5BriUKESFJo=,E3pcMwmkpvbbvXPX7NwHBVB/w2Y=
-12,8,mCI2rsVy3eIWu2wq83JfOqqDPcY=,J0yAT4+qgc3rM+IDiPPznUbQVv8=
-12,9,mCI2rsVy3eIWu2wq83JfOqqDPcY=,Od9OtvJvryCPnndyxFFlFmrnO0Y=
-12,10,mCI2rsVy3eIWu2wq83JfOqqDPcY=,htL2wEeHM3aVllLwsL8Oh/Dgx1M=
-12,11,mCI2rsVy3eIWu2wq83JfOqqDPcY=,E3pcMwmkpvbbvXPX7NwHBVB/w2Y=
-11,21,mCI2rsVy3eIWu2wq83JfOqqDPcY=,YKxioy822pfdEMnajT7oK8F2UUY=
-11,20,mCI2rsVy3eIWu2wq83JfOqqDPcY=,6w+cxP047HPaZX7kZyYJUSG5bR8=
-11,23,XTxa/gEt7CwFuo1NfhiHMnPwX1Q=,K0tHuuLEQJaIxjif9spv6YLY1ps=
-11,22,XTxa/gEt7CwFuo1NfhiHMnPwX1Q=,K0tHuuLEQJaIxjif9spv6YLY1ps=
-11,17,XTxa/gEt7CwFuo1NfhiHMnPwX1Q=,K0tHuuLEQJaIxjif9spv6YLY1ps=
-11,16,XTxa/gEt7CwFuo1NfhiHMnPwX1Q=,K0tHuuLEQJaIxjif9spv6YLY1ps=
-11,19,XTxa/gEt7CwFuo1NfhiHMnPwX1Q=,XvnLO9g38Rp6BwFQC5ATqVWCUL4=
-11,18,XTxa/gEt7CwFuo1NfhiHMnPwX1Q=,rJd4/Gexy7PyRVHHLoTd97zyP7A=
-11,5,UmiVKTeoT3UoOemXih8bDJklBfE=,K9Vo6qG1FMU4eKI0jXOzhsOb6Y4=
-11,4,UmiVKTeoT3UoOemXih8bDJklBfE=,iyuQ68jOo8zaDM21qJyFgtXis6U=
-11,7,UmiVKTeoT3UoOemXih8bDJklBfE=,ME5JtS1Qg49rrPflT8FXU7VPAaU=
-11,6,UmiVKTeoT3UoOemXih8bDJklBfE=,uqHzqD4KpAI1U5l7JQ0y3usRYBM=
-11,1,UmiVKTeoT3UoOemXih8bDJklBfE=,D9ay5veCduJ9M9IBiaByZQL1DA0=
-11,0,UmiVKTeoT3UoOemXih8bDJklBfE=,D9ay5veCduJ9M9IBiaByZQL1DA0=
-11,3,UmiVKTeoT3UoOemXih8bDJklBfE=,poJnTZiHHHh7Qzn1sEYa72bl8wI=
-11,2,CAk7I0ZHu1mhwmlfsblYJYupu4c=,GoHvtAMRylhB0zLiGShHLHO4g40=
-11,13,CAk7I0ZHu1mhwmlfsblYJYupu4c=,E3pcMwmkpvbbvXPX7NwHBVB/w2Y=
-11,12,CAk7I0ZHu1mhwmlfsblYJYupu4c=,E3pcMwmkpvbbvXPX7NwHBVB/w2Y=
-11,15,CAk7I0ZHu1mhwmlfsblYJYupu4c=,E3pcMwmkpvbbvXPX7NwHBVB/w2Y=
-11,14,CAk7I0ZHu1mhwmlfsblYJYupu4c=,E3pcMwmkpvbbvXPX7NwHBVB/w2Y=
-11,9,CAk7I0ZHu1mhwmlfsblYJYupu4c=,ReF4tqeZe6Hx7z9PVwFKjXOShLs=
-11,8,roSCyfknD5Ii9gkyPbOn51kOJ98=,cQ8DsTFtQ6SHm0Lj8jUKwjL4T+M=
-11,11,roSCyfknD5Ii9gkyPbOn51kOJ98=,E3pcMwmkpvbbvXPX7NwHBVB/w2Y=
-11,10,roSCyfknD5Ii9gkyPbOn51kOJ98=,Agv1r2hxGonlPkaUBqiACL4Hquo=
-10,22,roSCyfknD5Ii9gkyPbOn51kOJ98=,K0tHuuLEQJaIxjif9spv6YLY1ps=
-10,23,roSCyfknD5Ii9gkyPbOn51kOJ98=,K0tHuuLEQJaIxjif9spv6YLY1ps=
-10,20,roSCyfknD5Ii9gkyPbOn51kOJ98=,rFMyOreu1soQY5ug9c7BI3LWPYs=
-10,21,e3rKVAG3lPJsV5HgpEx8aTVF/r4=,V5H0vI659wFdkqW84wn2GlYSUJM=
-10,18,e3rKVAG3lPJsV5HgpEx8aTVF/r4=,DzNJrNzzIJkgAQ1lH1qlsmjUlJw=
-10,19,e3rKVAG3lPJsV5HgpEx8aTVF/r4=,K0tHuuLEQJaIxjif9spv6YLY1ps=
-10,16,e3rKVAG3lPJsV5HgpEx8aTVF/r4=,K0tHuuLEQJaIxjif9spv6YLY1ps=
-10,17,e3rKVAG3lPJsV5HgpEx8aTVF/r4=,dFHSrGkHDqtWGIW2ZxlHGhvXAzs=
-10,6,e3rKVAG3lPJsV5HgpEx8aTVF/r4=,jhQmqTMrJqUksOfrhkgQVHnhunI=
-10,7,+J6Abqmr3UWQ2PPHzRcpyEBPyHY=,ZGyCshGUfWz3BrQAdpDFmuH5Tno=
-10,4,+J6Abqmr3UWQ2PPHzRcpyEBPyHY=,4Z2S4om/0V9BP3sYsw9Q31YicYg=
-10,5,+J6Abqmr3UWQ2PPHzRcpyEBPyHY=,wc3hbErsSw4KCKqEmE2xzl+5DB8=
-10,2,+J6Abqmr3UWQ2PPHzRcpyEBPyHY=,9xTTB4aFr88hH9R07lneZI+hlv0=
-10,3,+J6Abqmr3UWQ2PPHzRcpyEBPyHY=,dD9YHAw1V8UxHWBbFpGFoQ84GAU=
-10,0,+J6Abqmr3UWQ2PPHzRcpyEBPyHY=,Gxvj62lO/kNtu2Tn7c8dBamg60w=
-10,1,2bMDPvoJdWizTIu67JnNt+D/HuY=,yvIB7JH2p40RtZ+eXLq2/+juLTg=
-10,14,2bMDPvoJdWizTIu67JnNt+D/HuY=,E3pcMwmkpvbbvXPX7NwHBVB/w2Y=
-10,15,2bMDPvoJdWizTIu67JnNt+D/HuY=,E3pcMwmkpvbbvXPX7NwHBVB/w2Y=
-10,12,2bMDPvoJdWizTIu67JnNt+D/HuY=,E3pcMwmkpvbbvXPX7NwHBVB/w2Y=
-10,13,2bMDPvoJdWizTIu67JnNt+D/HuY=,E3pcMwmkpvbbvXPX7NwHBVB/w2Y=
-10,10,lQsCjqopRt5N3UCCVdyiqSrpqmA=,idTMVVR+vBwlIOf6bGCaK24pJfE=
-10,11,lQsCjqopRt5N3UCCVdyiqSrpqmA=,E3pcMwmkpvbbvXPX7NwHBVB/w2Y=
-10,8,lQsCjqopRt5N3UCCVdyiqSrpqmA=,XsmaYs0861yuS0MBV4a+ycO1WvQ=
-10,9,lQsCjqopRt5N3UCCVdyiqSrpqmA=,ffj2mXdxF7qf9ZR3im5seVOnzUo=
-9,23,lQsCjqopRt5N3UCCVdyiqSrpqmA=,K0tHuuLEQJaIxjif9spv6YLY1ps=
-9,22,N+Ukc+VlAmABAY7XYtfL/E5b6Y0=,K0tHuuLEQJaIxjif9spv6YLY1ps=
-9,21,N+Ukc+VlAmABAY7XYtfL/E5b6Y0=,K0tHuuLEQJaIxjif9spv6YLY1ps=
-9,20,N+Ukc+VlAmABAY7XYtfL/E5b6Y0=,K0tHuuLEQJaIxjif9spv6YLY1ps=
-9,19,N+Ukc+VlAmABAY7XYtfL/E5b6Y0=,K0tHuuLEQJaIxjif9spv6YLY1ps=
-9,18,N+Ukc+VlAmABAY7XYtfL/E5b6Y0=,qmoFKZCZglZ0Fz4bZQKhqv2xui0=
-9,17,N+Ukc+VlAmABAY7XYtfL/E5b6Y0=,EG/IlSPs5WgIPhVp87CsvXYi2UM=
-9,16,N+Ukc+VlAmABAY7XYtfL/E5b6Y0=,K0tHuuLEQJaIxjif9spv6YLY1ps=
-9,24,N+Ukc+VlAmABAY7XYtfL/E5b6Y0=,S3IX+6x4cUu5ZtwSqdlFgXSVKWY=
-9,7,RlLGfK3cnlmMTMlL+33Qv7NYhYM=,9kghpeolQDybz/lep3hcQlUHS4M=
-9,6,RlLGfK3cnlmMTMlL+33Qv7NYhYM=,A0JQTlFI1Na28WfLLJZyjw+53uU=
-9,5,RlLGfK3cnlmMTMlL+33Qv7NYhYM=,cA/nTEge8aL5+9CH/QK9PtgdHWg=
-9,4,RlLGfK3cnlmMTMlL+33Qv7NYhYM=,pnRgkUdF9u96ISRZU29nXpZfuXw=
-9,3,RlLGfK3cnlmMTMlL+33Qv7NYhYM=,0xAPI65i8XGbu5CCel7IYjXniCg=
-9,2,RlLGfK3cnlmMTMlL+33Qv7NYhYM=,QVxDdTF+ict78Y8y5bgAyQU9oE4=
-9,1,RlLGfK3cnlmMTMlL+33Qv7NYhYM=,mKu294uiZZVpBGo/mqg0+zkcXNo=
-9,0,5egLwqoVHCPBP8kbGpZ3qFaRglc=,EO370UmBvGy1bOLQCpftIUuSPrI=
-9,15,5egLwqoVHCPBP8kbGpZ3qFaRglc=,E3pcMwmkpvbbvXPX7NwHBVB/w2Y=
-9,14,5egLwqoVHCPBP8kbGpZ3qFaRglc=,E3pcMwmkpvbbvXPX7NwHBVB/w2Y=
-9,13,5egLwqoVHCPBP8kbGpZ3qFaRglc=,E3pcMwmkpvbbvXPX7NwHBVB/w2Y=
-9,12,5egLwqoVHCPBP8kbGpZ3qFaRglc=,E3pcMwmkpvbbvXPX7NwHBVB/w2Y=
-9,11,hJukSUnUM10j7qz2e7Ka0D8KBgo=,E3pcMwmkpvbbvXPX7NwHBVB/w2Y=
-9,10,hJukSUnUM10j7qz2e7Ka0D8KBgo=,nd+2V1+DDJ2gJFwovU4BcASuXKg=
-9,9,hJukSUnUM10j7qz2e7Ka0D8KBgo=,Y/a03SN7D1KpNSrSgBPDL0Ydz9Q=
-9,8,hJukSUnUM10j7qz2e7Ka0D8KBgo=,KJ/676g8TdnEGjUYi7GITZKZp6M=
-8,24,hJukSUnUM10j7qz2e7Ka0D8KBgo=,mGlYszM6y4u+kEJ23bTrIQc6PpE=
-8,16,Z5SwjTOLvUs4bOHasZAIvqb5ixs=,zpkaeIf6yJZZw0uCi7qx2MvcrRY=
-8,17,Z5SwjTOLvUs4bOHasZAIvqb5ixs=,zpkaeIf6yJZZw0uCi7qx2MvcrRY=
-8,18,Z5SwjTOLvUs4bOHasZAIvqb5ixs=,SjfUoGcV4SoEsjhnzTNhWEVh93Y=
-8,19,Z5SwjTOLvUs4bOHasZAIvqb5ixs=,5Mq454HZD/hel2ZShY+I23h2Y8s=
-8,20,Z5SwjTOLvUs4bOHasZAIvqb5ixs=,zpkaeIf6yJZZw0uCi7qx2MvcrRY=
-8,21,Z5SwjTOLvUs4bOHasZAIvqb5ixs=,zpkaeIf6yJZZw0uCi7qx2MvcrRY=
-8,22,Z5SwjTOLvUs4bOHasZAIvqb5ixs=,zpkaeIf6yJZZw0uCi7qx2MvcrRY=
-8,23,Z5SwjTOLvUs4bOHasZAIvqb5ixs=,zpkaeIf6yJZZw0uCi7qx2MvcrRY=
-8,8,s+HmJ0za410H0VSxjRipOzRUXq0=,XmqSIC3lJ+MgbiIEaf+pgG8zYak=
-8,9,s+HmJ0za410H0VSxjRipOzRUXq0=,XmqSIC3lJ+MgbiIEaf+pgG8zYak=
-8,10,s+HmJ0za410H0VSxjRipOzRUXq0=,XmqSIC3lJ+MgbiIEaf+pgG8zYak=
-8,11,s+HmJ0za410H0VSxjRipOzRUXq0=,XmqSIC3lJ+MgbiIEaf+pgG8zYak=
-8,12,s+HmJ0za410H0VSxjRipOzRUXq0=,dvUaNzGLizGDnx9mDkBdpxThHag=
-8,13,s+HmJ0za410H0VSxjRipOzRUXq0=,1zEEVYhznERKKpBQF1QDFNLdqP4=
-8,14,dqCbwZD7U0ANXbZvRvRvUknae88=,xxSP0ezeB4dwl2x2P32UlKVrbM8=
-8,15,dqCbwZD7U0ANXbZvRvRvUknae88=,+t+aXe2Lw+uDOuKrpzjCjUpT03c=
-8,0,dqCbwZD7U0ANXbZvRvRvUknae88=,sDzCYihoCziP5jTLRANoCTjbZu4=
-8,1,dqCbwZD7U0ANXbZvRvRvUknae88=,sDzCYihoCziP5jTLRANoCTjbZu4=
-8,2,rZTWb30e3azbgEAwKSCsOny8O5E=,sDzCYihoCziP5jTLRANoCTjbZu4=
-8,3,rZTWb30e3azbgEAwKSCsOny8O5E=,sDzCYihoCziP5jTLRANoCTjbZu4=
-8,4,rZTWb30e3azbgEAwKSCsOny8O5E=,sDzCYihoCziP5jTLRANoCTjbZu4=
-8,5,rZTWb30e3azbgEAwKSCsOny8O5E=,sDzCYihoCziP5jTLRANoCTjbZu4=
-8,6,rZTWb30e3azbgEAwKSCsOny8O5E=,sDzCYihoCziP5jTLRANoCTjbZu4=
-8,7,/sZlDChhu1sToNtoXHUrE7X7zyQ=,sDzCYihoCziP5jTLRANoCTjbZu4=
-7,24,/sZlDChhu1sToNtoXHUrE7X7zyQ=,mGlYszM6y4u+kEJ23bTrIQc6PpE=
-7,17,/sZlDChhu1sToNtoXHUrE7X7zyQ=,01bQVX4gcUoN6MAsSTKqkqPn8D4=
-7,16,/sZlDChhu1sToNtoXHUrE7X7zyQ=,zpkaeIf6yJZZw0uCi7qx2MvcrRY=
-7,19,/sZlDChhu1sToNtoXHUrE7X7zyQ=,Usc0gMv7ytaTSjGBJa2p19DUW2A=
-7,18,/sZlDChhu1sToNtoXHUrE7X7zyQ=,R4nUYJ/22wFopcvv7azRpLNaccs=
-7,21,DoaHGFNkgLOSyFhmHi3YQ2pbg6E=,zpkaeIf6yJZZw0uCi7qx2MvcrRY=
-7,20,DoaHGFNkgLOSyFhmHi3YQ2pbg6E=,zpkaeIf6yJZZw0uCi7qx2MvcrRY=
-7,23,DoaHGFNkgLOSyFhmHi3YQ2pbg6E=,zpkaeIf6yJZZw0uCi7qx2MvcrRY=
-7,22,DoaHGFNkgLOSyFhmHi3YQ2pbg6E=,zpkaeIf6yJZZw0uCi7qx2MvcrRY=
-7,9,DoaHGFNkgLOSyFhmHi3YQ2pbg6E=,XmqSIC3lJ+MgbiIEaf+pgG8zYak=
-7,8,f5KQbd0jrZ7gpK9ykopolwa8F9E=,XmqSIC3lJ+MgbiIEaf+pgG8zYak=
-7,11,f5KQbd0jrZ7gpK9ykopolwa8F9E=,zwUW0Ahb4eaOM/SCAkziH6ZfF6s=
-7,10,f5KQbd0jrZ7gpK9ykopolwa8F9E=,XmqSIC3lJ+MgbiIEaf+pgG8zYak=
-7,13,f5KQbd0jrZ7gpK9ykopolwa8F9E=,1736XMPDwxD0d2vKuf6srDRhtiU=
-7,12,f5KQbd0jrZ7gpK9ykopolwa8F9E=,zzP5Bs10VvBBc6S1WMK/bocAc1s=
-7,15,0mOmuq8LEsHRCiorQzA1eJ6fF/0=,oZ/PlX7rFVIL1Dxu1fWCNbZuhPI=
-7,14,0mOmuq8LEsHRCiorQzA1eJ6fF/0=,AIoWseF1bZooOD6kogxZwu3Esvc=
-7,1,0mOmuq8LEsHRCiorQzA1eJ6fF/0=,sDzCYihoCziP5jTLRANoCTjbZu4=
-7,0,0mOmuq8LEsHRCiorQzA1eJ6fF/0=,sDzCYihoCziP5jTLRANoCTjbZu4=
-7,3,0mOmuq8LEsHRCiorQzA1eJ6fF/0=,sDzCYihoCziP5jTLRANoCTjbZu4=
-7,2,XNZdxgAotZWJxqPa5hxCUIX6Xjw=,sDzCYihoCziP5jTLRANoCTjbZu4=
-7,5,XNZdxgAotZWJxqPa5hxCUIX6Xjw=,sDzCYihoCziP5jTLRANoCTjbZu4=
-7,4,XNZdxgAotZWJxqPa5hxCUIX6Xjw=,sDzCYihoCziP5jTLRANoCTjbZu4=
-7,7,XNZdxgAotZWJxqPa5hxCUIX6Xjw=,sDzCYihoCziP5jTLRANoCTjbZu4=
-7,6,XNZdxgAotZWJxqPa5hxCUIX6Xjw=,sDzCYihoCziP5jTLRANoCTjbZu4=
-6,24,7vpM3WMyJWvPGjuOl7+ft+qErSk=,mGlYszM6y4u+kEJ23bTrIQc6PpE=
-6,18,7vpM3WMyJWvPGjuOl7+ft+qErSk=,14F+gL6snuf53MY2nDjUNs3U7Vs=
-6,19,7vpM3WMyJWvPGjuOl7+ft+qErSk=,rOradbmuBnv+bI4XKQcYVYYPC5M=
-6,16,7vpM3WMyJWvPGjuOl7+ft+qErSk=,zpkaeIf6yJZZw0uCi7qx2MvcrRY=
-6,17,7vpM3WMyJWvPGjuOl7+ft+qErSk=,9xC9xn2GkoPUNg0bTUAI8daWFBs=
-6,22,7vpM3WMyJWvPGjuOl7+ft+qErSk=,zpkaeIf6yJZZw0uCi7qx2MvcrRY=
-6,23,1InLtZwOfUUzT+R3N3dpItEAxfU=,zpkaeIf6yJZZw0uCi7qx2MvcrRY=
-6,20,1InLtZwOfUUzT+R3N3dpItEAxfU=,zpkaeIf6yJZZw0uCi7qx2MvcrRY=
-6,21,1InLtZwOfUUzT+R3N3dpItEAxfU=,zpkaeIf6yJZZw0uCi7qx2MvcrRY=
-6,10,1InLtZwOfUUzT+R3N3dpItEAxfU=,jOq/mj+EDoaSveK7d33tYMCeZSY=
-6,11,1InLtZwOfUUzT+R3N3dpItEAxfU=,UejD7y4FIkG+EEFNBdnpxgN0q9o=
-6,8,Taj1qSyVJypZ4Ozy3/FNxPvQWJI=,XmqSIC3lJ+MgbiIEaf+pgG8zYak=
-6,9,Taj1qSyVJypZ4Ozy3/FNxPvQWJI=,XmqSIC3lJ+MgbiIEaf+pgG8zYak=
-6,14,Taj1qSyVJypZ4Ozy3/FNxPvQWJI=,3NapFZ2Ci+HEGSB88VPHIvB6sIw=
-6,15,Taj1qSyVJypZ4Ozy3/FNxPvQWJI=,WWu6dZrMSFaKvRvt9KfLmj6hqlg=
-6,12,Taj1qSyVJypZ4Ozy3/FNxPvQWJI=,TG4n2aKIFOGETb6GQC66QRQ5oHg=
-6,13,NxBwZDu15wcKHQhDDd8ZPAkZBCU=,OjgJCgFjNaGhv++uD11LHmpGNuw=
-6,2,NxBwZDu15wcKHQhDDd8ZPAkZBCU=,sDzCYihoCziP5jTLRANoCTjbZu4=
-6,3,NxBwZDu15wcKHQhDDd8ZPAkZBCU=,sDzCYihoCziP5jTLRANoCTjbZu4=
-6,0,NxBwZDu15wcKHQhDDd8ZPAkZBCU=,sDzCYihoCziP5jTLRANoCTjbZu4=
-6,1,NxBwZDu15wcKHQhDDd8ZPAkZBCU=,sDzCYihoCziP5jTLRANoCTjbZu4=
-6,6,fpkyt8e2CQLRtca+E61p1BJaszs=,sDzCYihoCziP5jTLRANoCTjbZu4=
-6,7,fpkyt8e2CQLRtca+E61p1BJaszs=,sDzCYihoCziP5jTLRANoCTjbZu4=
-6,4,fpkyt8e2CQLRtca+E61p1BJaszs=,sDzCYihoCziP5jTLRANoCTjbZu4=
-6,5,fpkyt8e2CQLRtca+E61p1BJaszs=,sDzCYihoCziP5jTLRANoCTjbZu4=
-5,25,fpkyt8e2CQLRtca+E61p1BJaszs=,mGlYszM6y4u+kEJ23bTrIQc6PpE=
-5,24,fpkyt8e2CQLRtca+E61p1BJaszs=,mGlYszM6y4u+kEJ23bTrIQc6PpE=
-5,19,yrsXuxUYyfZSuF8Dp13wqipO7lc=,hCNe+IdJWRER/7EYkjb4HWi3xX0=
-5,18,yrsXuxUYyfZSuF8Dp13wqipO7lc=,kjo9E3V+uqYkx8f9MciePfeckVQ=
-5,17,yrsXuxUYyfZSuF8Dp13wqipO7lc=,niJzCZ0u1xX7EGkce+3TqUKT8l4=
-5,16,yrsXuxUYyfZSuF8Dp13wqipO7lc=,zpkaeIf6yJZZw0uCi7qx2MvcrRY=
-5,23,yrsXuxUYyfZSuF8Dp13wqipO7lc=,zpkaeIf6yJZZw0uCi7qx2MvcrRY=
-5,22,yrsXuxUYyfZSuF8Dp13wqipO7lc=,zpkaeIf6yJZZw0uCi7qx2MvcrRY=
-5,21,rjePFcdgJWwMEvAxtFp4odgZBUM=,EvERP0rs1p+WxQyYqQIAqZJ4szM=
-5,20,rjePFcdgJWwMEvAxtFp4odgZBUM=,GI5F8EN5SEr9e5lOoeqtIU+rrFY=
-5,11,rjePFcdgJWwMEvAxtFp4odgZBUM=,v+F+Fd3RYZYFMe7mk5KFzD69RN0=
-5,10,rjePFcdgJWwMEvAxtFp4odgZBUM=,hpHvBDM9mTazLe8pFYrDH+6eMBU=
-5,9,rjePFcdgJWwMEvAxtFp4odgZBUM=,X3RtxBk47ieLKqR2GqPddUmjU6k=
-5,8,rjePFcdgJWwMEvAxtFp4odgZBUM=,Y4rwPiJa0blL3DuC4GPAww60nJw=
-5,15,nq2cBNdvb6EIO/2yRBf+X8QYqTI=,iqtNABpi0YLqnUhc2f8ip+uc11I=
-5,14,nq2cBNdvb6EIO/2yRBf+X8QYqTI=,uH9+CRVqg4G1BeP9lQB6QNE811g=
-5,13,nq2cBNdvb6EIO/2yRBf+X8QYqTI=,DWz08cAl5MnsYXpyO2axMQ0JGLk=
-5,12,nq2cBNdvb6EIO/2yRBf+X8QYqTI=,B/r3uU4K1dyRfzG0NgdTldnO07U=
-5,3,mcOGAs2hC0PW6WRfXGAPMdGfMLQ=,FWzwHOTSj+Im9M0TLYYNw3V7T9g=
-5,2,mcOGAs2hC0PW6WRfXGAPMdGfMLQ=,ESH6cc5en7AMzsxXkeYFdpljbfs=
-5,1,mcOGAs2hC0PW6WRfXGAPMdGfMLQ=,2djOBeSY1SeA7zVXfXm2WW4Wpmo=
-5,0,mcOGAs2hC0PW6WRfXGAPMdGfMLQ=,sDzCYihoCziP5jTLRANoCTjbZu4=
-5,7,mcOGAs2hC0PW6WRfXGAPMdGfMLQ=,sDzCYihoCziP5jTLRANoCTjbZu4=
-5,6,mcOGAs2hC0PW6WRfXGAPMdGfMLQ=,sDzCYihoCziP5jTLRANoCTjbZu4=
-5,5,hcGNH6UN+wp+iEwUISD7UiADwh0=,sDzCYihoCziP5jTLRANoCTjbZu4=
-5,4,hcGNH6UN+wp+iEwUISD7UiADwh0=,sDzCYihoCziP5jTLRANoCTjbZu4=
-4,24,hcGNH6UN+wp+iEwUISD7UiADwh0=,mGlYszM6y4u+kEJ23bTrIQc6PpE=
-4,25,hcGNH6UN+wp+iEwUISD7UiADwh0=,mGlYszM6y4u+kEJ23bTrIQc6PpE=
-4,20,hcGNH6UN+wp+iEwUISD7UiADwh0=,9GSCXoU7Ba7z33t7C+BXOGqQCtk=
-4,21,hcGNH6UN+wp+iEwUISD7UiADwh0=,rckcig4bjNr4Y99FVkbIZ0+P3e0=
-4,22,VMVqdqE7H15QPDZZa+9T8CI8qyI=,zpkaeIf6yJZZw0uCi7qx2MvcrRY=
-4,23,VMVqdqE7H15QPDZZa+9T8CI8qyI=,zpkaeIf6yJZZw0uCi7qx2MvcrRY=
-4,16,VMVqdqE7H15QPDZZa+9T8CI8qyI=,4b1GGHpMefaQDaGRtZ/YvX/lKQo=
-4,17,VMVqdqE7H15QPDZZa+9T8CI8qyI=,iAB3/yJlZIgPuTEQLk88JfPGk1A=
-4,18,VMVqdqE7H15QPDZZa+9T8CI8qyI=,9R7y/cvzOksoPVhYogAx5H5ZJ0o=
-4,19,oSmCP1BuFkGxlpMC6gH1yH9LSMA=,hGMh/ZIRlDBrxFF8LvheKVp3rPA=
-4,12,oSmCP1BuFkGxlpMC6gH1yH9LSMA=,XmqSIC3lJ+MgbiIEaf+pgG8zYak=
-4,13,oSmCP1BuFkGxlpMC6gH1yH9LSMA=,XmqSIC3lJ+MgbiIEaf+pgG8zYak=
-4,14,oSmCP1BuFkGxlpMC6gH1yH9LSMA=,XmqSIC3lJ+MgbiIEaf+pgG8zYak=
-4,15,oSmCP1BuFkGxlpMC6gH1yH9LSMA=,XmqSIC3lJ+MgbiIEaf+pgG8zYak=
-4,8,oSmCP1BuFkGxlpMC6gH1yH9LSMA=,bPvVeej+4t/ZQ7TeMaQl8rtJ4dE=
-4,9,cMNqhV+QR8+XAI6PPnMRdpEnrhg=,EOFm/OoDhDBrn0irhdjM6edP33U=
-4,10,cMNqhV+QR8+XAI6PPnMRdpEnrhg=,XmqSIC3lJ+MgbiIEaf+pgG8zYak=
-4,11,cMNqhV+QR8+XAI6PPnMRdpEnrhg=,XmqSIC3lJ+MgbiIEaf+pgG8zYak=
-4,4,cMNqhV+QR8+XAI6PPnMRdpEnrhg=,FTCfIetqnkdcOkrYuwJ12OJSFJU=
-4,5,cMNqhV+QR8+XAI6PPnMRdpEnrhg=,sDzCYihoCziP5jTLRANoCTjbZu4=
-4,6,ldNztdCzoXTGZJU0/6cQGSYunv0=,sDzCYihoCziP5jTLRANoCTjbZu4=
-4,7,ldNztdCzoXTGZJU0/6cQGSYunv0=,sDzCYihoCziP5jTLRANoCTjbZu4=
-4,0,ldNztdCzoXTGZJU0/6cQGSYunv0=,I7cnBFzCJH+OYVpu0IwdeE6r7zs=
-4,1,ldNztdCzoXTGZJU0/6cQGSYunv0=,IDGtozdim36gh3WOShqBD48Hfrk=
-4,2,ldNztdCzoXTGZJU0/6cQGSYunv0=,RcYm32wu/W/iK6kb7mF5ky7tabA=
-4,3,ldNztdCzoXTGZJU0/6cQGSYunv0=,rWgPwdFcYN4WHJ/WWv1Kk+kGY0A=
-3,25,pnGwVCyFKHM7FXAbehXipGFjtzQ=,vh/6+jua14sQNvvU4BePhffy9w0=
-3,24,pnGwVCyFKHM7FXAbehXipGFjtzQ=,q/JYA4YvfpChPgU9XLKk6EpHZRA=
-3,21,pnGwVCyFKHM7FXAbehXipGFjtzQ=,zpkaeIf6yJZZw0uCi7qx2MvcrRY=
-3,20,pnGwVCyFKHM7FXAbehXipGFjtzQ=,zpkaeIf6yJZZw0uCi7qx2MvcrRY=
-3,23,pnGwVCyFKHM7FXAbehXipGFjtzQ=,zpkaeIf6yJZZw0uCi7qx2MvcrRY=
-3,22,pnGwVCyFKHM7FXAbehXipGFjtzQ=,zpkaeIf6yJZZw0uCi7qx2MvcrRY=
-3,17,pYUmW8waG7x+NEC3LqC0klnHAII=,7vRJZoMP3T9sOdYrTiYD0Px++Vw=
-3,16,pYUmW8waG7x+NEC3LqC0klnHAII=,Qfs33QEvcFeN+bUK8bt9MEqhcfk=
-3,19,pYUmW8waG7x+NEC3LqC0klnHAII=,zpkaeIf6yJZZw0uCi7qx2MvcrRY=
-3,18,pYUmW8waG7x+NEC3LqC0klnHAII=,9oH9NZP97cyIOvkaVTotX3d7CEI=
-3,13,pYUmW8waG7x+NEC3LqC0klnHAII=,XmqSIC3lJ+MgbiIEaf+pgG8zYak=
-3,12,pYUmW8waG7x+NEC3LqC0klnHAII=,XmqSIC3lJ+MgbiIEaf+pgG8zYak=
-3,15,2CvOtDQ4+VnD651gjk6tNwg3aTA=,XmqSIC3lJ+MgbiIEaf+pgG8zYak=
-3,14,2CvOtDQ4+VnD651gjk6tNwg3aTA=,XmqSIC3lJ+MgbiIEaf+pgG8zYak=
-3,9,2CvOtDQ4+VnD651gjk6tNwg3aTA=,l9v/l4wprjMIAKrfldwnMNnl8XY=
-3,8,2CvOtDQ4+VnD651gjk6tNwg3aTA=,fgL9L18RabEoI+iKg7ShFbS8Z74=
-3,11,2CvOtDQ4+VnD651gjk6tNwg3aTA=,XmqSIC3lJ+MgbiIEaf+pgG8zYak=
-3,10,2CvOtDQ4+VnD651gjk6tNwg3aTA=,XmqSIC3lJ+MgbiIEaf+pgG8zYak=
-3,5,a10pvznF4PORzpzEov0Vod1ePPw=,kXiQ6a1hRvMjDyGhiqaLS6PZvDg=
-3,4,a10pvznF4PORzpzEov0Vod1ePPw=,moTlhBSi8tkVaWVbnI4ej9eF6B4=
-3,7,a10pvznF4PORzpzEov0Vod1ePPw=,sDzCYihoCziP5jTLRANoCTjbZu4=
-3,6,a10pvznF4PORzpzEov0Vod1ePPw=,D+0SsSUNkILVl8e0PiHl6rh12Qk=
-3,1,a10pvznF4PORzpzEov0Vod1ePPw=,u0FXIMlmqWQ4z4pqnlqKHlQKSEc=
-3,0,jN2irp6CVU0/OagPZ97G015JxpU=,9bypayTJPicNMlf8xdleVx+FkJk=
-3,3,jN2irp6CVU0/OagPZ97G015JxpU=,72SRse+3XHrjAyM/WmaOlTeqFB4=
-3,2,jN2irp6CVU0/OagPZ97G015JxpU=,duhBUPM5OBZ0F6f6BDaB5Kl/cro=
-2,24,jN2irp6CVU0/OagPZ97G015JxpU=,JPBjAhTk35/hqGJeYOocaMIhY/8=
-2,25,jN2irp6CVU0/OagPZ97G015JxpU=,2tYBGZRNnSoqr02MI4tGxOA/3ug=
-2,22,fNvqPL/l2sq5BuxQT7lFQ14RojY=,zpkaeIf6yJZZw0uCi7qx2MvcrRY=
-2,23,fNvqPL/l2sq5BuxQT7lFQ14RojY=,zpkaeIf6yJZZw0uCi7qx2MvcrRY=
-2,20,fNvqPL/l2sq5BuxQT7lFQ14RojY=,zpkaeIf6yJZZw0uCi7qx2MvcrRY=
-2,21,fNvqPL/l2sq5BuxQT7lFQ14RojY=,zpkaeIf6yJZZw0uCi7qx2MvcrRY=
-2,18,fNvqPL/l2sq5BuxQT7lFQ14RojY=,zpkaeIf6yJZZw0uCi7qx2MvcrRY=
-2,19,fNvqPL/l2sq5BuxQT7lFQ14RojY=,zpkaeIf6yJZZw0uCi7qx2MvcrRY=
-2,16,IDwOxlTQcHF/De+J9VMZQJVNxK8=,stShUsItOxpA6MD/dcfFpffE68E=
-2,17,IDwOxlTQcHF/De+J9VMZQJVNxK8=,yEFzmLIZ+rHeN7kA/obkMFZYvpE=
-2,14,IDwOxlTQcHF/De+J9VMZQJVNxK8=,XmqSIC3lJ+MgbiIEaf+pgG8zYak=
-2,15,IDwOxlTQcHF/De+J9VMZQJVNxK8=,XmqSIC3lJ+MgbiIEaf+pgG8zYak=
-2,12,IDwOxlTQcHF/De+J9VMZQJVNxK8=,XmqSIC3lJ+MgbiIEaf+pgG8zYak=
-2,13,I4lbBj+gW6USM1ds0b3lAxydbZA=,XmqSIC3lJ+MgbiIEaf+pgG8zYak=
-2,10,I4lbBj+gW6USM1ds0b3lAxydbZA=,XmqSIC3lJ+MgbiIEaf+pgG8zYak=
-2,11,I4lbBj+gW6USM1ds0b3lAxydbZA=,XmqSIC3lJ+MgbiIEaf+pgG8zYak=
-2,8,I4lbBj+gW6USM1ds0b3lAxydbZA=,Nw1dcvtKkIjtz18YU4L0p1imAvk=
-2,9,I8uMgIQlRxYYKC9XPEB/3sz0XgY=,bR2kH4L0MSLtGqfv2QBajKxkXs8=
-2,6,I8uMgIQlRxYYKC9XPEB/3sz0XgY=,sDzCYihoCziP5jTLRANoCTjbZu4=
-2,7,I8uMgIQlRxYYKC9XPEB/3sz0XgY=,sDzCYihoCziP5jTLRANoCTjbZu4=
-2,4,I8uMgIQlRxYYKC9XPEB/3sz0XgY=,072xLSt8Bl0ftQ3+gqpTLOeC3kc=
-2,5,I8uMgIQlRxYYKC9XPEB/3sz0XgY=,tUfh67HMEEz9Bl23V7Ebi5Ya4SQ=
-2,2,3CFZdh+7gVPi5sB36Qd5joY8N80=,FPynTR34PYEToWiEjgOu1m0hS8Y=
-2,3,3CFZdh+7gVPi5sB36Qd5joY8N80=,8wVOs0UavGJczoNS0X2yAg8sdQw=
-2,0,3CFZdh+7gVPi5sB36Qd5joY8N80=,YDRFlNKbsG+wGvplp094YJ5YboU=
-2,1,3CFZdh+7gVPi5sB36Qd5joY8N80=,f+jfyr+okjWKm3guTeXszkK1IP4=
-1,25,bBXvkLRTgXTnUFYdTENdvpr4R8w=,IUOqFq5HQoqh06heF8ucu7X6NzA=
-1,24,bBXvkLRTgXTnUFYdTENdvpr4R8w=,MEdaYxReLHhz8gkY8ibdKVpbGj4=
-1,23,bBXvkLRTgXTnUFYdTENdvpr4R8w=,zpkaeIf6yJZZw0uCi7qx2MvcrRY=
-1,22,bBXvkLRTgXTnUFYdTENdvpr4R8w=,zpkaeIf6yJZZw0uCi7qx2MvcrRY=
-1,21,bBXvkLRTgXTnUFYdTENdvpr4R8w=,zpkaeIf6yJZZw0uCi7qx2MvcrRY=
-1,20,gZdQusFM1M0JLMVt2Ci2lY5R6qU=,zpkaeIf6yJZZw0uCi7qx2MvcrRY=
-1,19,gZdQusFM1M0JLMVt2Ci2lY5R6qU=,zpkaeIf6yJZZw0uCi7qx2MvcrRY=
-1,18,gZdQusFM1M0JLMVt2Ci2lY5R6qU=,zpkaeIf6yJZZw0uCi7qx2MvcrRY=
-1,17,gZdQusFM1M0JLMVt2Ci2lY5R6qU=,Eho3Bcvy7pSTIS1EbMhu++723oU=
-1,16,0w+Y5ZQZnC9OyaW3/vJDLW/UyWo=,VHdfAxj4ISRgW/tDYgUqkeOBcoc=
-1,15,0w+Y5ZQZnC9OyaW3/vJDLW/UyWo=,XmqSIC3lJ+MgbiIEaf+pgG8zYak=
-1,14,0w+Y5ZQZnC9OyaW3/vJDLW/UyWo=,XmqSIC3lJ+MgbiIEaf+pgG8zYak=
-1,13,0w+Y5ZQZnC9OyaW3/vJDLW/UyWo=,XmqSIC3lJ+MgbiIEaf+pgG8zYak=
-1,12,0w+Y5ZQZnC9OyaW3/vJDLW/UyWo=,XmqSIC3lJ+MgbiIEaf+pgG8zYak=
-1,11,vO3oA53muR2nBpKXKV8KB9BQRCc=,XmqSIC3lJ+MgbiIEaf+pgG8zYak=
-1,10,vO3oA53muR2nBpKXKV8KB9BQRCc=,XmqSIC3lJ+MgbiIEaf+pgG8zYak=
-1,9,vO3oA53muR2nBpKXKV8KB9BQRCc=,h3+U6nCCDDHGP6oUpNySW1bLO5A=
-1,8,vO3oA53muR2nBpKXKV8KB9BQRCc=,JGKTIk5oab9Dm8F4UixjAT/C/ts=
-1,7,0sScVXcdiNwpXuuKfLhItIXvZeY=,sDzCYihoCziP5jTLRANoCTjbZu4=
-1,6,0sScVXcdiNwpXuuKfLhItIXvZeY=,sDzCYihoCziP5jTLRANoCTjbZu4=
-1,5,0sScVXcdiNwpXuuKfLhItIXvZeY=,EbhGDi5DIA4/ik4ZD3D/0IvsH4o=
-1,4,0sScVXcdiNwpXuuKfLhItIXvZeY=,4OksHgugiRofcrn4ztwuo80aVqw=
-1,3,RfIRjbDd84hIqvm+YfMZZb3a1G0=,BfFo2pCJ0rO5FvdYhEfVy+iblgI=
-1,2,RfIRjbDd84hIqvm+YfMZZb3a1G0=,iOW/Zy6D790a1YyGqtbq4b9MLmQ=
-1,1,RfIRjbDd84hIqvm+YfMZZb3a1G0=,WE0/3AgcGQmHjkni78naPCz386w=
-1,0,RfIRjbDd84hIqvm+YfMZZb3a1G0=,x2lLn19rGIo4aJ0eJStH5w2pxPw=
