0,0,v/66Ak0nK9lnEvHUc2RZd5R703o=,ebwoCwuUJuPaNCWF0AgA5gLkxio=
0,1,eqq2t6GJWoErxyYoXxlkxKAY9Ug=,2XJOvMaVVOjcSR5dttJl2sSQ4mc=
0,2,eqq2t6GJWoErxyYoXxlkxKAY9Ug=,di4MUvWrGB8shdr4jwMH4NirXgM=
0,3,eqq2t6GJWoErxyYoXxlkxKAY9Ug=,r1j0rWF3Shxe3+1VFeMRkU/fMtE=
0,4,eqq2t6GJWoErxyYoXxlkxKAY9Ug=,VPeJGoJcR6hiWLO8z1fThuP3Cow=
0,5,eqq2t6GJWoErxyYoXxlkxKAY9Ug=,iqX99NJ29Axei6wAGRuL4kfE2M4=
0,6,eqq2t6GJWoErxyYoXxlkxKAY9Ug=,WbWReikD4vQblkwq+hoxgvq7q68=
0,7,eqq2t6GJWoErxyYoXxlkxKAY9Ug=,8v1wJGcD5ZRBatTR3WUbyuFp9Go=
0,8,eqq2t6GJWoErxyYoXxlkxKAY9Ug=,q2gEcFadsoQ+ugMZMPvZqTMJtaQ=
0,9,eqq2t6GJWoErxyYoXxlkxKAY9Ug=,q2gEcFadsoQ+ugMZMPvZqTMJtaQ=
0,10,eqq2t6GJWoErxyYoXxlkxKAY9Ug=,m3/h3Z1o4QSEXUhY73pq43txjkQ=
0,11,eqq2t6GJWoErxyYoXxlkxKAY9Ug=,+EGnFoSNoRxQSIN7cePwJ0liM5U=
0,12,eqq2t6GJWoErxyYoXxlkxKAY9Ug=,pagTftumws8xZikA/EkwQnoI1TQ=
0,13,eqq2t6GJWoErxyYoXxlkxKAY9Ug=,DZOVANkW9nRoBmnGVo2Jgqj46Pg=
0,14,Kk9BdXByqAsFjzbQYeOsMjvBUOM=,c81+77sZDMM0obGUwZ1ry0+Mgjw=
0,15,Kk9BdXByqAsFjzbQYeOsMjvBUOM=,46iI4/Vv4aBbZtJp3uY972TjXXs=
0,16,Kk9BdXByqAsFjzbQYeOsMjvBUOM=,tF4lDQTA9z7iAqJJJpmurUYWunA=
0,17,Kk9BdXByqAsFjzbQYeOsMjvBUOM=,HADr2fAcqy8rMkG69WjvhE4iAEg=
0,18,Kk9BdXByqAsFjzbQYeOsMjvBUOM=,s8UZNZ45ooQsUNAZFwTztKEU7ec=
0,19,Kk9BdXByqAsFjzbQYeOsMjvBUOM=,dJBiek0RKTxXOvtOkY1EWIawbew=
0,20,Kk9BdXByqAsFjzbQYeOsMjvBUOM=,dJBiek0RKTxXOvtOkY1EWIawbew=
0,21,Kk9BdXByqAsFjzbQYeOsMjvBUOM=,Uq5iHckRufgdYrJrXUqlXrAa1sc=
0,22,Kk9BdXByqAsFjzbQYeOsMjvBUOM=,xQUXrgol8IF4nQDnPxXHYh0C4+A=
0,23,Kk9BdXByqAsFjzbQYeOsMjvBUOM=,uTP78Z3DVTQH0uwn2g7DK172Jng=
0,24,Kk9BdXByqAsFjzbQYeOsMjvBUOM=,or44DkxV4e6I4ojDEaagFlD5O7Q=
0,25,Kk9BdXByqAsFjzbQYeOsMjvBUOM=,dVPl9djufLxaE27tdogLP4T6T+4=
1,1,U4fXqE5Gl33kQcaOT1VHxUAo3Ak=,Wi421ZUOgMd1PY/URJxCLzb5oyg=
1,0,U4fXqE5Gl33kQcaOT1VHxUAo3Ak=,WpvW3+B0cqaKWLhpGHWOKupFV+k=
1,3,U4fXqE5Gl33kQcaOT1VHxUAo3Ak=,jwt7ucUTh0HGV/e6d55lbrORksQ=
1,2,U4fXqE5Gl33kQcaOT1VHxUAo3Ak=,3zHpkfikq3/OEEmXy3EQ6EgGWHY=
1,5,U4fXqE5Gl33kQcaOT1VHxUAo3Ak=,ktV/rSZOK5C8z50hHNK+eZ5fzeo=
1,4,q5/2z8fU0/XjlGiuH9X74J4FxHA=,4HqWMe2badKc0GAj8wWn9HHkUcQ=
1,7,q5/2z8fU0/XjlGiuH9X74J4FxHA=,i/tB+vsWcSqUPYnE4Rc5nbhXhNw=
1,6,q5/2z8fU0/XjlGiuH9X74J4FxHA=,z42p79Z3ttP5CiCdpsfh9HY/IO0=
1,9,q5/2z8fU0/XjlGiuH9X74J4FxHA=,wUcTh96WnlNY1YAYmmyeM73vGaY=
1,8,q5/2z8fU0/XjlGiuH9X74J4FxHA=,wNv0pK/FSqdyKvBjRL/Q5M7RAII=
1,11,q5/2z8fU0/XjlGiuH9X74J4FxHA=,gSE07E73GTvbEiJyWg0FrnJmbHM=
1,10,qGsUPzc49270oNv2AMiej9yLc00=,9qmBuuWezJpJgLY/wVF2yudBHKk=
1,13,qGsUPzc49270oNv2AMiej9yLc00=,O60MkufVeG6G40fgYACBE+bhdjI=
1,12,qGsUPzc49270oNv2AMiej9yLc00=,LzxwgqBudP0X56IKGyaFmYhx4oM=
1,15,qGsUPzc49270oNv2AMiej9yLc00=,o7/U3YhvyBh2qonDcH9EC/NLUbs=
1,14,qGsUPzc49270oNv2AMiej9yLc00=,k9WFStBNDLyKjrhT8Z/FanceqRo=
1,17,qGsUPzc49270oNv2AMiej9yLc00=,3+8tSriYHs8KTmWTrf/Y4FTwIQQ=
1,16,srYdcl7exCZwbFd/dTcrjZcIEQg=,uVKKzm5f3Khh0bCaEfm4ITe9gqg=
1,19,srYdcl7exCZwbFd/dTcrjZcIEQg=,cmVUKUgTl43fP/SzUxNNu2CIvSQ=
1,18,srYdcl7exCZwbFd/dTcrjZcIEQg=,TS3zz7gcmcX1+7jPWo0PIxf1sGg=
1,21,srYdcl7exCZwbFd/dTcrjZcIEQg=,SQjSetLR0wLvits1wc84v9s6tGk=
1,20,srYdcl7exCZwbFd/dTcrjZcIEQg=,AV+gc8x/H6tJURNLchfDFPfu8no=
1,23,srYdcl7exCZwbFd/dTcrjZcIEQg=,binrsIU1oNJfHZNMAQ3kwSKfYbs=
1,22,XgUoxpcD5wFwUZitGidjJAzh+Ew=,MKEhRvo/b/Hj6GChoCnMJx0bcbE=
1,25,XgUoxpcD5wFwUZitGidjJAzh+Ew=,i2yYCXNnNPDGvW0ELENJld5LHtI=
1,24,XgUoxpcD5wFwUZitGidjJAzh+Ew=,MF9VFj5Yz6PmM8ZA3a2qvu65ylI=
2,2,XgUoxpcD5wFwUZitGidjJAzh+Ew=,tyV9EeCVo2+RQAdN/SEyqYS1G8w=
2,3,XgUoxpcD5wFwUZitGidjJAzh+Ew=,YIwzm5pZPeNv3d9XFFlbP6AXzZI=
2,0,XgUoxpcD5wFwUZitGidjJAzh+Ew=,9i9mR2lSAJZINY6WBukQlWID6bw=
2,1,Ss8ewA2881BRz4vLN3S7eSBsyg0=,iZWW/1mBd9063so1m2KrulYUFuo=
2,6,Ss8ewA2881BRz4vLN3S7eSBsyg0=,7e6E/4KgY0VryqSvZCgzIbTwdBE=
2,7,Ss8ewA2881BRz4vLN3S7eSBsyg0=,Y8gr/IlyP4k/6e1hCA+Jq9dkqKo=
2,4,Ss8ewA2881BRz4vLN3S7eSBsyg0=,i+05WwinZ7+yzwORZK8A/1+ie0E=
2,5,Ss8ewA2881BRz4vLN3S7eSBsyg0=,GOq1a8btX76tEEXOleCHJenXX+I=
2,10,hGLrefimoqLNsvvJrPpmibmxNDs=,2C3InNRrmm1yzt1oBYoDE5wXz8M=
2,11,hGLrefimoqLNsvvJrPpmibmxNDs=,z3kcz93NMR4XF1lJ2dBTmNnOGPU=
2,8,hGLrefimoqLNsvvJrPpmibmxNDs=,wuxEmGU3mXT3CfwXybc7rRTz38U=
2,9,hGLrefimoqLNsvvJrPpmibmxNDs=,GIQ/gdi8AAA6zgUa2/vhKqI+kIY=
2,14,hGLrefimoqLNsvvJrPpmibmxNDs=,pvZd0GyN79GHnVOH7/iunuDCIy8=
2,15,hGLrefimoqLNsvvJrPpmibmxNDs=,sMmD/alsQn6nAouXZdHcHIeKzzQ=
2,12,tBLeElKPf8/Hjr7nfLLVp7BCEiA=,fghRUG8iJypLnoXccf/LgMHn2pg=
2,13,tBLeElKPf8/Hjr7nfLLVp7BCEiA=,dbhFH7X87FaFxuDSEDb5dbPWPVY=
2,18,tBLeElKPf8/Hjr7nfLLVp7BCEiA=,Km7Du9CLtktFyxowNNexe+V8kew=
2,19,tBLeElKPf8/Hjr7nfLLVp7BCEiA=,EiAJlahSWmLpDDVMR6/xQDmLPxA=
2,16,tBLeElKPf8/Hjr7nfLLVp7BCEiA=,Pr0ifGMu/S1i7aasCagQBUXvkuY=
2,17,tBLeElKPf8/Hjr7nfLLVp7BCEiA=,eJ7yHFFL+chwDVd2wjzsZHyceCQ=
2,22,fqhvnh7RRXbKpdiZArjC5lG5KTU=,Q/K49P8E1vwHMB7NUok10at4wD4=
2,23,fqhvnh7RRXbKpdiZArjC5lG5KTU=,binrsIU1oNJfHZNMAQ3kwSKfYbs=
2,20,fqhvnh7RRXbKpdiZArjC5lG5KTU=,IVYLSdHwYYQ5/Hm5nQEE8xJofHU=
2,21,fqhvnh7RRXbKpdiZArjC5lG5KTU=,eFWhv7oUT+YzcGsd6JcdOZ/5Dc0=
2,24,fqhvnh7RRXbKpdiZArjC5lG5KTU=,q/gtInU3X3Y00LzG5W+zTB46mF4=
2,25,fqhvnh7RRXbKpdiZArjC5lG5KTU=,pmXzve44fTUsQb1UjMgdd0Vuk1c=
3,3,fqhvnh7RRXbKpdiZArjC5lG5KTU=,0zstt5WgVKqgnGtWEqWNyNQ0T14=
3,2,7uCXuvmplsA45+Sc5ND4gZJwjLU=,VFqIWYzqxFP2db2Dn9ejWvioeiM=
3,1,7uCXuvmplsA45+Sc5ND4gZJwjLU=,l4xLzQKcdJysPPqZ4kj6NqF7MsE=
3,0,7uCXuvmplsA45+Sc5ND4gZJwjLU=,Poarnumw9dWv+MYwivo59Thzb7g=
3,7,7uCXuvmplsA45+Sc5ND4gZJwjLU=,1L61DyRFLrhjAcBZsi8qyAH8PyM=
3,6,qsRw/D0Nrz0HCl7HVliDkewWcIA=,37RUhvpiTGD5jAfYoSAePRMlHBU=
3,5,qsRw/D0Nrz0HCl7HVliDkewWcIA=,37RUhvpiTGD5jAfYoSAePRMlHBU=
3,4,qsRw/D0Nrz0HCl7HVliDkewWcIA=,mUlYct7ucg1F/R/9E2KyTaqa8Ho=
3,11,qsRw/D0Nrz0HCl7HVliDkewWcIA=,WZ9Xf28dnx3ZAajdHpRdVl3IFJE=
3,10,qsRw/D0Nrz0HCl7HVliDkewWcIA=,RASyq2ZZAoIWrnGme2cJGjDvCUw=
3,9,0E600zrKCIF4id/sVIecrodv/74=,2s2NsG+VIk4WhYuf2XGeYPN6498=
3,8,0E600zrKCIF4id/sVIecrodv/74=,q2gEcFadsoQ+ugMZMPvZqTMJtaQ=
3,15,0E600zrKCIF4id/sVIecrodv/74=,3MmM/yLQ6w+aChPBA4KBP71hvsg=
3,14,0E600zrKCIF4id/sVIecrodv/74=,snDhKP2LhPaWCpbhEvzHIdM7P30=
3,13,0E600zrKCIF4id/sVIecrodv/74=,WbT2hy8yPP2wz5E0zAj08tN/qjg=
3,12,0E600zrKCIF4id/sVIecrodv/74=,226D8Mz/CCMiimbM5PUBP7b50gE=
3,19,0E600zrKCIF4id/sVIecrodv/74=,FObREX2ciXrhiBmwwRni8Fzgbwg=
3,18,OKN6Be2mfkkBBAop1tA54AuEUzg=,8YzkLLrNX/N+RocRFgo2pPrjx4o=
3,17,OKN6Be2mfkkBBAop1tA54AuEUzg=,uoEeeVSJdJUJWBVoDiwM08xQZ9c=
3,16,OKN6Be2mfkkBBAop1tA54AuEUzg=,rJutAETXcWr3JUx3avsSb1XnM6M=
3,23,OKN6Be2mfkkBBAop1tA54AuEUzg=,a7YRa81yDpm9X3MP06KEaFrEV3c=
3,22,OKN6Be2mfkkBBAop1tA54AuEUzg=,pEPDBdf3f64Xz0RqSwevCoZMM3Q=
3,21,OKN6Be2mfkkBBAop1tA54AuEUzg=,z4lUC0BxrveQ9fUchw5osNNRc2Q=
3,20,m8IhPNO03tCSjRa3S/rzcaI36FI=,7Z0138K8Iv6HCecYM7QYZT6p67w=
3,25,m8IhPNO03tCSjRa3S/rzcaI36FI=,Sf9Kphey9qPu11LU5OtSYp0Z/gw=
3,24,m8IhPNO03tCSjRa3S/rzcaI36FI=,Bg9cgZUSz36VxP0R4IMO+CExIHc=
4,4,m8IhPNO03tCSjRa3S/rzcaI36FI=,+7wx8S1+HNVUol+tIcuMDj3z6qo=
4,5,m8IhPNO03tCSjRa3S/rzcaI36FI=,YGfMgL5MJ8bGRewXppg/NOtmR5A=
4,6,m8IhPNO03tCSjRa3S/rzcaI36FI=,5ZGIviHv8pjDxY/SrP0aCvHeGJE=
4,7,emy6IgFSeF14daFTbdiYrRjx/Vo=,npEy0tU/eJ41DGy/XHMuxc8DMcw=
4,0,emy6IgFSeF14daFTbdiYrRjx/Vo=,4UI+mKEugfSodmEfeErCs8hsDos=
4,1,emy6IgFSeF14daFTbdiYrRjx/Vo=,/ZlmnOlno5WKBY/0nOu5+c2EINY=
4,2,emy6IgFSeF14daFTbdiYrRjx/Vo=,o5SJSj8BDYF43AiiqymSUlo4n64=
4,3,DoUA0Ou5DA589+M1mtkb4QoU1rM=,J0CgBrbeAkGWZTJPq+EmU9cTAao=
4,12,DoUA0Ou5DA589+M1mtkb4QoU1rM=,q2gEcFadsoQ+ugMZMPvZqTMJtaQ=
4,13,DoUA0Ou5DA589+M1mtkb4QoU1rM=,q2gEcFadsoQ+ugMZMPvZqTMJtaQ=
4,14,DoUA0Ou5DA589+M1mtkb4QoU1rM=,SowlNzzoSHmsNgtoCS7+ot/7NM0=
4,15,DoUA0Ou5DA589+M1mtkb4QoU1rM=,E5pdwBpz1ty5lIYaZVb5aoQrA3E=
4,8,DoUA0Ou5DA589+M1mtkb4QoU1rM=,q2gEcFadsoQ+ugMZMPvZqTMJtaQ=
4,9,0x/it4eguLoS8FRH/FttYzqTXxY=,q2gEcFadsoQ+ugMZMPvZqTMJtaQ=
4,10,0x/it4eguLoS8FRH/FttYzqTXxY=,q2gEcFadsoQ+ugMZMPvZqTMJtaQ=
4,11,0x/it4eguLoS8FRH/FttYzqTXxY=,q2gEcFadsoQ+ugMZMPvZqTMJtaQ=
4,20,0x/it4eguLoS8FRH/FttYzqTXxY=,xnmTVD9nSpghUYThUq5/dKRjrTw=
4,21,0x/it4eguLoS8FRH/FttYzqTXxY=,tF4lDQTA9z7iAqJJJpmurUYWunA=
4,22,0x/it4eguLoS8FRH/FttYzqTXxY=,+1XAtkecTnEVcJPbDv1gjxdtW9o=
4,23,z8ii0IfYfJzmyM1JiZTNsRQ0p7c=,VIyqD2naTm7TTeN97d/oYCYw1dQ=
4,16,z8ii0IfYfJzmyM1JiZTNsRQ0p7c=,D+6occUCpWXIBLrmAnBAPGcBGUw=
4,17,z8ii0IfYfJzmyM1JiZTNsRQ0p7c=,QuHtd46EAkwve6tVCM2BrFhg5Fk=
4,18,z8ii0IfYfJzmyM1JiZTNsRQ0p7c=,xbXa4Jj+K4No86mAnTRSFw/OvGA=
4,19,z8ii0IfYfJzmyM1JiZTNsRQ0p7c=,E/09xKUA1RmObVasxkNP+gS1iLY=
4,24,LCyeVWJk6Fxnm7Aw09RUbYNYVm8=,7IkjhJXTRdg82WrijHNgWeC6wYk=
4,25,LCyeVWJk6Fxnm7Aw09RUbYNYVm8=,z9OKJ+Lq5yEFHpDxY4Nss/mAyIU=
5,5,LCyeVWJk6Fxnm7Aw09RUbYNYVm8=,XQw8pFk2PZvC9fp+nZ8T3bShXqo=
5,4,LCyeVWJk6Fxnm7Aw09RUbYNYVm8=,Sy2zq5DggP+3E6tYxqF3EVVQw/I=
5,7,LCyeVWJk6Fxnm7Aw09RUbYNYVm8=,6f1G+hh7gpXXogtIHb0MgNpW/eM=
5,6,LCyeVWJk6Fxnm7Aw09RUbYNYVm8=,8dObWNK2VMycEV4kj1yVj29tqVM=
5,1,LCyeVWJk6Fxnm7Aw09RUbYNYVm8=,KHi1qWjkMSpxur8xu3xdMat1fJM=
5,0,tKMxie47Rat7lS+LjTDvZ+0/3k4=,rTL7x3jlojsoomdltpO7+lEYqyM=
5,3,tKMxie47Rat7lS+LjTDvZ+0/3k4=,sAOnzltV0IKexOIFbSjIE6H+CRE=
5,2,tKMxie47Rat7lS+LjTDvZ+0/3k4=,jGaf2OzDLmeP1vWLriNJg89XzLE=
5,13,tKMxie47Rat7lS+LjTDvZ+0/3k4=,QhndxtVUJ7lFyYS/XlPmcNDGanI=
5,12,tKMxie47Rat7lS+LjTDvZ+0/3k4=,q2gEcFadsoQ+ugMZMPvZqTMJtaQ=
5,15,QEjBaOc/SoFouGlwX4ejMY5yFiI=,t8xRBCKF4eKpv4TDC6T2hUfK6vY=
5,14,QEjBaOc/SoFouGlwX4ejMY5yFiI=,Fre0nCvG/1J3UYbGqOJgaOaA7tE=
5,9,QEjBaOc/SoFouGlwX4ejMY5yFiI=,G5yqseVDuH7V5a6uTL59YHDHl1U=
5,8,QEjBaOc/SoFouGlwX4ejMY5yFiI=,q2gEcFadsoQ+ugMZMPvZqTMJtaQ=
5,11,QEjBaOc/SoFouGlwX4ejMY5yFiI=,q2gEcFadsoQ+ugMZMPvZqTMJtaQ=
5,10,QEjBaOc/SoFouGlwX4ejMY5yFiI=,UgAZnlCMtO4U5bcE2Ikl6i7Onlw=
5,21,7YU6zciO4gY7cYEiOvLQnocRmpM=,tF4lDQTA9z7iAqJJJpmurUYWunA=
5,20,7YU6zciO4gY7cYEiOvLQnocRmpM=,EIK9yJEQkK0CAn+3xcqNLA20WBI=
5,23,7YU6zciO4gY7cYEiOvLQnocRmpM=,+wYgfcv0Zn+2623XGwepB3SPd4I=
5,22,7YU6zciO4gY7cYEiOvLQnocRmpM=,/oKU3+OD8vbvV3S8YHL6q5Ixac4=
5,17,7YU6zciO4gY7cYEiOvLQnocRmpM=,tF4lDQTA9z7iAqJJJpmurUYWunA=
5,16,yyX8rvnOIjGN3lnH0Ry3beLT88M=,tF4lDQTA9z7iAqJJJpmurUYWunA=
5,19,yyX8rvnOIjGN3lnH0Ry3beLT88M=,Dp39S3PukPOHhUfMqY52l9Ys5qg=
5,18,yyX8rvnOIjGN3lnH0Ry3beLT88M=,u6rpo3jTD9phePovYTk4PSohSWk=
5,24,yyX8rvnOIjGN3lnH0Ry3beLT88M=,dVPl9djufLxaE27tdogLP4T6T+4=
6,6,yyX8rvnOIjGN3lnH0Ry3beLT88M=,q/oUqi89MaZbdzTXrbWGo6ypnP8=
6,7,zW9VpL1WnlXYvlVfQF2duZ8PrEA=,q/oUqi89MaZbdzTXrbWGo6ypnP8=
6,4,zW9VpL1WnlXYvlVfQF2duZ8PrEA=,o74/smGkNAFEsolMvlCUQ3yFTtE=
6,5,zW9VpL1WnlXYvlVfQF2duZ8PrEA=,q/oUqi89MaZbdzTXrbWGo6ypnP8=
6,2,zW9VpL1WnlXYvlVfQF2duZ8PrEA=,u9A4byZfnxlXcNFV41CvTNniJW4=
6,3,zW9VpL1WnlXYvlVfQF2duZ8PrEA=,o74/smGkNAFEsolMvlCUQ3yFTtE=
6,0,P+108vWdmzILQNuJ4Opze1ejcMc=,/D/aA2N6sSIARuYnPl8Sj+5zHQg=
6,1,P+108vWdmzILQNuJ4Opze1ejcMc=,1ZnONQ5mQ6fUgqNYpEmH8EviUsM=
6,14,P+108vWdmzILQNuJ4Opze1ejcMc=,WdNBX7HPrVUsiigHbxAtPk2+Q8o=
6,15,P+108vWdmzILQNuJ4Opze1ejcMc=,54hvjOf29jZ5C+TNMWiNNum97/k=
6,12,P+108vWdmzILQNuJ4Opze1ejcMc=,q2gEcFadsoQ+ugMZMPvZqTMJtaQ=
6,13,v3j2UdTOI0GkX8zncz3QM9SLHus=,dGCcEXH3w4EiDAXePqKQZ0YoZuM=
6,10,v3j2UdTOI0GkX8zncz3QM9SLHus=,cW5vCF3ImuoAKM+LSdgaDKxB7RQ=
6,11,v3j2UdTOI0GkX8zncz3QM9SLHus=,q2gEcFadsoQ+ugMZMPvZqTMJtaQ=
6,8,v3j2UdTOI0GkX8zncz3QM9SLHus=,q2gEcFadsoQ+ugMZMPvZqTMJtaQ=
6,9,v3j2UdTOI0GkX8zncz3QM9SLHus=,TtzbxTFTWptfKz3hXVLwEv7nop4=
6,22,v3j2UdTOI0GkX8zncz3QM9SLHus=,lW6+UMTqfloY7BCO8oPz3H34/Ik=
6,23,emT3RSNpZHg/dRD/HR5UrYa+hFM=,61nEATZEOye0a38x56mfCn10W8s=
6,20,emT3RSNpZHg/dRD/HR5UrYa+hFM=,x3FIvMz8nvOiprdh3gZPvfcamKk=
6,21,emT3RSNpZHg/dRD/HR5UrYa+hFM=,FjrWvG9wd8TfU/VXJsOF6tubJr0=
6,18,emT3RSNpZHg/dRD/HR5UrYa+hFM=,huekYamd9VoLAwOz0d1e8aoscB0=
6,19,emT3RSNpZHg/dRD/HR5UrYa+hFM=,zoEyuXz7x4CQMcGdFcfT5BZgSIs=
6,16,emT3RSNpZHg/dRD/HR5UrYa+hFM=,tF4lDQTA9z7iAqJJJpmurUYWunA=
6,17,eZ6EYLn7A/L/B7oK1mBzMlZjXec=,tF4lDQTA9z7iAqJJJpmurUYWunA=
6,24,eZ6EYLn7A/L/B7oK1mBzMlZjXec=,dVPl9djufLxaE27tdogLP4T6T+4=
7,7,eZ6EYLn7A/L/B7oK1mBzMlZjXec=,q/oUqi89MaZbdzTXrbWGo6ypnP8=
7,6,eZ6EYLn7A/L/B7oK1mBzMlZjXec=,q/oUqi89MaZbdzTXrbWGo6ypnP8=
7,5,eZ6EYLn7A/L/B7oK1mBzMlZjXec=,q/oUqi89MaZbdzTXrbWGo6ypnP8=
7,4,JjdXTMoxV6nt0/7UyIci6BvXNU8=,q/oUqi89MaZbdzTXrbWGo6ypnP8=
7,3,JjdXTMoxV6nt0/7UyIci6BvXNU8=,q/oUqi89MaZbdzTXrbWGo6ypnP8=
7,2,JjdXTMoxV6nt0/7UyIci6BvXNU8=,q/oUqi89MaZbdzTXrbWGo6ypnP8=
7,1,JjdXTMoxV6nt0/7UyIci6BvXNU8=,q/oUqi89MaZbdzTXrbWGo6ypnP8=
7,0,JjdXTMoxV6nt0/7UyIci6BvXNU8=,q/oUqi89MaZbdzTXrbWGo6ypnP8=
7,15,+974/Fph7u5zRK7gRuounn3jhfA=,Vb8+SW+8e9D2z2cr9mdgqj+rsCE=
7,14,+974/Fph7u5zRK7gRuounn3jhfA=,QVAXyCswEE5vNWDlI0ohYng61hE=
7,13,+974/Fph7u5zRK7gRuounn3jhfA=,Ot+Y03YKoGbLx/OH14hEcHwbsok=
7,12,+974/Fph7u5zRK7gRuounn3jhfA=,q2gEcFadsoQ+ugMZMPvZqTMJtaQ=
7,11,+974/Fph7u5zRK7gRuounn3jhfA=,q2gEcFadsoQ+ugMZMPvZqTMJtaQ=
7,10,+974/Fph7u5zRK7gRuounn3jhfA=,in07RuDC2nap/5xzJfS0ovtaXHs=
7,9,TCMex+Sj5vVZShwTsa4QABtw3UQ=,JVcedpQqc+4GlC1VuzQRnjK3DRo=
7,8,TCMex+Sj5vVZShwTsa4QABtw3UQ=,q2gEcFadsoQ+ugMZMPvZqTMJtaQ=
7,23,TCMex+Sj5vVZShwTsa4QABtw3UQ=,Tmum1G1jIBcrkupI3BhuN0+8M4g=
7,22,TCMex+Sj5vVZShwTsa4QABtw3UQ=,A58hP+HVyWx8//XKTq6009wsPpU=
7,21,TCMex+Sj5vVZShwTsa4QABtw3UQ=,LZr+5/49f3U9V5YWLbY4hTsy7Zc=
7,20,6rYlubxPsWhU95QVmZcsKxzYBgQ=,afNqSSIwxPGR3Zp27B7osJMF39E=
7,19,6rYlubxPsWhU95QVmZcsKxzYBgQ=,+tpzhb66Kefv1/ee9SfMOyEjzVs=
7,18,6rYlubxPsWhU95QVmZcsKxzYBgQ=,38bAaVu15fsFb9mcojSNAsQbCQ0=
7,17,6rYlubxPsWhU95QVmZcsKxzYBgQ=,tF4lDQTA9z7iAqJJJpmurUYWunA=
7,16,6rYlubxPsWhU95QVmZcsKxzYBgQ=,tF4lDQTA9z7iAqJJJpmurUYWunA=
7,24,kQ3uzB8cBFqOab4NCNqsc0sYOJ8=,dVPl9djufLxaE27tdogLP4T6T+4=
8,8,kQ3uzB8cBFqOab4NCNqsc0sYOJ8=,rOHRmCxhuyUZ2d8kedJBX5AdO8w=
8,9,kQ3uzB8cBFqOab4NCNqsc0sYOJ8=,VhSBgPfd4BOZ0CPjYuGt34SSnW8=
8,10,kQ3uzB8cBFqOab4NCNqsc0sYOJ8=,uOgDVv0IWnANH9rcL1Kuj0yv/uw=
8,11,kQ3uzB8cBFqOab4NCNqsc0sYOJ8=,rRM0gfKHreSmo8rnYDmb2uKm10A=
8,12,kQ3uzB8cBFqOab4NCNqsc0sYOJ8=,0S99on9BuNkQ3tKupG5yPVAodyE=
8,13,pXUXRPzLhvGExEnvIwQWwIHXSpw=,0S99on9BuNkQ3tKupG5yPVAodyE=
8,14,pXUXRPzLhvGExEnvIwQWwIHXSpw=,0S99on9BuNkQ3tKupG5yPVAodyE=
8,15,pXUXRPzLhvGExEnvIwQWwIHXSpw=,0S99on9BuNkQ3tKupG5yPVAodyE=
8,0,pXUXRPzLhvGExEnvIwQWwIHXSpw=,CK7nRJAGlPmPexbN5eH7iDJHH5k=
8,1,pXUXRPzLhvGExEnvIwQWwIHXSpw=,4qPD7xcFiRJ45Wubxvpmhok0494=
8,2,fgKIGOvbmFsAOcqQOpVxlDF2EhQ=,a+AHoqtrvj237IQwBPWaxwXwwqA=
8,3,fgKIGOvbmFsAOcqQOpVxlDF2EhQ=,Dt2IkAMGmsHHOCVuU7Uk2XKynbs=
8,4,fgKIGOvbmFsAOcqQOpVxlDF2EhQ=,Af7jQ8x7bHes42lESlRyagJaZ/0=
8,5,fgKIGOvbmFsAOcqQOpVxlDF2EhQ=,Af7jQ8x7bHes42lESlRyagJaZ/0=
8,6,fgKIGOvbmFsAOcqQOpVxlDF2EhQ=,Af7jQ8x7bHes42lESlRyagJaZ/0=
8,7,fgKIGOvbmFsAOcqQOpVxlDF2EhQ=,Af7jQ8x7bHes42lESlRyagJaZ/0=
8,24,TpwiSE361uWzuvD1fvvVRUoWexk=,Af7jQ8x7bHes42lESlRyagJaZ/0=
8,16,TpwiSE361uWzuvD1fvvVRUoWexk=,nA8wQ41dTYXhhjhYGcMR4EXtNls=
8,17,DLNFgc8TJueaXW3pUSHNKUJ2Bxw=,nA8wQ41dTYXhhjhYGcMR4EXtNls=
8,18,DLNFgc8TJueaXW3pUSHNKUJ2Bxw=,nA8wQ41dTYXhhjhYGcMR4EXtNls=
8,19,DLNFgc8TJueaXW3pUSHNKUJ2Bxw=,nA8wQ41dTYXhhjhYGcMR4EXtNls=
8,20,DLNFgc8TJueaXW3pUSHNKUJ2Bxw=,nA8wQ41dTYXhhjhYGcMR4EXtNls=
8,21,DLNFgc8TJueaXW3pUSHNKUJ2Bxw=,nA8wQ41dTYXhhjhYGcMR4EXtNls=
8,22,DLNFgc8TJueaXW3pUSHNKUJ2Bxw=,nA8wQ41dTYXhhjhYGcMR4EXtNls=
8,23,DLNFgc8TJueaXW3pUSHNKUJ2Bxw=,nA8wQ41dTYXhhjhYGcMR4EXtNls=
9,9,DLNFgc8TJueaXW3pUSHNKUJ2Bxw=,ZJJihrJ+rXwnFcHz/PfMO9WU1ho=
9,8,xaH/mX2TLySfaL3NhESKa4pEBfw=,fg+0jquCGJpFrKtQUG+tolc9B9Y=
9,11,xaH/mX2TLySfaL3NhESKa4pEBfw=,L00Epw4jZcrX+LIhImdpXHrmAEA=
9,10,xaH/mX2TLySfaL3NhESKa4pEBfw=,Rm0Fm1IZI0phPVWw5RBFd2lldi4=
9,13,xaH/mX2TLySfaL3NhESKa4pEBfw=,0S99on9BuNkQ3tKupG5yPVAodyE=
9,12,xaH/mX2TLySfaL3NhESKa4pEBfw=,wYxYwicH2vA75QaFDH8l0FSUcag=
9,15,t7SwbIgs4xA2cBOG8Uro3GqWEc8=,0S99on9BuNkQ3tKupG5yPVAodyE=
9,14,t7SwbIgs4xA2cBOG8Uro3GqWEc8=,0S99on9BuNkQ3tKupG5yPVAodyE=
9,1,t7SwbIgs4xA2cBOG8Uro3GqWEc8=,oRQwybii2+/Y1Y1SWP42sWiUsZA=
9,0,t7SwbIgs4xA2cBOG8Uro3GqWEc8=,fKLTmVNr/TVwvvjB6S02bMGLMY8=
9,3,t7SwbIgs4xA2cBOG8Uro3GqWEc8=,Aw0/AEoXKIG8iuC7r1WBm+3xdlQ=
9,2,t7SwbIgs4xA2cBOG8Uro3GqWEc8=,Il7Nq7Yuy8c6/lGTJQbnhxPLNkg=
9,5,+4FC1Q8QdfB/FTHMA1bUSBERuPY=,Af7jQ8x7bHes42lESlRyagJaZ/0=
9,4,+4FC1Q8QdfB/FTHMA1bUSBERuPY=,Af7jQ8x7bHes42lESlRyagJaZ/0=
9,7,+4FC1Q8QdfB/FTHMA1bUSBERuPY=,Af7jQ8x7bHes42lESlRyagJaZ/0=
9,6,+4FC1Q8QdfB/FTHMA1bUSBERuPY=,Af7jQ8x7bHes42lESlRyagJaZ/0=
9,17,+4FC1Q8QdfB/FTHMA1bUSBERuPY=,nA8wQ41dTYXhhjhYGcMR4EXtNls=
9,16,pJjUuGvMumXiGzndU4QE2D803S0=,nA8wQ41dTYXhhjhYGcMR4EXtNls=
9,19,pJjUuGvMumXiGzndU4QE2D803S0=,nA8wQ41dTYXhhjhYGcMR4EXtNls=
9,18,pJjUuGvMumXiGzndU4QE2D803S0=,nA8wQ41dTYXhhjhYGcMR4EXtNls=
9,21,pJjUuGvMumXiGzndU4QE2D803S0=,nA8wQ41dTYXhhjhYGcMR4EXtNls=
9,20,pJjUuGvMumXiGzndU4QE2D803S0=,nA8wQ41dTYXhhjhYGcMR4EXtNls=
9,23,p/Ilr0HiCs/aosjcEJvmYlVCvHI=,nA8wQ41dTYXhhjhYGcMR4EXtNls=
9,22,p/Ilr0HiCs/aosjcEJvmYlVCvHI=,nA8wQ41dTYXhhjhYGcMR4EXtNls=
10,10,p/Ilr0HiCs/aosjcEJvmYlVCvHI=,fS8KiDs5FJRrpf4ZITlIkIvOw64=
10,11,p/Ilr0HiCs/aosjcEJvmYlVCvHI=,ChxQkQ81R5b8HP8/Grg+98scezQ=
10,8,p/Ilr0HiCs/aosjcEJvmYlVCvHI=,RBZAwTCBk+q8kUz+aDjm0glKnb4=
10,9,a/leeUORWkS3ipxWDgxUGY7Puj0=,sm8D7pWrydIIkWCYA78QNS4Jbss=
10,14,a/leeUORWkS3ipxWDgxUGY7Puj0=,0S99on9BuNkQ3tKupG5yPVAodyE=
10,15,a/leeUORWkS3ipxWDgxUGY7Puj0=,0S99on9BuNkQ3tKupG5yPVAodyE=
10,12,a/leeUORWkS3ipxWDgxUGY7Puj0=,KMCI5mZEUUT2xLs32jtX+6QRzEY=
10,13,bOWegB6hesXmYIqqCv+Hjl1feOA=,0S99on9BuNkQ3tKupG5yPVAodyE=
10,2,bOWegB6hesXmYIqqCv+Hjl1feOA=,UPirDUJDR4g725FLC8InawVOjlI=
10,3,bOWegB6hesXmYIqqCv+Hjl1feOA=,y9298s7aV/cqZQUgP25NF1rxamk=
10,0,bOWegB6hesXmYIqqCv+Hjl1feOA=,XZNh5HXNP8tjkW6P2emOVK5cFRI=
10,1,bOWegB6hesXmYIqqCv+Hjl1feOA=,O+Wo1O5LyOzFEhb+VdTs85nngXc=
10,6,bOWegB6hesXmYIqqCv+Hjl1feOA=,Af7jQ8x7bHes42lESlRyagJaZ/0=
10,7,aUbCdWtVjtVJe/F5wtjlcBP415o=,Af7jQ8x7bHes42lESlRyagJaZ/0=
10,4,aUbCdWtVjtVJe/F5wtjlcBP415o=,Af7jQ8x7bHes42lESlRyagJaZ/0=
10,5,aUbCdWtVjtVJe/F5wtjlcBP415o=,Af7jQ8x7bHes42lESlRyagJaZ/0=
10,18,aUbCdWtVjtVJe/F5wtjlcBP415o=,aBoMcrE1boIkA1Ohbnff/bSgO6Q=
10,19,aUbCdWtVjtVJe/F5wtjlcBP415o=,baSWHxtKi7FmINjwPM3q7EL/rYg=
10,16,aUbCdWtVjtVJe/F5wtjlcBP415o=,nA8wQ41dTYXhhjhYGcMR4EXtNls=
10,17,MpS7atJnTF7FKzoRDaLcdWOz28E=,nA8wQ41dTYXhhjhYGcMR4EXtNls=
10,22,MpS7atJnTF7FKzoRDaLcdWOz28E=,nA8wQ41dTYXhhjhYGcMR4EXtNls=
10,23,MpS7atJnTF7FKzoRDaLcdWOz28E=,nA8wQ41dTYXhhjhYGcMR4EXtNls=
10,20,MpS7atJnTF7FKzoRDaLcdWOz28E=,nA8wQ41dTYXhhjhYGcMR4EXtNls=
10,21,MpS7atJnTF7FKzoRDaLcdWOz28E=,nA8wQ41dTYXhhjhYGcMR4EXtNls=
11,11,MpS7atJnTF7FKzoRDaLcdWOz28E=,/XJHwMUDE6PnUOZAhh+8g31VLRY=
11,10,p/tA66rfHMF/lWokGN3ZEqEpx6Y=,gJhVazSfOxdEHbiGNyQcjV9J2qg=
11,9,p/tA66rfHMF/lWokGN3ZEqEpx6Y=,iXUWQEmcuMqSZ75L5gg97L8t8YU=
11,8,p/tA66rfHMF/lWokGN3ZEqEpx6Y=,g3U/yhf1BVtbRJGRC1BseCu0rEk=
11,15,p/tA66rfHMF/lWokGN3ZEqEpx6Y=,0S99on9BuNkQ3tKupG5yPVAodyE=
11,14,p/tA66rfHMF/lWokGN3ZEqEpx6Y=,0S99on9BuNkQ3tKupG5yPVAodyE=
11,13,YYIfr+SDmBE3N8iKQYGiBZgFYe0=,0S99on9BuNkQ3tKupG5yPVAodyE=
11,12,YYIfr+SDmBE3N8iKQYGiBZgFYe0=,TTdlq4XBfeXMP8iHOSspQFLPoaU=
11,3,YYIfr+SDmBE3N8iKQYGiBZgFYe0=,36Ve1fTfhJVODb/1Odwowe9uEqs=
11,2,YYIfr+SDmBE3N8iKQYGiBZgFYe0=,4cqQvfHL1l5A05SoCK44bOn9Y2w=
11,1,YYIfr+SDmBE3N8iKQYGiBZgFYe0=,QmiJmavm7Kvb++vBU5ApwYLvFJo=
11,0,YYIfr+SDmBE3N8iKQYGiBZgFYe0=,MyzA6U2Q24iR7Mz/4RqfNIp8Xbc=
11,7,T8+LpAJxwn43GMV1+57VN3JtU1U=,Af7jQ8x7bHes42lESlRyagJaZ/0=
11,6,T8+LpAJxwn43GMV1+57VN3JtU1U=,Af7jQ8x7bHes42lESlRyagJaZ/0=
11,5,T8+LpAJxwn43GMV1+57VN3JtU1U=,Af7jQ8x7bHes42lESlRyagJaZ/0=
11,4,T8+LpAJxwn43GMV1+57VN3JtU1U=,biiuF7QXP+Obw+z1nBsLKD7Edss=
11,19,T8+LpAJxwn43GMV1+57VN3JtU1U=,go8CC2/S26+iwjeyotZJwyU6zfg=
11,18,T8+LpAJxwn43GMV1+57VN3JtU1U=,aXKjSXwWMb8ZcNhs3MkVP4W7Xj8=
11,17,vPy2U3sPsy98aaWQ5QRX7o8nXIc=,xVQ6so49NGp6IJS+vigv+rV2L28=
11,16,vPy2U3sPsy98aaWQ5QRX7o8nXIc=,Yl/nSXcK2K0zx73EnL0L0lbKkBw=
11,22,vPy2U3sPsy98aaWQ5QRX7o8nXIc=,nA8wQ41dTYXhhjhYGcMR4EXtNls=
11,21,vPy2U3sPsy98aaWQ5QRX7o8nXIc=,nA8wQ41dTYXhhjhYGcMR4EXtNls=
11,20,vPy2U3sPsy98aaWQ5QRX7o8nXIc=,+WB7zTAFlrcpF1tUO+g1JQGV4To=
12,12,vPy2U3sPsy98aaWQ5QRX7o8nXIc=,j072wLSLuDH3o3+wJC0jWw6aPEQ=
12,13,hdOTUXdzxV99EfO8jHz6wxOydIA=,UKXoMZj5ZjUrzHaf8W7mTYcTY28=
12,14,hdOTUXdzxV99EfO8jHz6wxOydIA=,0S99on9BuNkQ3tKupG5yPVAodyE=
12,15,hdOTUXdzxV99EfO8jHz6wxOydIA=,0S99on9BuNkQ3tKupG5yPVAodyE=
12,8,hdOTUXdzxV99EfO8jHz6wxOydIA=,xRXcVGFhPcvEBNdmMlQdF2SoqI8=
12,9,hdOTUXdzxV99EfO8jHz6wxOydIA=,szt2mW1zaajVJ8lw2WBqHlIgOzs=
12,10,p8cgyScSXdMzDuQyYXa36OMbT5g=,5BKXWLtGZFZ4mKpCxLHWRovpJBk=
12,11,p8cgyScSXdMzDuQyYXa36OMbT5g=,ABVHrvUIn43AhDKYw0keglEksBI=
12,4,p8cgyScSXdMzDuQyYXa36OMbT5g=,aUPobLo4kxcieRD81XZKa2LLv4Y=
12,5,p8cgyScSXdMzDuQyYXa36OMbT5g=,TUnq06uPLV6tJ0diRhgf/FTi+Uw=
12,6,p8cgyScSXdMzDuQyYXa36OMbT5g=,Af7jQ8x7bHes42lESlRyagJaZ/0=
12,7,7GDDmrnkVnbZ6o2qQXE3V8j9UbQ=,Af7jQ8x7bHes42lESlRyagJaZ/0=
12,0,7GDDmrnkVnbZ6o2qQXE3V8j9UbQ=,ykfb+NIMN+9Eg8ntSz9i8G1ulOk=
12,1,7GDDmrnkVnbZ6o2qQXE3V8j9UbQ=,eVvpztFvjEHuiHf+ugas5UWxUQA=
12,2,7GDDmrnkVnbZ6o2qQXE3V8j9UbQ=,qnBT/Qw1WjVXzeAdc5rXVwc3YaE=
12,3,7GDDmrnkVnbZ6o2qQXE3V8j9UbQ=,svrkJ+Z3Zi8+WcRZL+237CPrBkw=
12,20,7GDDmrnkVnbZ6o2qQXE3V8j9UbQ=,GLa+Rk/aF9/7tjcB6P1ccqbOSGw=
12,21,YwnovnTkl5+2KydmSpYEDfAq4Ns=,nA8wQ41dTYXhhjhYGcMR4EXtNls=
12,22,YwnovnTkl5+2KydmSpYEDfAq4Ns=,nA8wQ41dTYXhhjhYGcMR4EXtNls=
12,16,YwnovnTkl5+2KydmSpYEDfAq4Ns=,nA8wQ41dTYXhhjhYGcMR4EXtNls=
12,17,YwnovnTkl5+2KydmSpYEDfAq4Ns=,nA8wQ41dTYXhhjhYGcMR4EXtNls=
12,18,YwnovnTkl5+2KydmSpYEDfAq4Ns=,nnBF5tlMSalYa2zgL3XoZ14nWME=
12,19,G+D/0SV61o24la/6zHHlONHeEXg=,gdpItgZFiOu2pq9Xm9jR14/yl3Q=
13,13,G+D/0SV61o24la/6zHHlONHeEXg=,X7cxPBQyaQxNAB4nnYUQCu/xwf8=
13,12,G+D/0SV61o24la/6zHHlONHeEXg=,ygm1gZtubbmV1XqQTXRlIZybNAw=
13,15,G+D/0SV61o24la/6zHHlONHeEXg=,0S99on9BuNkQ3tKupG5yPVAodyE=
13,14,G+D/0SV61o24la/6zHHlONHeEXg=,/zf6QcWcUyNOi9PUR+6LyPW1VQc=
13,9,G+D/0SV61o24la/6zHHlONHeEXg=,qiX6B603Uyp+odmqG7rWSO6bC/Y=
13,8,nvJAu9bwF+eVcDZjaHIu5yrFiFo=,08HZs/Ags9NRIpD6YQbcw2lDsI8=
13,11,nvJAu9bwF+eVcDZjaHIu5yrFiFo=,DD5V/kw6BS2TQ28LZLqYVAkNIHQ=
13,10,nvJAu9bwF+eVcDZjaHIu5yrFiFo=,YBYaaIziIdz7i27veDEyIHoD+v0=
13,5,nvJAu9bwF+eVcDZjaHIu5yrFiFo=,xZevAXgtiirHFvxHL1UqBpozBZs=
13,4,nvJAu9bwF+eVcDZjaHIu5yrFiFo=,gYT5VWB8SmHmN8tN/ZB+JKgve7o=
13,7,Jl9SYZR3/4MKcqRAmQYka/GBUIg=,TUnq06uPLV6tJ0diRhgf/FTi+Uw=
13,6,Jl9SYZR3/4MKcqRAmQYka/GBUIg=,TUnq06uPLV6tJ0diRhgf/FTi+Uw=
13,1,Jl9SYZR3/4MKcqRAmQYka/GBUIg=,x/gGh1kS6Rv3mSvCPHVd2EfwWT4=
13,0,Jl9SYZR3/4MKcqRAmQYka/GBUIg=,EUYxhp5ftiRN9bhsjB9wFFebhx0=
13,3,Jl9SYZR3/4MKcqRAmQYka/GBUIg=,EN5a/HzklN6c44lfOujdMVT/iYE=
13,2,pDjoB7i7tsBFuOqZMTjs1UbxF4Q=,f1BQPfJe19YLXwkdEctLO7F9SxA=
13,21,pDjoB7i7tsBFuOqZMTjs1UbxF4Q=,nA8wQ41dTYXhhjhYGcMR4EXtNls=
13,20,pDjoB7i7tsBFuOqZMTjs1UbxF4Q=,nA8wQ41dTYXhhjhYGcMR4EXtNls=
13,17,pDjoB7i7tsBFuOqZMTjs1UbxF4Q=,s9RJqTQjcWs1DvoeJypCE8kdDMA=
13,16,pDjoB7i7tsBFuOqZMTjs1UbxF4Q=,ea5t6/NcjqyLCMDJJqoZLzduYO8=
13,19,BkYTnYkO5vr1xrsdPFX2MXhZuc0=,JR6nw/ptpPVqHGV3ISOaoHcFmc4=
13,18,BkYTnYkO5vr1xrsdPFX2MXhZuc0=,V7aS+yNQUiRZHugEy//iKJU8Df0=
14,14,BkYTnYkO5vr1xrsdPFX2MXhZuc0=,enATbcjD+oRTvsEkiQXaR8CAPpU=
14,15,BkYTnYkO5vr1xrsdPFX2MXhZuc0=,uxxPMyQqnRnAJhEeowEyIVSgIuU=
14,12,BkYTnYkO5vr1xrsdPFX2MXhZuc0=,EVtpH4fXckwQvQ1Qw5rqTC/J0qQ=
14,13,BkYTnYkO5vr1xrsdPFX2MXhZuc0=,eQ8QzG465OMQTPVXuNaffG764NQ=
14,10,1t1Z89HZSM2Iq1tGmoW4k8O2VD8=,FgXH4k8G+B6RBBzMkk0C3aCeXbk=
14,11,1t1Z89HZSM2Iq1tGmoW4k8O2VD8=,sDX8oED+d9/9148ixf0SMlD53tQ=
14,8,1t1Z89HZSM2Iq1tGmoW4k8O2VD8=,lpQolQwgnBLNxpMZ7Tk4ZDKP88A=
14,9,1t1Z89HZSM2Iq1tGmoW4k8O2VD8=,5JA+t+KjGXdA6y9cmQNN4upb6Wk=
14,6,MQjCUwZMrfJ5fCl5HxnlrAAUPag=,lLrkxGAvPyzhyCeC3C7sL4+pyXk=
14,7,MQjCUwZMrfJ5fCl5HxnlrAAUPag=,ZAXj3n3YmJONEII+BlaSQO1u0Ho=
14,4,MQjCUwZMrfJ5fCl5HxnlrAAUPag=,GBrg4mUus5CVup1/uAlvF7ct21c=
14,5,MQjCUwZMrfJ5fCl5HxnlrAAUPag=,ROdDfHbPugKy2MmTgiQ9brehSoA=
14,2,MQjCUwZMrfJ5fCl5HxnlrAAUPag=,7E4/gqmWl//7M4WVojkNyDew43I=
14,3,tbQNpp4quFVQBf+3C32/U+JrIls=,Af7jQ8x7bHes42lESlRyagJaZ/0=
14,0,tbQNpp4quFVQBf+3C32/U+JrIls=,xmz0KjY4X9XkFVCJxkxMFqtKW3M=
14,1,tbQNpp4quFVQBf+3C32/U+JrIls=,N+qMbvHg9zRflCdEeTKTEriA8Gc=
14,20,tbQNpp4quFVQBf+3C32/U+JrIls=,nA8wQ41dTYXhhjhYGcMR4EXtNls=
14,21,tbQNpp4quFVQBf+3C32/U+JrIls=,nA8wQ41dTYXhhjhYGcMR4EXtNls=
14,18,DyVd69grxq/I1QcrQICvboozsJc=,CrRBf5b7o6CftDNve0VP58NoPAI=
14,19,DyVd69grxq/I1QcrQICvboozsJc=,+blhDfTbSjLF7GuI0TUR826hXPg=
14,16,DyVd69grxq/I1QcrQICvboozsJc=,BAJ9JGvvK52t3oS2xifhkBS9Akk=
14,17,DyVd69grxq/I1QcrQICvboozsJc=,TyeK5njmTsp6958nHDrQ0dg+u50=
15,15,DyVd69grxq/I1QcrQICvboozsJc=,gPeyxPP2WpIYu2DsjLo9Wa+sRRs=
15,14,DyVd69grxq/I1QcrQICvboozsJc=,MwJzdNZP5jDXo3Wxw8nmfYROALQ=
15,13,J9DCYy/DwDLpbaZ91+gsobkPKSA=,LWwiGtdqGsjTRTqvg0A//WEKXhE=
15,12,J9DCYy/DwDLpbaZ91+gsobkPKSA=,5451WC5/jKn0RxzrIrXf9dtoeOE=
15,11,J9DCYy/DwDLpbaZ91+gsobkPKSA=,XSMA9zpJxMAVRi7BkeFjTpb9CC0=
15,10,J9DCYy/DwDLpbaZ91+gsobkPKSA=,DDfzUXoFZdj0vGavRoMQj8cK7vA=
15,9,J9DCYy/DwDLpbaZ91+gsobkPKSA=,ZoPYCHxjtxsSQmZdxb7j63nQrB8=
15,8,vu4Ntx2hWlxdE7+qe4hvT2dGAY4=,4IJlBhN9LtSuUl+EnBISCb0VPHo=
15,7,vu4Ntx2hWlxdE7+qe4hvT2dGAY4=,sMDSOGutWLu8HsXxV3CVXfu/+P4=
15,6,vu4Ntx2hWlxdE7+qe4hvT2dGAY4=,2IKiaYR1Qa33nIp9Oh3ZINrKywc=
15,5,vu4Ntx2hWlxdE7+qe4hvT2dGAY4=,AD3hidep97rugBRGnnzD+Ts44pM=
15,4,vu4Ntx2hWlxdE7+qe4hvT2dGAY4=,lyMYxgcHUC0GvAayViF1sQVVe+E=
15,3,KcOBZIRUKhbAebYd4lWmDPot5aE=,Af7jQ8x7bHes42lESlRyagJaZ/0=
15,2,KcOBZIRUKhbAebYd4lWmDPot5aE=,Tk3oU6ddyeibKB/8pd+EWZkNpKI=
15,1,KcOBZIRUKhbAebYd4lWmDPot5aE=,UUni51lImsffqBtwXa7gqvyb22k=
15,0,KcOBZIRUKhbAebYd4lWmDPot5aE=,6avLhT7C2eCIHLnqiW+Ym0gzcqY=
15,20,3yIdzDOOeIpe49sQjApZzyLiAB0=,nA8wQ41dTYXhhjhYGcMR4EXtNls=
15,19,3yIdzDOOeIpe49sQjApZzyLiAB0=,nOHcvVWTIkk+umBXTi+ax/lEqTE=
15,18,3yIdzDOOeIpe49sQjApZzyLiAB0=,vdv7t56cc0guRRCz6ATS+fCP+y0=
15,17,3yIdzDOOeIpe49sQjApZzyLiAB0=,czeE3yoXB+VIr5Mnb1FNqoaMNKk=
15,16,3yIdzDOOeIpe49sQjApZzyLiAB0=,A83lbntk5aAtxa7q3QDBUfI4Yms=
16,16,3yIdzDOOeIpe49sQjApZzyLiAB0=,hdY7G/jT48stOaZouPgyIcQ7pE4=
16,17,3yIdzDOOeIpe49sQjApZzyLiAB0=,hdY7G/jT48stOaZouPgyIcQ7pE4=
16,18,yYlV94puuVPXC1MGkU2B5JUIn8M=,hdY7G/jT48stOaZouPgyIcQ7pE4=
16,19,yYlV94puuVPXC1MGkU2B5JUIn8M=,hdY7G/jT48stOaZouPgyIcQ7pE4=
16,0,Y1sGPP/JOawqibP14b6vPNZkRyA=,xFPv3knowewM7pw2Ta2SCpfO1CA=
16,1,Y1sGPP/JOawqibP14b6vPNZkRyA=,xFPv3knowewM7pw2Ta2SCpfO1CA=
16,2,Y1sGPP/JOawqibP14b6vPNZkRyA=,xFPv3knowewM7pw2Ta2SCpfO1CA=
16,3,5ctjLR1+JBkkuQ5vQEHrH3veuh8=,xFPv3knowewM7pw2Ta2SCpfO1CA=
16,4,5ctjLR1+JBkkuQ5vQEHrH3veuh8=,xFPv3knowewM7pw2Ta2SCpfO1CA=
16,5,5ctjLR1+JBkkuQ5vQEHrH3veuh8=,xFPv3knowewM7pw2Ta2SCpfO1CA=
16,6,5ctjLR1+JBkkuQ5vQEHrH3veuh8=,xFPv3knowewM7pw2Ta2SCpfO1CA=
16,7,5ctjLR1+JBkkuQ5vQEHrH3veuh8=,xFPv3knowewM7pw2Ta2SCpfO1CA=
16,8,5ctjLR1+JBkkuQ5vQEHrH3veuh8=,Sw/d7b0HiUdmjakfn8cZ9mkx4x0=
16,9,5ctjLR1+JBkkuQ5vQEHrH3veuh8=,Sw/d7b0HiUdmjakfn8cZ9mkx4x0=
16,10,5ctjLR1+JBkkuQ5vQEHrH3veuh8=,Sw/d7b0HiUdmjakfn8cZ9mkx4x0=
16,11,5ctjLR1+JBkkuQ5vQEHrH3veuh8=,Sw/d7b0HiUdmjakfn8cZ9mkx4x0=
16,12,5ctjLR1+JBkkuQ5vQEHrH3veuh8=,Sw/d7b0HiUdmjakfn8cZ9mkx4x0=
16,13,zvSIRbi6ft+qYGm01FCcHJzGOVY=,Sw/d7b0HiUdmjakfn8cZ9mkx4x0=
16,14,zvSIRbi6ft+qYGm01FCcHJzGOVY=,DVwXSV3bQ0Njbhk2ILPPmp+QpmE=
16,15,zvSIRbi6ft+qYGm01FCcHJzGOVY=,sEvkNjuq+ctKC7Cetse8i9T96kA=
17,17,zvSIRbi6ft+qYGm01FCcHJzGOVY=,8G5vT2l5FQsoKKYr1VeNBOzlzNY=
17,16,zvSIRbi6ft+qYGm01FCcHJzGOVY=,hdY7G/jT48stOaZouPgyIcQ7pE4=
17,18,zvSIRbi6ft+qYGm01FCcHJzGOVY=,qwMZEvS8qjYtX9Ko1DpgZt4caaE=
17,1,UfGWuS7gUIZIIyZk/YExUfQShgw=,xFPv3knowewM7pw2Ta2SCpfO1CA=
17,0,UfGWuS7gUIZIIyZk/YExUfQShgw=,xFPv3knowewM7pw2Ta2SCpfO1CA=
17,3,UfGWuS7gUIZIIyZk/YExUfQShgw=,xFPv3knowewM7pw2Ta2SCpfO1CA=
17,2,UfGWuS7gUIZIIyZk/YExUfQShgw=,xFPv3knowewM7pw2Ta2SCpfO1CA=
17,5,T58Ks7d/Ace54rdFGRzyHindh8Q=,41JumLHuDt1K056qA4R/G2EWrQU=
17,4,T58Ks7d/Ace54rdFGRzyHindh8Q=,xFPv3knowewM7pw2Ta2SCpfO1CA=
17,7,T58Ks7d/Ace54rdFGRzyHindh8Q=,3WhIMpX87UMzISulvWDzj+fAC+I=
17,6,T58Ks7d/Ace54rdFGRzyHindh8Q=,SXaH9YLGTqwb4sZj9zqoZX08pHs=
17,9,T58Ks7d/Ace54rdFGRzyHindh8Q=,Sw/d7b0HiUdmjakfn8cZ9mkx4x0=
17,8,H3aefbbcZy+Po3b+zKm9JbAs3FY=,Sw/d7b0HiUdmjakfn8cZ9mkx4x0=
17,11,H3aefbbcZy+Po3b+zKm9JbAs3FY=,Sw/d7b0HiUdmjakfn8cZ9mkx4x0=
17,10,H3aefbbcZy+Po3b+zKm9JbAs3FY=,Sw/d7b0HiUdmjakfn8cZ9mkx4x0=
17,13,H3aefbbcZy+Po3b+zKm9JbAs3FY=,Sw/d7b0HiUdmjakfn8cZ9mkx4x0=
17,12,H3aefbbcZy+Po3b+zKm9JbAs3FY=,Sw/d7b0HiUdmjakfn8cZ9mkx4x0=
17,15,H3aefbbcZy+Po3b+zKm9JbAs3FY=,+E0PJ//NDI10oZ51o/Ntki581+s=
17,14,fmj250x+/pDbYRhxUvs8bXkSvYg=,7R7AE9xwDvtcYsq3b6Lw132Bmsk=
18,18,fmj250x+/pDbYRhxUvs8bXkSvYg=,XRVrK4eJhs09i7baWPYlfGhvCFw=
18,16,fmj250x+/pDbYRhxUvs8bXkSvYg=,hdY7G/jT48stOaZouPgyIcQ7pE4=
18,17,fmj250x+/pDbYRhxUvs8bXkSvYg=,+ywB/o/+YP+O1k0WCkCrSkqXkj8=
18,2,fmj250x+/pDbYRhxUvs8bXkSvYg=,xFPv3knowewM7pw2Ta2SCpfO1CA=
18,3,fmj250x+/pDbYRhxUvs8bXkSvYg=,xFPv3knowewM7pw2Ta2SCpfO1CA=
18,0,fmj250x+/pDbYRhxUvs8bXkSvYg=,xFPv3knowewM7pw2Ta2SCpfO1CA=
18,1,fyB/77VqVBdakOdfXCfNUQoox3g=,xFPv3knowewM7pw2Ta2SCpfO1CA=
18,6,fyB/77VqVBdakOdfXCfNUQoox3g=,nC158vBz2UILRatTKU/dp0hPEx8=
18,7,fyB/77VqVBdakOdfXCfNUQoox3g=,va5oIIsxCb5C+wOGguMcTfH5o9k=
18,4,fyB/77VqVBdakOdfXCfNUQoox3g=,ta9BZuviyUurp2ASoB8fPL+yq1w=
18,5,fSy/LJVMyOwTrK1P7CppC239j1A=,ZNq6XZSv5dGrjTGL0+tXp+Qa22Q=
18,10,fSy/LJVMyOwTrK1P7CppC239j1A=,Sw/d7b0HiUdmjakfn8cZ9mkx4x0=
18,11,fSy/LJVMyOwTrK1P7CppC239j1A=,Sw/d7b0HiUdmjakfn8cZ9mkx4x0=
18,8,fSy/LJVMyOwTrK1P7CppC239j1A=,Sw/d7b0HiUdmjakfn8cZ9mkx4x0=
18,9,fSy/LJVMyOwTrK1P7CppC239j1A=,Sw/d7b0HiUdmjakfn8cZ9mkx4x0=
18,14,47fBwP+uu2wz7euDuxzyivFrwfs=,VXn/+COU2ytOyrVtHM9eMzzRimk=
18,15,47fBwP+uu2wz7euDuxzyivFrwfs=,C8H6iWupVLx1wf6PE30Z7i8Va0c=
18,12,47fBwP+uu2wz7euDuxzyivFrwfs=,Sw/d7b0HiUdmjakfn8cZ9mkx4x0=
18,13,47fBwP+uu2wz7euDuxzyivFrwfs=,XU5CIAnlD5aVjutBKwtaarSf5P4=
19,16,47fBwP+uu2wz7euDuxzyivFrwfs=,hdY7G/jT48stOaZouPgyIcQ7pE4=
19,3,47fBwP+uu2wz7euDuxzyivFrwfs=,xFPv3knowewM7pw2Ta2SCpfO1CA=
19,2,+3HnnV4anpwx7UFxPX54aSCYQME=,xFPv3knowewM7pw2Ta2SCpfO1CA=
19,1,+3HnnV4anpwx7UFxPX54aSCYQME=,xFPv3knowewM7pw2Ta2SCpfO1CA=
19,0,+3HnnV4anpwx7UFxPX54aSCYQME=,xFPv3knowewM7pw2Ta2SCpfO1CA=
19,7,+3HnnV4anpwx7UFxPX54aSCYQME=,gVxE79BYXSCCwUc4sRos0UzS60o=
19,6,+3HnnV4anpwx7UFxPX54aSCYQME=,JWLl3PkbT9m8N3ZAt9/fTgMUZyc=
19,5,1fkDi2VkoHZs9sIMlE24+d4PANY=,nvbaZS3XPJ48ajxMmtIybkl7iU8=
19,4,1fkDi2VkoHZs9sIMlE24+d4PANY=,xFPv3knowewM7pw2Ta2SCpfO1CA=
19,11,1fkDi2VkoHZs9sIMlE24+d4PANY=,JZmAXBslKNw4wTduPMy87MhKjXA=
19,10,1fkDi2VkoHZs9sIMlE24+d4PANY=,4xfDThc6BkGiXHEj53VnhHe4mfU=
19,9,1fkDi2VkoHZs9sIMlE24+d4PANY=,Sw/d7b0HiUdmjakfn8cZ9mkx4x0=
19,8,N1SSBTJbEHDJririmhC9tvJD6Kg=,Sw/d7b0HiUdmjakfn8cZ9mkx4x0=
19,15,N1SSBTJbEHDJririmhC9tvJD6Kg=,SU6r/MQ6Y6mDFJvK1YReJMLqfXg=
19,14,N1SSBTJbEHDJririmhC9tvJD6Kg=,5W4m+y65hUkakXcjwrNMvVKXPpY=
19,13,N1SSBTJbEHDJririmhC9tvJD6Kg=,C3xBfhk7QQnby3BwPNZuisKhTxg=
19,12,N1SSBTJbEHDJririmhC9tvJD6Kg=,Sw/d7b0HiUdmjakfn8cZ9mkx4x0=
20,4,XOE/65vejRF+ZcSyRby3/Ujrkmo=,wtzxkqQS7Ic9kZCIcYDwVPGgACo=
20,5,XOE/65vejRF+ZcSyRby3/Ujrkmo=,ZBlOtg0zNQwfHwKM1xqQ9bzkJ+c=
20,6,XOE/65vejRF+ZcSyRby3/Ujrkmo=,OgcsMuglQxGRqaE+e/B01HA+UnU=
20,7,XOE/65vejRF+ZcSyRby3/Ujrkmo=,lO+dyABu3AIAg8EI8dMCsz2dNyQ=
20,0,XOE/65vejRF+ZcSyRby3/Ujrkmo=,xFPv3knowewM7pw2Ta2SCpfO1CA=
20,1,QnrYqPyn6QsQ8kwIuD6RT3EbfrE=,xFPv3knowewM7pw2Ta2SCpfO1CA=
20,2,QnrYqPyn6QsQ8kwIuD6RT3EbfrE=,xFPv3knowewM7pw2Ta2SCpfO1CA=
20,3,QnrYqPyn6QsQ8kwIuD6RT3EbfrE=,JIYLX7j1zDKivaIGk8MsJHvJnkg=
20,12,QnrYqPyn6QsQ8kwIuD6RT3EbfrE=,JZmAXBslKNw4wTduPMy87MhKjXA=
20,13,QnrYqPyn6QsQ8kwIuD6RT3EbfrE=,9z8ixiBzYmVYUhJgK1RmxI75Zfs=
20,14,QnrYqPyn6QsQ8kwIuD6RT3EbfrE=,udZDJi2Hy6hUXaf+/rpr7xo7txc=
20,15,QnrYqPyn6QsQ8kwIuD6RT3EbfrE=,dJrzQBa5Pu/7AN7i4a0f80m9Ir0=
20,8,0KgxWkI59izqjChVjly/E2bHsYI=,Sw/d7b0HiUdmjakfn8cZ9mkx4x0=
20,9,0KgxWkI59izqjChVjly/E2bHsYI=,zaewQ+nAhGpWmG92sP7R2gdaOaw=
20,10,0KgxWkI59izqjChVjly/E2bHsYI=,ArxErtLJLUv44JL+GlBWyR173qk=
20,11,0KgxWkI59izqjChVjly/E2bHsYI=,qov3aT1JU2e8+lsozMRfXP/+rcE=
21,5,0KgxWkI59izqjChVjly/E2bHsYI=,tcKl9HbnFizVxmVvxN9j9aTI11Y=
21,4,kkxD0WFi2LaJF1PT5/BtiUCQTBw=,q+f0hP1fpSfmGdIMm0YXunyR1X4=
21,7,kkxD0WFi2LaJF1PT5/BtiUCQTBw=,zsU9yE9qSekdgoZdy1P5SBVNnIw=
21,6,kkxD0WFi2LaJF1PT5/BtiUCQTBw=,zsU9yE9qSekdgoZdy1P5SBVNnIw=
21,1,kkxD0WFi2LaJF1PT5/BtiUCQTBw=,a6rSsPieQW+9gCZlg+7ozy4s/qg=
21,0,kkxD0WFi2LaJF1PT5/BtiUCQTBw=,qTp6A+HEuZERC4ICsmC6FfOQJus=
21,3,nMpfR7cLtv+D4uGRkUSFCbHF6Pk=,tma9BHva4WSwM9U8s78smZrQKzQ=
21,2,nMpfR7cLtv+D4uGRkUSFCbHF6Pk=,B06wjcBOUoLPRwKsQVBm7pJ06m8=
21,13,nMpfR7cLtv+D4uGRkUSFCbHF6Pk=,Sw/d7b0HiUdmjakfn8cZ9mkx4x0=
21,12,nMpfR7cLtv+D4uGRkUSFCbHF6Pk=,oxHdcLkJDd4mxMzEojPQsWtM9H4=
21,14,nMpfR7cLtv+D4uGRkUSFCbHF6Pk=,Sw/d7b0HiUdmjakfn8cZ9mkx4x0=
21,9,nMpfR7cLtv+D4uGRkUSFCbHF6Pk=,KfAqNZrQx4Gj6mEBh9htBTdbPZg=
21,8,l2lXN+Y2sbEZcDeQWeL+3ECpQQ4=,bsZoTwgWxOQbYmhpe+YiqtH/HFY=
21,11,l2lXN+Y2sbEZcDeQWeL+3ECpQQ4=,Mst7iOLvoi5k/E5n3bYjWZoCffQ=
21,10,l2lXN+Y2sbEZcDeQWeL+3ECpQQ4=,8jihoVjKX1QwyB7Nii9uk8/7heM=
22,6,l2lXN+Y2sbEZcDeQWeL+3ECpQQ4=,/Ls24/UtRBCT9dfQZRlVUzW4pow=
22,7,l2lXN+Y2sbEZcDeQWeL+3ECpQQ4=,toHJ5qqYmiIh1WTA/aA4kHJELvk=
22,4,l2lXN+Y2sbEZcDeQWeL+3ECpQQ4=,ca2VGomzRjqkAI1gRVh81e3AAxE=
22,5,U0m/mNWrSe9grkDCVyUU6RZDxQg=,Xpx7BrNMe709X7rSFGywXW9Kpes=
22,2,U0m/mNWrSe9grkDCVyUU6RZDxQg=,jHMf08Nn5KtkPZ93pbXnlG096V4=
22,3,U0m/mNWrSe9grkDCVyUU6RZDxQg=,SI1i2UbnQ/ApqXkCouP4Bqa4low=
22,0,U0m/mNWrSe9grkDCVyUU6RZDxQg=,MxMOh1bvukc9da+CJ9PqLtUUWus=
22,1,TB3r782z0xJmHl/d620ve15AmTA=,XUzJuIHUtd9fc+V6KiGoKPcB/F8=
22,12,TB3r782z0xJmHl/d620ve15AmTA=,Sw/d7b0HiUdmjakfn8cZ9mkx4x0=
22,10,TB3r782z0xJmHl/d620ve15AmTA=,Sw/d7b0HiUdmjakfn8cZ9mkx4x0=
22,11,TB3r782z0xJmHl/d620ve15AmTA=,Sw/d7b0HiUdmjakfn8cZ9mkx4x0=
22,8,TB3r782z0xJmHl/d620ve15AmTA=,Sw/d7b0HiUdmjakfn8cZ9mkx4x0=
22,9,sUlOQkrAX//0wpjzGvdXMt2ikJQ=,Sw/d7b0HiUdmjakfn8cZ9mkx4x0=
23,7,sUlOQkrAX//0wpjzGvdXMt2ikJQ=,XGvj52yzgw51OTrKnp3Il/DIQeY=
23,6,sUlOQkrAX//0wpjzGvdXMt2ikJQ=,p3uie8G9B1fOh6z7GhECTJTkGU8=
23,5,sUlOQkrAX//0wpjzGvdXMt2ikJQ=,Ul0mKE+81v7rzXE7UcryvqdHEIE=
23,4,sUlOQkrAX//0wpjzGvdXMt2ikJQ=,xFPv3knowewM7pw2Ta2SCpfO1CA=
23,3,sUlOQkrAX//0wpjzGvdXMt2ikJQ=,TY2ZZZGyubWsOyATxWCHa0sYOmk=
23,2,z/gwdjsurj4AFFV90e/gIQdwsa8=,UY1PqErOTLubc7wYxBnMwmtKGbA=
23,1,z/gwdjsurj4AFFV90e/gIQdwsa8=,HnLiIi8eeHjn+Y880iFPnkg/NDU=
23,0,z/gwdjsurj4AFFV90e/gIQdwsa8=,AuJId1EdfN88yOrcAOqlLJUYpe4=
23,10,z/gwdjsurj4AFFV90e/gIQdwsa8=,Sw/d7b0HiUdmjakfn8cZ9mkx4x0=
23,9,Dp7QNZilCdvf66Vc2JY8CJ6dv0o=,Sw/d7b0HiUdmjakfn8cZ9mkx4x0=
23,8,Dp7QNZilCdvf66Vc2JY8CJ6dv0o=,Sw/d7b0HiUdmjakfn8cZ9mkx4x0=
24,8,Dp7QNZilCdvf66Vc2JY8CJ6dv0o=,moAmYeMerVDZXsBo1SIimz/To3Q=
24,0,vID1NRFst1Ijy50Fhopa1Lj8BeE=,RmtcPfe8S8MrJk4XZTpfUJQc8CY=
24,1,vID1NRFst1Ijy50Fhopa1Lj8BeE=,rUNDygi70dT4ifsExjZYw0j4bdM=
24,2,vID1NRFst1Ijy50Fhopa1Lj8BeE=,RXZLHkcLG/yxJqduX0J/J0Rs3nY=
24,3,vID1NRFst1Ijy50Fhopa1Lj8BeE=,SUeM2r04ZxuFpA2RRx9C7+k3VBE=
24,4,vID1NRFst1Ijy50Fhopa1Lj8BeE=,RmtcPfe8S8MrJk4XZTpfUJQc8CY=
24,5,vID1NRFst1Ijy50Fhopa1Lj8BeE=,RmtcPfe8S8MrJk4XZTpfUJQc8CY=
24,6,vID1NRFst1Ijy50Fhopa1Lj8BeE=,RmtcPfe8S8MrJk4XZTpfUJQc8CY=
24,7,rAD0ej9R/YSj3bk41b0DZsB+S5k=,RmtcPfe8S8MrJk4XZTpfUJQc8CY=
25,1,rAD0ej9R/YSj3bk41b0DZsB+S5k=,6YJe6Pl2umcYnQo7NFfDmCaKYzQ=
25,0,rAD0ej9R/YSj3bk41b0DZsB+S5k=,JsAUXDpoHaJM2VWhdYXY1w70eF0=
25,3,rAD0ej9R/YSj3bk41b0DZsB+S5k=,qySlNeN+dz7EX0GBARAAzXjKjF8=
25,2,rAD0ej9R/YSj3bk41b0DZsB+S5k=,LKgpR+7Zyohh48o8IDGJj+wXV/c=
25,4,rAD0ej9R/YSj3bk41b0DZsB+S5k=,RmtcPfe8S8MrJk4XZTpfUJQc8CY=
